PLAYER_ID,PLAYER_NAME,TEAM,GP,TS_PCT,USG_PCT,ORTG,DRTG,NET_RATING,PACE,PIE,SEASON,PER,BPM,VORP,WS,WS_PER_48
203932,Aaron Gordon,DEN,75,0.602,0.194,117.3,111.1,6.2,99.0,0.096,2021-22,,,,,
1630565,Aaron Henry,PHI,6,0.2,0.149,71.1,127.0,-56.0,105.99,-0.079,2021-22,,,,,
1628988,Aaron Holiday,PHX,63,0.544,0.182,106.8,108.2,-1.4,99.57,0.088,2021-22,,,,,
1630174,Aaron Nesmith,BOS,52,0.507,0.164,107.3,104.3,3.0,100.58,0.048,2021-22,,,,,
1630598,Aaron Wiggins,OKC,50,0.556,0.149,104.5,112.6,-8.1,101.6,0.062,2021-22,,,,,
1627846,Abdel Nader,PHX,14,0.431,0.139,95.1,96.0,-0.9,107.91,0.036,2021-22,,,,,
1630278,Ade Murkey,SAC,1,0.0,0.0,33.3,66.7,-33.3,98.18,0.0,2021-22,,,,,
1629678,Admiral Schofield,ORL,38,0.538,0.143,100.3,113.8,-13.5,99.88,0.055,2021-22,,,,,
1629958,Ahmad Caver,IND,1,1.0,0.5,200.0,66.7,133.3,142.29,0.4,2021-22,,,,,
201143,Al Horford,BOS,69,0.574,0.147,112.8,103.4,9.3,98.03,0.123,2021-22,,,,,
202692,Alec Burks,NYK,81,0.559,0.171,110.3,108.1,2.3,96.97,0.099,2021-22,,,,,
1630758,Aleem Ford,ORL,5,0.35,0.148,98.6,120.7,-22.1,93.68,0.022,2021-22,,,,,
1630197,Aleksej Pokusevski,OKC,61,0.485,0.195,103.6,106.1,-2.5,100.66,0.095,2021-22,,,,,
1627936,Alex Caruso,CHI,41,0.528,0.13,110.5,105.5,5.1,99.49,0.077,2021-22,,,,,
203458,Alex Len,SAC,39,0.577,0.165,106.0,111.4,-5.5,102.74,0.074,2021-22,,,,,
1628035,Alfonzo McKinnie,CHI,17,0.457,0.148,108.6,121.5,-12.9,97.37,0.02,2021-22,,,,,
1628993,Alize Johnson,NOP,23,0.463,0.14,105.1,115.7,-10.6,97.6,0.069,2021-22,,,,,
1630578,Alperen Sengun,HOU,72,0.552,0.214,106.4,116.6,-10.2,101.69,0.099,2021-22,,,,,
1629599,Amir Coffey,LAC,69,0.598,0.154,110.1,111.0,-0.9,100.02,0.086,2021-22,,,,,
203083,Andre Drummond,BKN,73,0.574,0.181,112.2,109.8,2.4,99.27,0.14,2021-22,,,,,
2738,Andre Iguodala,GSW,31,0.478,0.113,105.7,97.0,8.7,99.57,0.103,2021-22,,,,,
203952,Andrew Wiggins,GSW,73,0.56,0.224,111.2,105.4,5.8,99.79,0.097,2021-22,,,,,
1629014,Anfernee Simons,POR,57,0.583,0.244,110.5,112.9,-2.5,98.43,0.102,2021-22,,,,,
203076,Anthony Davis,LAL,40,0.578,0.263,105.9,108.9,-3.0,101.79,0.159,2021-22,,,,,
1630162,Anthony Edwards,MIN,72,0.56,0.262,114.6,110.6,4.0,101.18,0.111,2021-22,,,,,
1630264,Anthony Gill,WAS,44,0.682,0.138,114.7,108.9,5.8,100.53,0.081,2021-22,,,,,
1630237,Anthony Lamb,HOU,2,0.0,0.105,105.9,76.5,29.4,106.2,0.036,2021-22,,,,,
1629717,Armoni Brooks,TOR,54,0.483,0.159,108.3,112.1,-3.8,100.95,0.054,2021-22,,,,,
1629083,Arnoldas Kulboka,CHA,2,0.0,0.071,50.0,150.0,-100.0,108.68,-0.114,2021-22,,,,,
1630559,Austin Reaves,LAL,61,0.6,0.121,110.8,109.0,1.8,101.81,0.076,2021-22,,,,,
203085,Austin Rivers,DEN,67,0.546,0.123,113.0,111.1,1.9,98.91,0.043,2021-22,,,,,
202340,Avery Bradley,LAL,62,0.55,0.119,105.4,111.2,-5.8,100.99,0.045,2021-22,,,,,
1630245,Ayo Dosunmu,CHI,77,0.596,0.138,109.1,114.1,-5.0,100.31,0.07,2021-22,,,,,
1629168,BJ Johnson,ORL,4,0.52,0.169,103.8,113.0,-9.2,97.34,0.083,2021-22,,,,,
1628389,Bam Adebayo,MIA,56,0.608,0.248,113.1,104.9,8.1,97.21,0.161,2021-22,,,,,
203463,Ben McLemore,POR,64,0.567,0.207,101.9,115.0,-13.1,100.73,0.07,2021-22,,,,,
202687,Bismack Biyombo,PHX,36,0.596,0.167,111.8,106.2,5.6,99.44,0.102,2021-22,,,,,
201933,Blake Griffin,BKN,56,0.518,0.167,107.8,112.5,-4.7,101.65,0.091,2021-22,,,,,
1626246,Boban Marjanovic,DAL,23,0.615,0.311,108.3,95.5,12.8,99.23,0.131,2021-22,,,,,
1626171,Bobby Portis,MIL,72,0.571,0.207,114.7,108.5,6.3,101.53,0.117,2021-22,,,,,
203992,Bogdan Bogdanović,ATL,63,0.562,0.212,116.6,112.1,4.5,98.89,0.098,2021-22,,,,,
202711,Bojan Bogdanovic,UTA,69,0.599,0.232,116.2,111.4,4.8,98.59,0.102,2021-22,,,,,
1629626,Bol Bol,ORL,14,0.565,0.16,102.3,101.7,0.5,103.91,0.113,2021-22,,,,,
1630538,Bones Hyland,DEN,69,0.558,0.231,113.4,111.7,1.7,99.84,0.096,2021-22,,,,,
202954,Brad Wanamaker,WAS,23,0.472,0.146,104.0,110.3,-6.4,98.82,0.053,2021-22,,,,,
203078,Bradley Beal,WAS,40,0.539,0.297,107.1,110.5,-3.5,99.36,0.123,2021-22,,,,,
1630527,Brandon Boston,LAC,51,0.481,0.212,102.9,104.9,-2.0,101.71,0.083,2021-22,,,,,
1629634,Brandon Clarke,MEM,64,0.66,0.171,113.2,105.7,7.5,104.61,0.141,2021-22,,,,,
1629164,Brandon Goodwin,CLE,36,0.501,0.177,106.3,112.6,-6.3,96.14,0.088,2021-22,,,,,
1627742,Brandon Ingram,NOP,55,0.554,0.291,112.7,109.4,3.3,98.07,0.139,2021-22,,,,,
202688,Brandon Knight,DAL,5,0.561,0.216,103.6,107.2,-3.6,103.0,0.109,2021-22,,,,,
1630314,Brandon Williams,POR,24,0.476,0.246,101.2,121.6,-20.4,100.92,0.069,2021-22,,,,,
1630296,Braxton Key,DET,11,0.508,0.184,113.2,105.2,8.0,102.5,0.084,2021-22,,,,,
1630271,Brodric Thomas,BOS,12,0.52,0.172,106.7,103.7,3.0,107.86,0.066,2021-22,,,,,
201572,Brook Lopez,MIL,13,0.57,0.211,110.2,111.6,-1.4,102.63,0.081,2021-22,,,,,
1628971,Bruce Brown,BKN,72,0.575,0.146,111.7,112.0,-0.3,100.26,0.093,2021-22,,,,,
1628981,Bruno Fernando,HOU,30,0.671,0.197,100.0,110.1,-10.1,106.17,0.138,2021-22,,,,,
1627854,Bryn Forbes,DEN,75,0.574,0.201,109.3,109.8,-0.5,101.29,0.074,2021-22,,,,,
1627741,Buddy Hield,IND,81,0.548,0.214,111.4,115.1,-3.6,100.47,0.084,2021-22,,,,,
1629604,CJ Elleby,POR,58,0.491,0.143,102.6,116.9,-14.3,100.44,0.06,2021-22,,,,,
203468,CJ McCollum,NOP,62,0.553,0.269,112.1,114.0,-1.9,99.14,0.119,2021-22,,,,,
101139,CJ Miles,BOS,1,0.0,0.0,80.0,180.0,-100.0,123.08,-0.091,2021-22,,,,,
1630595,Cade Cunningham,DET,64,0.504,0.273,106.9,113.1,-6.2,98.71,0.1,2021-22,,,,,
1628997,Caleb Martin,MIA,60,0.611,0.158,111.8,106.2,5.7,98.8,0.094,2021-22,,,,,
1629629,Cam Reddish,NYK,49,0.543,0.213,103.2,113.0,-9.8,100.62,0.079,2021-22,,,,,
1630560,Cam Thomas,BKN,67,0.519,0.212,106.3,112.7,-6.4,100.69,0.089,2021-22,,,,,
1629661,Cameron Johnson,PHX,66,0.625,0.167,110.8,104.6,6.2,102.22,0.105,2021-22,,,,,
1630787,Cameron McGriff,POR,3,0.47,0.122,122.3,115.1,7.3,97.64,0.084,2021-22,,,,,
1628419,Cameron Oliver,ATL,2,0.705,0.167,122.5,123.3,-0.9,99.21,0.104,2021-22,,,,,
1626166,Cameron Payne,PHX,58,0.5,0.235,109.1,102.7,6.3,102.83,0.107,2021-22,,,,,
1627747,Caris LeVert,CLE,58,0.525,0.252,112.7,114.5,-1.8,97.93,0.098,2021-22,,,,,
1630637,Carlik Jones,DEN,5,0.202,0.22,88.7,121.8,-33.1,111.44,0.016,2021-22,,,,,
2546,Carmelo Anthony,LAL,69,0.579,0.195,108.7,111.7,-2.9,103.07,0.089,2021-22,,,,,
1629035,Carsen Edwards,DET,4,0.378,0.179,108.5,114.4,-5.9,100.65,0.042,2021-22,,,,,
1630199,Cassius Stanley,DET,9,0.516,0.148,100.9,105.2,-4.3,101.42,0.056,2021-22,,,,,
1630216,Cassius Winston,WAS,7,0.549,0.184,107.7,111.1,-3.4,97.86,0.02,2021-22,,,,,
1627760,Cat Barber,ATL,3,0.0,0.219,131.0,96.4,34.6,106.46,-0.074,2021-22,,,,,
1626224,Cedi Osman,CLE,66,0.563,0.206,107.5,109.2,-1.8,99.48,0.081,2021-22,,,,,
1628990,Chandler Hutchison,PHX,6,0.694,0.111,109.6,82.4,27.3,110.47,0.067,2021-22,,,,,
1629646,Charles Bassey,PHI,23,0.66,0.152,98.6,107.4,-8.8,99.94,0.128,2021-22,,,,,
1629718,Charlie Brown Jr.,PHI,22,0.346,0.105,99.7,103.4,-3.6,103.05,0.03,2021-22,,,,,
1630602,Chaundee Brown Jr.,ATL,5,0.447,0.146,104.1,112.8,-8.7,101.18,0.049,2021-22,,,,,
1627767,Cheick Diallo,DET,3,0.517,0.145,82.2,132.9,-50.7,112.03,0.075,2021-22,,,,,
1629002,Chimezie Metu,SAC,60,0.546,0.184,106.1,111.8,-5.7,101.5,0.104,2021-22,,,,,
1628449,Chris Boucher,TOR,80,0.57,0.172,111.0,105.7,5.3,97.6,0.111,2021-22,,,,,
1629185,Chris Chiozza,GSW,34,0.407,0.132,100.4,108.3,-7.9,97.32,0.039,2021-22,,,,,
1630537,Chris Duarte,IND,55,0.537,0.207,107.6,109.7,-2.0,99.3,0.089,2021-22,,,,,
101108,Chris Paul,PHX,65,0.581,0.197,115.6,105.5,10.0,100.1,0.15,2021-22,,,,,
1629735,Chris Silva,MIA,10,0.641,0.123,101.5,117.6,-16.1,102.15,0.074,2021-22,,,,,
1626174,Christian Wood,HOU,68,0.595,0.233,106.6,115.7,-9.1,101.9,0.142,2021-22,,,,,
1629643,Chuma Okeke,ORL,70,0.501,0.159,100.3,109.1,-8.8,101.68,0.093,2021-22,,,,,
203991,Clint Capela,ATL,74,0.604,0.149,116.6,113.3,3.3,100.22,0.133,2021-22,,,,,
1629632,Coby White,CHI,61,0.564,0.195,112.3,113.6,-1.2,99.5,0.08,2021-22,,,,,
1628998,Cody Martin,CHA,71,0.579,0.12,113.1,113.0,0.1,100.54,0.08,2021-22,,,,,
203469,Cody Zeller,POR,27,0.627,0.153,108.8,110.9,-2.1,101.2,0.103,2021-22,,,,,
1630175,Cole Anthony,ORL,65,0.519,0.245,105.7,111.1,-5.4,99.82,0.106,2021-22,,,,,
1629012,Collin Sexton,CLE,11,0.523,0.264,99.2,105.0,-5.8,99.96,0.074,2021-22,,,,,
1630557,Corey Kispert,WAS,77,0.586,0.142,113.0,112.9,0.1,98.52,0.067,2021-22,,,,,
202709,Cory Joseph,DET,65,0.579,0.141,105.3,111.7,-6.4,98.63,0.081,2021-22,,,,,
1628591,Craig Sword,WAS,3,0.75,0.125,102.9,94.6,8.3,91.03,0.033,2021-22,,,,,
1626156,D'Angelo Russell,MIN,65,0.544,0.246,114.5,109.8,4.7,102.39,0.114,2021-22,,,,,
201571,D.J. Augustin,LAL,55,0.61,0.139,106.9,117.5,-10.6,100.92,0.071,2021-22,,,,,
1628391,D.J. Wilson,TOR,4,0.773,0.159,100.0,116.5,-16.5,109.18,0.162,2021-22,,,,,
1629610,DaQuan Jeffries,MEM,3,0.5,0.091,89.5,100.0,-10.5,106.46,0.078,2021-22,,,,,
1630227,Daishen Nix,HOU,24,0.48,0.167,104.4,111.0,-6.6,104.29,0.059,2021-22,,,,,
1629751,Dakota Mathias,MEM,6,0.5,0.15,66.7,92.1,-25.4,109.46,0.102,2021-22,,,,,
1630625,Dalano Banton,TOR,64,0.463,0.159,106.6,105.1,1.5,99.8,0.07,2021-22,,,,,
1627745,Damian Jones,SAC,56,0.701,0.163,106.7,113.5,-6.8,100.52,0.11,2021-22,,,,,
203081,Damian Lillard,POR,29,0.55,0.288,113.0,114.8,-1.8,99.37,0.126,2021-22,,,,,
1627814,Damion Lee,GSW,63,0.561,0.156,109.3,106.5,2.8,99.8,0.081,2021-22,,,,,
1628422,Damyean Dotson,NYK,2,0.5,0.089,109.8,110.5,-0.8,92.3,0.064,2021-22,,,,,
1629655,Daniel Gafford,WAS,72,0.708,0.16,108.6,115.5,-6.9,99.27,0.122,2021-22,,,,,
1630187,Daniel Oturu,TOR,3,0.549,0.125,94.8,131.7,-36.8,103.81,0.067,2021-22,,,,,
1628464,Daniel Theis,BOS,47,0.595,0.162,104.4,108.4,-3.9,100.35,0.09,2021-22,,,,,
201568,Danilo Gallinari,ATL,66,0.579,0.182,116.0,112.6,3.4,99.77,0.099,2021-22,,,,,
201980,Danny Green,PHI,62,0.561,0.121,111.5,108.5,3.0,98.81,0.054,2021-22,,,,,
1627863,Danuel House Jr.,UTA,42,0.555,0.146,109.4,105.5,3.8,101.25,0.073,2021-22,,,,,
1629647,Darius Bazley,OKC,69,0.515,0.18,101.8,113.1,-11.3,100.92,0.093,2021-22,,,,,
1629636,Darius Garland,CLE,68,0.576,0.272,113.6,106.9,6.6,97.42,0.134,2021-22,,,,,
201954,Darren Collison,LAL,3,0.286,0.077,98.9,117.2,-18.4,113.65,0.0,2021-22,,,,,
1630561,David Duke Jr.,BKN,22,0.444,0.15,110.7,110.6,0.1,100.48,0.053,2021-22,,,,,
1630525,David Johnson,TOR,2,0.0,0.143,50.0,125.0,-75.0,120.91,-0.167,2021-22,,,,,
1628021,David Nwaba,HOU,46,0.567,0.15,106.9,115.9,-9.0,103.15,0.099,2021-22,,,,,
1630558,Davion Mitchell,SAC,75,0.489,0.202,105.3,111.3,-6.0,100.85,0.074,2021-22,,,,,
202722,Davis Bertans,DAL,56,0.531,0.165,109.5,108.5,1.0,99.72,0.06,2021-22,,,,,
1628432,Davon Reed,DEN,48,0.624,0.117,109.8,109.5,0.3,100.3,0.083,2021-22,,,,,
1630549,Day'Ron Sharpe,BKN,32,0.593,0.205,115.6,108.8,6.9,99.71,0.111,2021-22,,,,,
1628368,De'Aaron Fox,SAC,59,0.549,0.284,112.1,116.5,-4.4,101.88,0.11,2021-22,,,,,
1629631,De'Andre Hunter,ATL,53,0.547,0.194,114.6,113.9,0.7,100.17,0.058,2021-22,,,,,
1629001,De'Anthony Melton,MEM,73,0.529,0.205,112.0,106.4,5.6,103.64,0.103,2021-22,,,,,
201599,DeAndre Jordan,PHI,48,0.641,0.132,100.7,111.5,-10.8,102.03,0.12,2021-22,,,,,
1627761,DeAndre' Bembry,MIL,56,0.601,0.111,110.0,110.5,-0.6,100.84,0.069,2021-22,,,,,
1630610,DeJon Jarreau,IND,1,0.0,0.0,200.0,100.0,100.0,111.41,0.0,2021-22,,,,,
201942,DeMar DeRozan,CHI,76,0.59,0.308,113.1,112.0,1.1,100.04,0.148,2021-22,,,,,
202326,DeMarcus Cousins,DEN,48,0.567,0.267,113.8,111.7,2.2,100.69,0.117,2021-22,,,,,
1629731,Dean Wade,CLE,51,0.584,0.107,105.8,103.8,2.0,97.79,0.068,2021-22,,,,,
1629028,Deandre Ayton,PHX,58,0.656,0.217,117.2,107.7,9.6,100.62,0.148,2021-22,,,,,
1629686,Deividas Sirvydis,DET,3,0.15,0.149,67.2,109.5,-42.3,111.82,0.007,2021-22,,,,,
1627749,Dejounte Murray,SAS,68,0.533,0.268,112.9,111.0,1.9,101.61,0.163,2021-22,,,,,
1626153,Delon Wright,ATL,77,0.576,0.101,111.6,108.8,2.8,99.19,0.097,2021-22,,,,,
1630166,Deni Avdija,WAS,82,0.536,0.158,109.2,110.1,-1.0,99.88,0.086,2021-22,,,,,
203471,Dennis Schröder,HOU,64,0.539,0.223,106.9,107.9,-1.0,98.12,0.098,2021-22,,,,,
1628372,Dennis Smith Jr.,POR,37,0.474,0.173,100.7,110.6,-9.8,101.67,0.095,2021-22,,,,,
1627756,Denzel Valentine,UTA,24,0.523,0.15,101.9,107.0,-5.1,101.08,0.061,2021-22,,,,,
202324,Derrick Favors,OKC,39,0.534,0.131,95.5,106.5,-11.0,99.83,0.096,2021-22,,,,,
1627884,Derrick Jones Jr.,CHI,51,0.633,0.119,112.8,110.1,2.7,101.61,0.069,2021-22,,,,,
201565,Derrick Rose,NYK,26,0.541,0.217,109.1,103.3,5.8,97.53,0.129,2021-22,,,,,
1628476,Derrick Walton Jr.,DET,3,0.342,0.142,103.5,103.0,0.5,103.35,0.048,2021-22,,,,,
1628401,Derrick White,BOS,75,0.549,0.196,111.3,106.4,4.9,100.43,0.101,2021-22,,,,,
1630217,Desmond Bane,MEM,76,0.592,0.226,114.7,107.8,6.9,100.73,0.116,2021-22,,,,,
1626164,Devin Booker,PHX,68,0.576,0.313,117.6,108.1,9.5,101.21,0.137,2021-22,,,,,
1629962,Devin Cannady,ORL,5,0.531,0.156,107.0,109.6,-2.6,99.46,0.044,2021-22,,,,,
1630170,Devin Vassell,SAS,71,0.54,0.184,111.2,110.2,1.0,102.5,0.087,2021-22,,,,,
1629653,Devon Dotson,CHI,11,0.538,0.156,109.6,112.0,-2.4,99.19,0.064,2021-22,,,,,
1629719,Devontae Cacok,SAS,15,0.675,0.122,104.5,106.1,-1.6,104.51,0.153,2021-22,,,,,
1628984,Devonte' Graham,NOP,76,0.514,0.191,111.4,111.1,0.3,98.66,0.081,2021-22,,,,,
203473,Dewayne Dedmon,MIA,67,0.632,0.164,109.5,106.0,3.5,98.33,0.113,2021-22,,,,,
1629712,Didi Louzada,POR,9,0.517,0.13,83.0,112.1,-29.1,100.92,0.042,2021-22,,,,,
1628415,Dillon Brooks,MEM,32,0.515,0.283,116.9,105.9,11.0,101.53,0.091,2021-22,,,,,
1627734,Domantas Sabonis,SAC,62,0.637,0.221,109.5,110.1,-0.6,99.2,0.161,2021-22,,,,,
1628378,Donovan Mitchell,UTA,67,0.572,0.322,117.6,111.7,5.9,98.77,0.135,2021-22,,,,,
1628978,Donte DiVincenzo,SAC,42,0.51,0.187,107.5,111.2,-3.7,102.79,0.08,2021-22,,,,,
1627827,Dorian Finney-Smith,DAL,80,0.604,0.138,114.8,110.4,4.4,94.83,0.076,2021-22,,,,,
203926,Doug McDermott,SAS,51,0.593,0.178,112.3,114.1,-1.8,102.53,0.068,2021-22,,,,,
203110,Draymond Green,GSW,46,0.582,0.14,110.0,102.8,7.2,101.2,0.119,2021-22,,,,,
1629234,Drew Eubanks,POR,71,0.638,0.171,103.1,115.9,-12.8,100.74,0.119,2021-22,,,,,
1630613,Duane Washington Jr.,IND,48,0.521,0.214,110.2,116.1,-5.9,103.32,0.064,2021-22,,,,,
1629130,Duncan Robinson,MIA,79,0.573,0.174,110.4,107.9,2.6,96.48,0.067,2021-22,,,,,
2730,Dwight Howard,LAL,60,0.657,0.145,109.3,115.0,-5.7,100.13,0.112,2021-22,,,,,
203939,Dwight Powell,DAL,82,0.725,0.136,113.2,110.6,2.5,95.12,0.102,2021-22,,,,,
1629685,Dylan Windler,CLE,50,0.519,0.115,101.6,101.6,0.0,97.47,0.069,2021-22,,,,,
202334,Ed Davis,CLE,31,0.632,0.062,99.5,94.9,4.6,97.14,0.075,2021-22,,,,,
203901,Elfrid Payton,PHX,50,0.397,0.175,103.0,105.0,-2.0,102.32,0.067,2021-22,,,,,
1630190,Elijah Hughes,POR,36,0.426,0.158,98.2,121.8,-23.7,102.19,0.037,2021-22,,,,,
1629150,Emanuel Terry,PHX,3,0.0,0.189,60.0,110.3,-50.3,104.12,0.0,2021-22,,,,,
1626144,Emmanuel Mudiay,SAC,2,0.399,0.192,84.0,107.7,-23.7,111.44,0.067,2021-22,,,,,
202683,Enes Freedom,BOS,35,0.585,0.129,111.6,103.8,7.8,98.6,0.105,2021-22,,,,,
202339,Eric Bledsoe,POR,54,0.514,0.198,105.2,106.4,-1.2,99.8,0.095,2021-22,,,,,
201569,Eric Gordon,HOU,57,0.614,0.182,108.6,113.6,-5.1,102.74,0.081,2021-22,,,,,
1629672,Eric Paschall,UTA,58,0.612,0.174,108.9,111.3,-2.3,99.13,0.085,2021-22,,,,,
1630647,Eugene Omoruyi,DAL,4,0.518,0.156,100.0,88.1,11.9,110.46,0.138,2021-22,,,,,
203095,Evan Fournier,NYK,80,0.554,0.201,109.7,112.5,-2.7,97.94,0.074,2021-22,,,,,
1630596,Evan Mobley,CLE,69,0.549,0.201,108.5,106.8,1.7,97.5,0.116,2021-22,,,,,
1630267,Facundo Campazzo,DEN,65,0.503,0.143,102.1,110.7,-8.6,99.38,0.073,2021-22,,,,,
1630624,Feron Hunt,NYK,2,0.0,0.136,72.2,82.4,-10.1,100.4,-0.083,2021-22,,,,,
1628402,Frank Jackson,DET,53,0.53,0.203,104.1,110.9,-6.8,101.18,0.064,2021-22,,,,,
1626163,Frank Kaminsky,PHX,9,0.635,0.185,105.5,96.0,9.6,105.45,0.141,2021-22,,,,,
1628373,Frank Ntilikina,DAL,58,0.513,0.165,106.6,102.3,4.3,99.2,0.073,2021-22,,,,,
1630532,Franz Wagner,ORL,79,0.559,0.208,105.9,110.8,-4.9,100.13,0.102,2021-22,,,,,
1627832,Fred VanVleet,TOR,65,0.552,0.233,112.2,108.5,3.7,96.97,0.118,2021-22,,,,,
1630273,Freddie Gillespie,ORL,9,0.419,0.109,96.7,110.4,-13.6,98.28,0.057,2021-22,,,,,
1627788,Furkan Korkmaz,PHI,67,0.502,0.17,108.8,108.0,0.8,99.33,0.076,2021-22,,,,,
1629216,Gabe Vincent,MIA,68,0.551,0.174,109.1,106.0,3.1,97.65,0.07,2021-22,,,,,
1628221,Gabe York,IND,2,0.435,0.179,105.8,120.4,-14.6,113.78,0.044,2021-22,,,,,
1630466,Gabriel Deck,OKC,7,0.643,0.119,100.0,113.6,-13.6,102.72,0.082,2021-22,,,,,
1630994,Gabriel Lundberg,PHX,4,0.342,0.191,121.4,103.1,18.3,105.88,0.047,2021-22,,,,,
202066,Garrett Temple,NOP,59,0.494,0.136,101.0,114.7,-13.7,99.35,0.057,2021-22,,,,,
1629726,Garrison Mathews,HOU,65,0.602,0.137,110.7,116.5,-5.9,102.47,0.061,2021-22,,,,,
1629109,Gary Clark,NOP,38,0.547,0.11,105.6,107.8,-2.1,101.21,0.087,2021-22,,,,,
203914,Gary Harris,ORL,61,0.571,0.16,104.2,110.1,-5.9,100.66,0.066,2021-22,,,,,
1627780,Gary Payton II,GSW,71,0.679,0.14,110.6,102.3,8.3,100.35,0.114,2021-22,,,,,
1629018,Gary Trent Jr.,TOR,70,0.546,0.212,113.5,110.2,3.3,97.94,0.086,2021-22,,,,,
201588,George Hill,MIL,54,0.552,0.115,112.5,100.8,11.7,101.54,0.073,2021-22,,,,,
1628994,George King,DAL,4,0.085,0.159,87.8,150.0,-62.2,103.96,-0.065,2021-22,,,,,
1627777,Georges Niang,PHI,76,0.594,0.16,110.9,109.0,1.9,98.83,0.066,2021-22,,,,,
1630686,Georgios Kalaitzakis,OKC,13,0.536,0.2,95.7,124.9,-29.3,99.61,0.043,2021-22,,,,,
203507,Giannis Antetokounmpo,MIL,67,0.633,0.34,115.9,107.9,8.0,103.12,0.21,2021-22,,,,,
1629048,Goga Bitadze,IND,50,0.595,0.191,114.0,116.4,-2.4,100.69,0.088,2021-22,,,,,
201609,Goran Dragic,BKN,21,0.474,0.166,112.1,111.7,0.4,102.37,0.072,2021-22,,,,,
202330,Gordon Hayward,CHA,49,0.57,0.202,110.7,111.0,-0.4,102.99,0.102,2021-22,,,,,
203476,Gorgui Dieng,ATL,44,0.624,0.164,100.3,109.5,-9.2,100.22,0.118,2021-22,,,,,
1629684,Grant Williams,BOS,77,0.635,0.123,112.5,108.0,4.5,98.4,0.067,2021-22,,,,,
1628960,Grayson Allen,MIL,66,0.609,0.148,112.5,107.5,5.0,101.69,0.081,2021-22,,,,,
1630535,Greg Brown III,POR,48,0.515,0.168,99.1,116.8,-17.6,101.99,0.064,2021-22,,,,,
202328,Greg Monroe,MIN,14,0.566,0.164,109.8,108.9,0.9,102.88,0.11,2021-22,,,,,
1628977,Hamidou Diallo,DET,58,0.541,0.213,103.1,110.7,-7.6,100.69,0.107,2021-22,,,,,
203084,Harrison Barnes,SAC,77,0.623,0.184,110.0,116.7,-6.7,101.14,0.105,2021-22,,,,,
202355,Hassan Whiteside,UTA,65,0.662,0.164,119.2,109.0,10.1,99.72,0.132,2021-22,,,,,
1629755,Hassani Gravett,ORL,8,0.629,0.13,105.8,107.6,-1.8,95.95,0.084,2021-22,,,,,
1629312,Haywood Highsmith,MIA,19,0.446,0.131,105.6,114.0,-8.5,101.54,0.036,2021-22,,,,,
1630529,Herbert Jones,NOP,78,0.573,0.136,112.2,110.2,2.0,98.84,0.068,2021-22,,,,,
1629649,Ignas Brazdeikis,ORL,42,0.52,0.172,100.6,116.4,-15.7,101.58,0.061,2021-22,,,,,
1630193,Immanuel Quickley,NYK,78,0.543,0.217,111.4,104.8,6.6,96.27,0.11,2021-22,,,,,
1629067,Isaac Bonga,TOR,15,0.363,0.108,84.1,106.7,-22.6,104.87,0.021,2021-22,,,,,
1630171,Isaac Okoro,CLE,67,0.589,0.123,112.4,109.3,3.1,97.54,0.057,2021-22,,,,,
1628392,Isaiah Hartenstein,LAC,68,0.664,0.177,112.1,105.0,7.0,100.73,0.132,2021-22,,,,,
1630543,Isaiah Jackson,IND,36,0.607,0.214,113.3,116.1,-2.8,103.0,0.093,2021-22,,,,,
1630198,Isaiah Joe,PHI,55,0.519,0.144,108.2,106.5,1.7,99.35,0.051,2021-22,,,,,
1630587,Isaiah Livers,DET,19,0.629,0.125,113.8,114.6,-0.8,98.25,0.066,2021-22,,,,,
1629676,Isaiah Roby,OKC,45,0.607,0.185,104.6,113.4,-8.8,102.08,0.101,2021-22,,,,,
1630191,Isaiah Stewart,DET,71,0.55,0.144,102.6,112.1,-9.5,98.58,0.096,2021-22,,,,,
202738,Isaiah Thomas,CHA,22,0.516,0.245,107.8,109.0,-1.3,101.89,0.074,2021-22,,,,,
1630225,Isaiah Todd,WAS,12,0.349,0.188,87.7,103.2,-15.6,99.69,0.033,2021-22,,,,,
202397,Ish Smith,WAS,65,0.465,0.195,107.1,113.8,-6.7,100.71,0.092,2021-22,,,,,
1630688,Ish Wainright,PHX,45,0.494,0.134,106.2,100.6,5.6,103.3,0.043,2021-22,,,,,
1627826,Ivica Zubac,LAC,76,0.66,0.168,108.7,112.2,-3.5,98.13,0.123,2021-22,,,,,
1630550,JT Thor,CHA,33,0.525,0.116,107.2,106.9,0.3,102.46,0.06,2021-22,,,,,
1629630,Ja Morant,MEM,57,0.575,0.33,115.3,111.2,4.1,101.46,0.163,2021-22,,,,,
203210,JaMychal Green,DEN,67,0.587,0.168,106.8,110.3,-3.5,99.32,0.093,2021-22,,,,,
1630605,JaQuori McLaughlin,DAL,4,0.0,0.065,100.0,134.6,-34.6,114.5,-0.021,2021-22,,,,,
201580,JaVale McGee,PHX,74,0.651,0.214,110.4,104.6,5.8,102.0,0.152,2021-22,,,,,
203953,Jabari Parker,BOS,12,0.632,0.191,103.9,104.7,-0.8,99.67,0.117,2021-22,,,,,
1630183,Jaden McDaniels,MIN,70,0.553,0.149,109.9,109.3,0.6,102.49,0.061,2021-22,,,,,
1630531,Jaden Springer,PHI,2,1.0,0.118,69.2,141.7,-72.4,106.51,0.184,2021-22,,,,,
203109,Jae Crowder,PHX,67,0.541,0.146,116.1,105.9,10.2,101.06,0.077,2021-22,,,,,
1630256,Jae'Sean Tate,HOU,78,0.567,0.194,105.3,114.2,-8.9,101.95,0.09,2021-22,,,,,
1630186,Jahmi'us Ramsey,SAC,19,0.468,0.208,112.5,118.5,-6.0,104.12,0.038,2021-22,,,,,
1630693,Jaime Echenique,WAS,1,0.0,0.0,20.0,50.0,-30.0,70.43,0.0,2021-22,,,,,
1627774,Jake Layman,MIN,34,0.5,0.16,105.3,108.7,-3.4,105.34,0.064,2021-22,,,,,
1627751,Jakob Poeltl,SAS,68,0.613,0.182,115.2,111.8,3.4,100.62,0.119,2021-22,,,,,
1628973,Jalen Brunson,DAL,79,0.583,0.215,113.8,109.4,4.4,95.68,0.122,2021-22,,,,,
1630224,Jalen Green,HOU,67,0.547,0.234,105.7,116.9,-11.3,102.5,0.085,2021-22,,,,,
1630552,Jalen Johnson,ATL,22,0.59,0.183,95.8,105.8,-10.0,104.26,0.096,2021-22,,,,,
1629667,Jalen McDaniels,CHA,55,0.595,0.152,111.7,109.1,2.6,100.96,0.082,2021-22,,,,,
1630188,Jalen Smith,IND,51,0.595,0.193,112.0,109.3,2.7,100.73,0.119,2021-22,,,,,
1630591,Jalen Suggs,ORL,48,0.455,0.244,100.6,107.8,-7.1,102.44,0.064,2021-22,,,,,
1630547,James Bouknight,CHA,31,0.459,0.226,108.0,114.2,-6.2,103.73,0.06,2021-22,,,,,
203516,James Ennis III,DEN,7,0.553,0.206,110.1,109.2,0.9,103.17,0.098,2021-22,,,,,
201935,James Harden,PHI,65,0.583,0.266,114.9,111.4,3.5,99.49,0.153,2021-22,,,,,
201949,James Johnson,BKN,62,0.513,0.136,108.9,110.5,-1.6,98.66,0.068,2021-22,,,,,
1630691,Jamorko Pickett,DET,13,0.491,0.133,109.1,108.8,0.3,101.87,0.057,2021-22,,,,,
1630215,Jared Butler,UTA,42,0.509,0.221,112.5,112.6,-0.1,101.73,0.073,2021-22,,,,,
1629607,Jared Harper,NOP,5,0.666,0.287,133.3,123.5,9.8,94.58,0.179,2021-22,,,,,
1628991,Jaren Jackson Jr.,MEM,78,0.535,0.248,113.9,106.0,7.9,101.97,0.096,2021-22,,,,,
1629020,Jarred Vanderbilt,MIN,74,0.612,0.108,115.5,110.5,5.0,101.0,0.103,2021-22,,,,,
1628386,Jarrett Allen,CLE,56,0.698,0.177,110.0,106.7,3.3,97.3,0.16,2021-22,,,,,
1629633,Jarrett Culver,MEM,37,0.433,0.199,104.3,106.6,-2.3,103.26,0.048,2021-22,,,,,
1629600,Jarron Cumberland,POR,3,0.5,0.061,144.0,103.8,40.2,99.38,0.058,2021-22,,,,,
1629602,Javin DeLaurier,MIL,1,0.0,0.0,171.4,114.3,57.1,120.0,0.051,2021-22,,,,,
1629750,Javonte Green,CHI,65,0.637,0.113,113.6,112.0,1.6,100.5,0.077,2021-22,,,,,
1630606,Javonte Smart,MIA,17,0.407,0.154,99.8,110.3,-10.6,100.39,0.039,2021-22,,,,,
1629637,Jaxson Hayes,NOP,70,0.68,0.159,109.7,109.2,0.5,99.98,0.11,2021-22,,,,,
1630643,Jay Huff,LAL,4,0.0,0.083,88.6,52.2,36.5,106.67,0.02,2021-22,,,,,
1630206,Jay Scrubb,LAC,18,0.486,0.188,105.5,98.6,6.9,109.34,0.065,2021-22,,,,,
1627759,Jaylen Brown,BOS,66,0.574,0.298,113.5,103.8,9.8,98.57,0.135,2021-22,,,,,
1629658,Jaylen Hoard,OKC,7,0.536,0.184,101.8,119.1,-17.2,98.58,0.121,2021-22,,,,,
1628537,Jaylen Morris,SAS,3,0.129,0.231,114.3,91.4,22.9,104.78,-0.074,2021-22,,,,,
1629669,Jaylen Nowell,MIN,62,0.581,0.205,114.5,111.7,2.8,103.5,0.108,2021-22,,,,,
1629873,Jaysean Paige,DET,1,0.0,0.211,43.8,113.3,-69.6,112.44,-0.286,2021-22,,,,,
1628369,Jayson Tatum,BOS,76,0.578,0.313,115.5,103.4,12.1,98.12,0.159,2021-22,,,,,
1630288,Jeff Dowtin Jr.,ORL,9,0.353,0.119,97.4,109.6,-12.3,101.76,0.05,2021-22,,,,,
201145,Jeff Green,DEN,75,0.627,0.16,113.3,111.5,1.8,99.56,0.075,2021-22,,,,,
1629203,Jemerrio Jones,LAL,2,0.667,0.083,83.9,121.9,-38.0,102.74,0.069,2021-22,,,,,
203924,Jerami Grant,DET,47,0.556,0.253,102.9,110.7,-7.8,98.31,0.112,2021-22,,,,,
1630526,Jeremiah Robinson-Earl,OKC,49,0.526,0.152,101.1,110.9,-9.8,99.57,0.084,2021-22,,,,,
203087,Jeremy Lamb,SAC,56,0.521,0.189,110.3,109.7,0.6,100.62,0.092,2021-22,,,,,
1630579,Jericho Sims,NYK,41,0.674,0.068,109.3,102.9,6.5,99.02,0.074,2021-22,,,,,
1628975,Jevon Carter,MIL,66,0.531,0.135,107.3,110.3,-3.0,101.81,0.067,2021-22,,,,,
202710,Jimmy Butler III,MIA,57,0.592,0.26,114.4,108.4,6.1,96.49,0.164,2021-22,,,,,
1629111,Jock Landale,SAS,54,0.597,0.172,107.9,109.0,-1.1,103.34,0.097,2021-22,,,,,
203925,Joe Harris,BKN,14,0.624,0.146,106.6,105.6,1.1,102.31,0.068,2021-22,,,,,
204060,Joe Ingles,POR,45,0.551,0.129,111.9,103.7,8.2,99.09,0.077,2021-22,,,,,
2207,Joe Johnson,BOS,1,1.0,0.2,80.0,180.0,-100.0,123.08,0.182,2021-22,,,,,
1630580,Joe Wieskamp,SAS,29,0.494,0.129,106.5,105.1,1.5,101.08,0.039,2021-22,,,,,
1630555,Joel Ayayi,WAS,7,0.167,0.133,94.7,82.5,12.2,92.6,0.059,2021-22,,,,,
203954,Joel Embiid,PHI,68,0.616,0.375,115.6,107.8,7.9,96.96,0.212,2021-22,,,,,
1628381,John Collins,ATL,54,0.61,0.202,113.5,112.7,0.8,98.71,0.119,2021-22,,,,,
1629723,John Konchar,MEM,72,0.615,0.097,109.7,107.0,2.7,101.72,0.102,2021-22,,,,,
1630257,Jon Teske,MEM,3,0.0,0.1,82.4,89.5,-7.1,111.6,0.0,2021-22,,,,,
202685,Jonas Valančiūnas,NOP,74,0.617,0.238,111.4,110.2,1.2,97.63,0.153,2021-22,,,,,
1630228,Jonathan Kuminga,GSW,70,0.6,0.227,109.5,107.5,1.9,99.79,0.098,2021-22,,,,,
1628395,Jordan Bell,CHI,1,0.0,0.0,200.0,175.0,25.0,95.21,-0.033,2021-22,,,,,
203903,Jordan Clarkson,UTA,79,0.532,0.258,115.7,107.0,8.7,98.29,0.097,2021-22,,,,,
1630692,Jordan Goodwin,WAS,2,0.0,0.25,40.0,150.0,-110.0,72.81,-0.286,2021-22,,,,,
1629162,Jordan McLaughlin,MIN,62,0.535,0.115,111.4,109.0,2.4,105.44,0.088,2021-22,,,,,
1629670,Jordan Nwora,MIL,62,0.506,0.187,109.5,112.5,-3.0,103.21,0.072,2021-22,,,,,
1629673,Jordan Poole,GSW,76,0.598,0.252,112.1,105.5,6.6,100.05,0.111,2021-22,,,,,
1630648,Jordan Schakel,WAS,4,0.21,0.191,101.6,93.8,7.9,99.12,0.021,2021-22,,,,,
1630631,Jose Alvarado,NOP,54,0.52,0.174,112.1,104.8,7.3,100.67,0.107,2021-22,,,,,
1630528,Josh Christopher,HOU,74,0.534,0.205,106.9,116.1,-9.2,102.59,0.083,2021-22,,,,,
1630581,Josh Giddey,OKC,54,0.478,0.218,101.1,109.4,-8.3,99.95,0.114,2021-22,,,,,
1630182,Josh Green,DAL,67,0.578,0.13,107.5,103.8,3.7,100.49,0.072,2021-22,,,,,
1628404,Josh Hart,POR,54,0.61,0.184,108.4,113.2,-4.9,99.35,0.117,2021-22,,,,,
1628367,Josh Jackson,SAC,51,0.491,0.196,103.6,112.2,-8.6,100.34,0.066,2021-22,,,,,
1629006,Josh Okogie,MIN,49,0.526,0.115,104.1,101.6,2.5,104.93,0.048,2021-22,,,,,
1626196,Josh Richardson,SAS,65,0.573,0.171,112.3,107.8,4.5,98.91,0.083,2021-22,,,,,
1630563,Joshua Primo,SAS,50,0.487,0.152,107.9,111.2,-3.3,102.04,0.044,2021-22,,,,,
201950,Jrue Holiday,MIL,67,0.593,0.231,118.2,109.7,8.5,101.18,0.126,2021-22,,,,,
1629308,Juan Toscano-Anderson,GSW,73,0.561,0.144,109.8,106.9,2.9,99.03,0.08,2021-22,,,,,
1627823,Juancho Hernangomez,UTA,40,0.542,0.133,113.7,113.3,0.5,97.07,0.075,2021-22,,,,,
203944,Julius Randle,NYK,72,0.509,0.279,108.0,111.6,-3.6,97.68,0.128,2021-22,,,,,
1626147,Justin Anderson,IND,16,0.493,0.149,116.7,116.9,-0.1,100.0,0.067,2021-22,,,,,
1630551,Justin Champagnie,TOR,36,0.571,0.111,115.4,108.0,7.4,99.31,0.07,2021-22,,,,,
203200,Justin Holiday,SAC,74,0.543,0.156,108.8,113.9,-5.1,100.27,0.057,2021-22,,,,,
1628382,Justin Jackson,PHX,7,0.472,0.177,84.4,100.0,-15.6,102.01,0.096,2021-22,,,,,
1629620,Justin Robinson,DET,25,0.404,0.153,93.8,111.3,-17.5,104.54,0.023,2021-22,,,,,
1626159,Justise Winslow,POR,48,0.479,0.178,108.1,105.9,2.1,103.14,0.093,2021-22,,,,,
203994,Jusuf Nurkić,POR,56,0.586,0.233,109.9,110.1,-0.1,98.8,0.142,2021-22,,,,,
1629752,Juwan Morgan,BOS,2,0.833,0.04,106.2,132.3,-26.2,100.76,0.033,2021-22,,,,,
1630231,KJ Martin,HOU,79,0.603,0.158,108.5,115.4,-6.9,102.4,0.095,2021-22,,,,,
1629644,KZ Okpala,MIA,21,0.521,0.141,106.9,104.2,2.7,97.25,0.068,2021-22,,,,,
1630539,Kai Jones,CHA,21,0.628,0.15,93.4,104.4,-11.1,103.76,0.065,2021-22,,,,,
1626157,Karl-Anthony Towns,MIN,74,0.64,0.272,116.9,111.6,5.3,101.48,0.159,2021-22,,,,,
1626208,Keifer Sykes,IND,32,0.456,0.174,108.5,112.9,-4.5,98.86,0.039,2021-22,,,,,
1628966,Keita Bates-Diop,SAS,59,0.578,0.144,107.0,106.2,0.8,102.27,0.092,2021-22,,,,,
1629103,Kelan Martin,BOS,30,0.484,0.18,102.4,108.6,-6.2,98.09,0.06,2021-22,,,,,
1629640,Keldon Johnson,SAS,75,0.574,0.21,113.2,111.1,2.1,101.51,0.102,2021-22,,,,,
1629833,Keljin Blevins,POR,31,0.41,0.161,97.1,124.9,-27.7,100.85,0.025,2021-22,,,,,
203482,Kelly Olynyk,DET,40,0.561,0.207,108.4,113.3,-4.9,101.76,0.105,2021-22,,,,,
1626162,Kelly Oubre Jr.,CHA,76,0.56,0.223,112.3,112.4,-0.2,101.87,0.086,2021-22,,,,,
202689,Kemba Walker,NYK,37,0.537,0.202,105.4,114.5,-9.1,98.92,0.098,2021-22,,,,,
1629026,Kenrich Williams,OKC,49,0.532,0.153,102.0,100.3,1.7,99.24,0.101,2021-22,,,,,
203145,Kent Bazemore,LAL,39,0.451,0.128,99.8,108.7,-8.9,103.78,0.032,2021-22,,,,,
203484,Kentavious Caldwell-Pope,WAS,77,0.568,0.185,109.1,113.8,-4.7,99.28,0.08,2021-22,,,,,
1630553,Keon Johnson,POR,37,0.453,0.207,100.8,119.8,-19.0,99.9,0.052,2021-22,,,,,
1630556,Kessler Edwards,BKN,48,0.516,0.132,112.2,115.5,-3.3,100.72,0.051,2021-22,,,,,
201142,Kevin Durant,BKN,55,0.634,0.31,116.2,109.7,6.5,101.17,0.18,2021-22,,,,,
1628989,Kevin Huerter,ATL,74,0.57,0.169,116.4,112.5,3.8,100.31,0.072,2021-22,,,,,
1628995,Kevin Knox II,ATL,30,0.491,0.187,98.5,113.7,-15.1,102.91,0.067,2021-22,,,,,
201567,Kevin Love,CLE,74,0.594,0.239,108.9,107.4,1.5,99.97,0.152,2021-22,,,,,
1630698,Kevin Pangos,CLE,24,0.408,0.143,104.9,117.1,-12.1,99.17,0.046,2021-22,,,,,
1629645,Kevin Porter Jr.,HOU,61,0.531,0.239,108.3,114.9,-6.7,101.99,0.096,2021-22,,,,,
1626172,Kevon Looney,GSW,82,0.586,0.12,113.2,107.2,6.0,99.65,0.102,2021-22,,,,,
203920,Khem Birch,TOR,55,0.534,0.108,112.3,112.4,-0.1,97.39,0.068,2021-22,,,,,
203114,Khris Middleton,MIL,66,0.577,0.255,115.0,109.6,5.4,102.88,0.122,2021-22,,,,,
1630165,Killian Hayes,DET,66,0.461,0.154,102.6,112.9,-10.3,100.32,0.066,2021-22,,,,,
1629681,Killian Tillie,MEM,36,0.452,0.128,109.2,105.8,3.4,99.68,0.034,2021-22,,,,,
1630184,Kira Lewis Jr.,NOP,24,0.466,0.209,94.9,109.0,-14.1,102.71,0.079,2021-22,,,,,
202691,Klay Thompson,GSW,32,0.547,0.284,111.4,108.0,3.3,101.53,0.114,2021-22,,,,,
1627739,Kris Dunn,POR,14,0.482,0.176,105.8,117.8,-12.0,101.32,0.088,2021-22,,,,,
204001,Kristaps Porziņģis,WAS,51,0.577,0.286,109.9,109.5,0.4,97.92,0.15,2021-22,,,,,
203937,Kyle Anderson,MEM,69,0.506,0.156,110.3,108.3,2.0,103.71,0.105,2021-22,,,,,
1629657,Kyle Guy,MIA,19,0.526,0.182,96.5,110.1,-13.6,103.12,0.064,2021-22,,,,,
1628398,Kyle Kuzma,WAS,66,0.547,0.238,108.2,114.3,-6.1,98.94,0.118,2021-22,,,,,
200768,Kyle Lowry,MIA,63,0.6,0.178,112.5,106.6,5.9,98.25,0.112,2021-22,,,,,
202681,Kyrie Irving,BKN,29,0.592,0.283,118.9,113.8,5.2,100.75,0.135,2021-22,,,,,
200746,LaMarcus Aldridge,BKN,47,0.604,0.219,111.3,111.1,0.1,100.81,0.128,2021-22,,,,,
1630163,LaMelo Ball,CHA,75,0.554,0.271,114.0,112.5,1.5,102.88,0.132,2021-22,,,,,
1630205,Lamar Stevens,CLE,63,0.544,0.169,108.4,109.7,-1.3,98.0,0.068,2021-22,,,,,
202362,Lance Stephenson,IND,46,0.536,0.219,110.4,117.4,-7.0,101.25,0.096,2021-22,,,,,
1629013,Landry Shamet,PHX,69,0.55,0.16,107.8,102.9,4.9,101.89,0.069,2021-22,,,,,
204038,Langston Galloway,MIL,7,0.269,0.118,93.4,100.0,-6.6,102.34,0.029,2021-22,,,,,
1626204,Larry Nance Jr.,NOP,46,0.59,0.128,110.7,112.6,-1.9,98.16,0.098,2021-22,,,,,
1628374,Lauri Markkanen,CLE,61,0.582,0.192,113.9,109.9,3.9,97.7,0.097,2021-22,,,,,
2544,LeBron James,LAL,56,0.619,0.317,110.9,113.5,-2.5,100.92,0.18,2021-22,,,,,
1630195,Leandro Bolmaro,MIN,35,0.419,0.122,102.6,102.5,0.2,105.58,0.038,2021-22,,,,,
1629623,Lindell Wigginton,MIL,19,0.524,0.183,107.3,119.2,-11.8,104.86,0.06,2021-22,,,,,
1630322,Lindy Waters III,OKC,25,0.562,0.166,108.5,113.2,-4.7,102.81,0.082,2021-22,,,,,
1629022,Lonnie Walker IV,SAS,70,0.512,0.232,108.5,111.5,-3.0,102.29,0.083,2021-22,,,,,
1628366,Lonzo Ball,CHI,35,0.575,0.17,110.1,107.0,3.1,100.11,0.097,2021-22,,,,,
101150,Lou Williams,ATL,56,0.5,0.215,110.4,109.5,0.8,99.65,0.083,2021-22,,,,,
1629663,Louis King,SAC,10,0.438,0.195,103.1,115.0,-11.9,104.7,0.047,2021-22,,,,,
1629652,Luguentz Dort,OKC,51,0.541,0.228,101.9,110.1,-8.1,100.75,0.077,2021-22,,,,,
1629029,Luka Dončić,DAL,65,0.571,0.368,113.8,110.3,3.5,96.18,0.191,2021-22,,,,,
1630568,Luka Garza,DET,32,0.535,0.195,104.6,110.9,-6.3,102.18,0.075,2021-22,,,,,
1628379,Luke Kennard,LAC,70,0.619,0.16,110.0,106.6,3.4,98.54,0.095,2021-22,,,,,
1628436,Luke Kornet,BOS,15,0.506,0.112,117.2,106.8,10.4,102.89,0.084,2021-22,,,,,
1630640,MJ Walker,PHX,2,0.0,0.138,70.0,89.5,-19.5,111.52,-0.05,2021-22,,,,,
1630644,Mac McClung,LAL,2,0.621,0.164,124.5,105.4,19.2,107.29,0.024,2021-22,,,,,
1630201,Malachi Flynn,TOR,44,0.488,0.157,109.2,111.8,-2.6,99.97,0.074,2021-22,,,,,
1627763,Malcolm Brogdon,IND,36,0.557,0.241,110.8,111.1,-0.4,98.49,0.129,2021-22,,,,,
1630792,Malcolm Hill,CHI,19,0.619,0.118,107.4,114.7,-7.3,103.2,0.063,2021-22,,,,,
1627736,Malik Beasley,MIN,79,0.544,0.189,112.1,110.1,2.0,103.24,0.081,2021-22,,,,,
1630238,Malik Fitts,BOS,15,0.553,0.139,93.4,109.7,-16.3,103.64,0.103,2021-22,,,,,
1628370,Malik Monk,LAL,76,0.597,0.195,113.2,112.9,0.3,101.65,0.093,2021-22,,,,,
1629005,Malik Newman,CLE,1,0.68,0.438,91.7,83.3,8.3,74.97,0.519,2021-22,,,,,
1629603,Mamadi Diakite,OKC,13,0.54,0.136,95.8,98.9,-3.2,96.93,0.08,2021-22,,,,,
1630585,Marcus Garrett,MIA,12,0.28,0.086,114.1,108.3,5.8,95.45,0.016,2021-22,,,,,
202694,Marcus Morris Sr.,LAC,54,0.549,0.228,109.2,114.0,-4.8,97.78,0.095,2021-22,,,,,
203935,Marcus Smart,BOS,71,0.54,0.179,114.5,105.2,9.3,99.02,0.095,2021-22,,,,,
1628365,Markelle Fultz,ORL,18,0.517,0.265,103.7,109.1,-5.3,103.01,0.134,2021-22,,,,,
202693,Markieff Morris,MIA,17,0.547,0.197,112.4,107.9,4.5,99.27,0.066,2021-22,,,,,
1630250,Marko Simonovic,CHI,9,0.428,0.247,105.4,104.2,1.2,99.59,0.033,2021-22,,,,,
1630210,Markus Howard,DEN,31,0.567,0.264,107.9,112.8,-4.9,102.53,0.087,2021-22,,,,,
1627737,Marquese Chriss,DAL,34,0.518,0.205,105.4,107.5,-2.1,99.91,0.082,2021-22,,,,,
1628963,Marvin Bagley III,DET,48,0.551,0.191,109.3,114.9,-5.6,98.78,0.108,2021-22,,,,,
1630222,Mason Jones,LAL,4,0.625,0.18,114.7,91.9,22.8,104.38,0.126,2021-22,,,,,
203486,Mason Plumlee,CHA,73,0.603,0.117,110.5,109.6,0.9,101.31,0.093,2021-22,,,,,
1629680,Matisse Thybulle,PHI,66,0.594,0.095,110.9,107.2,3.8,97.32,0.057,2021-22,,,,,
1629760,Matt Mooney,NYK,1,0.0,0.4,40.0,140.0,-100.0,124.14,-0.091,2021-22,,,,,
1630346,Matt Ryan,BOS,1,0.3,0.357,116.7,91.7,25.0,109.71,0.0,2021-22,,,,,
1629744,Matt Thomas,CHI,40,0.564,0.137,109.5,108.5,1.1,101.01,0.068,2021-22,,,,,
203090,Maurice Harkless,SAC,47,0.561,0.112,106.7,110.8,-4.2,101.09,0.048,2021-22,,,,,
1629622,Max Strus,MIA,68,0.614,0.177,113.7,108.1,5.6,97.07,0.086,2021-22,,,,,
1628467,Maxi Kleber,DAL,59,0.537,0.131,109.2,105.3,3.9,96.44,0.081,2021-22,,,,,
1630593,McKinley Wright IV,MIN,5,0.833,0.082,102.4,128.2,-25.8,103.04,0.06,2021-22,,,,,
1628982,Melvin Frazier Jr.,OKC,3,0.313,0.191,91.5,130.3,-38.8,98.56,-0.007,2021-22,,,,,
1630695,Micah Potter,DET,3,0.505,0.148,60.3,116.7,-56.4,112.51,0.093,2021-22,,,,,
1629008,Michael Porter Jr.,DEN,9,0.416,0.192,104.5,94.7,9.8,100.33,0.074,2021-22,,,,,
1628969,Mikal Bridges,PHX,82,0.627,0.149,116.7,106.9,9.8,100.59,0.091,2021-22,,,,,
201144,Mike Conley,UTA,72,0.572,0.202,112.5,104.9,7.7,99.63,0.113,2021-22,,,,,
203488,Mike Muscala,OKC,43,0.63,0.198,106.7,104.9,1.8,102.15,0.131,2021-22,,,,,
1628970,Miles Bridges,CHA,80,0.593,0.224,114.5,112.4,2.1,100.98,0.12,2021-22,,,,,
1630540,Miles McBride,NYK,40,0.393,0.137,113.1,100.1,13.0,97.3,0.041,2021-22,,,,,
1629011,Mitchell Robinson,NYK,72,0.722,0.11,109.1,111.2,-2.1,97.08,0.114,2021-22,,,,,
1629671,Miye Oni,UTA,16,0.265,0.095,85.4,118.8,-33.3,104.28,0.003,2021-22,,,,,
1628964,Mo Bamba,ORL,71,0.582,0.17,101.8,111.3,-9.6,100.13,0.114,2021-22,,,,,
1628420,Monte Morris,DEN,75,0.583,0.173,116.3,110.4,6.0,98.55,0.098,2021-22,,,,,
1626149,Montrezl Harrell,CHA,71,0.68,0.198,111.6,108.5,3.0,99.24,0.15,2021-22,,,,,
1629021,Moritz Wagner,ORL,63,0.623,0.224,105.3,112.6,-7.2,102.12,0.124,2021-22,,,,,
1629650,Moses Brown,CLE,40,0.612,0.199,102.4,108.5,-6.2,101.07,0.117,2021-22,,,,,
1630541,Moses Moody,GSW,52,0.573,0.148,104.8,108.9,-4.0,101.0,0.069,2021-22,,,,,
1630589,Moses Wright,DAL,4,0.47,0.139,100.0,121.9,-21.9,104.25,0.106,2021-22,,,,,
1628539,Mychal Mulder,MIA,17,0.438,0.153,100.6,110.8,-10.3,101.29,0.03,2021-22,,,,,
1629619,Myles Powell,PHI,11,0.364,0.163,106.3,121.4,-15.1,102.79,-0.003,2021-22,,,,,
1626167,Myles Turner,IND,42,0.615,0.173,109.7,109.9,-0.3,97.75,0.111,2021-22,,,,,
1630230,Naji Marshall,NOP,55,0.505,0.197,105.7,108.0,-2.2,102.03,0.082,2021-22,,,,,
1629642,Nassir Little,POR,42,0.575,0.155,110.2,111.1,-0.9,98.46,0.091,2021-22,,,,,
1630207,Nate Hinton,IND,2,0.0,0.25,133.3,57.1,76.2,128.57,-0.222,2021-22,,,,,
1630233,Nathan Knight,MIN,37,0.603,0.203,105.5,101.9,3.6,104.06,0.121,2021-22,,,,,
1629675,Naz Reid,MIN,77,0.588,0.209,105.5,107.9,-2.4,103.86,0.103,2021-22,,,,,
1629674,Neemias Queta,SAC,15,0.495,0.176,104.3,108.4,-4.1,100.94,0.062,2021-22,,,,,
202357,Nemanja Bjelica,GSW,71,0.573,0.175,109.2,104.0,5.2,99.35,0.11,2021-22,,,,,
203457,Nerlens Noel,NYK,25,0.581,0.072,104.1,109.8,-5.7,98.91,0.069,2021-22,,,,,
1629651,Nic Claxton,BKN,47,0.672,0.15,109.4,109.8,-0.4,100.65,0.114,2021-22,,,,,
1630208,Nick Richards,CHA,50,0.689,0.147,102.4,115.4,-13.0,103.02,0.086,2021-22,,,,,
1629638,Nickeil Alexander-Walker,UTA,65,0.475,0.237,107.6,110.7,-3.1,99.02,0.072,2021-22,,,,,
201587,Nicolas Batum,LAC,59,0.608,0.13,105.4,109.8,-4.4,99.74,0.096,2021-22,,,,,
203917,Nik Stauskas,BOS,8,0.541,0.184,109.5,90.2,19.3,102.71,0.067,2021-22,,,,,
203999,Nikola Jokić,DEN,74,0.661,0.309,117.3,108.9,8.4,99.46,0.23,2021-22,,,,,
202696,Nikola Vučević,CHI,73,0.533,0.244,111.3,112.8,-1.6,99.04,0.132,2021-22,,,,,
1626181,Norman Powell,LAC,45,0.603,0.231,110.6,118.7,-8.1,99.29,0.094,2021-22,,,,,
203658,Norvel Pelle,UTA,3,0.6,0.152,53.7,107.9,-54.2,99.7,0.122,2021-22,,,,,
1628384,OG Anunoby,TOR,48,0.549,0.204,112.0,108.1,3.9,97.07,0.092,2021-22,,,,,
1630167,Obi Toppin,NYK,72,0.614,0.205,110.9,104.0,6.9,97.48,0.129,2021-22,,,,,
1630846,Olivier Sarr,OKC,22,0.672,0.136,106.0,108.0,-2.0,100.59,0.079,2021-22,,,,,
1630209,Omer Yurtseven,MIA,56,0.546,0.19,113.3,108.0,5.3,98.22,0.127,2021-22,,,,,
1630168,Onyeka Okongwu,ATL,48,0.714,0.137,114.6,109.1,5.5,98.92,0.109,2021-22,,,,,
1629052,Oshae Brissett,IND,67,0.53,0.166,110.8,116.8,-6.0,101.21,0.079,2021-22,,,,,
203490,Otto Porter Jr.,GSW,63,0.581,0.145,110.2,103.3,6.8,100.09,0.12,2021-22,,,,,
200782,P.J. Tucker,MIA,71,0.593,0.116,113.2,107.1,6.2,96.38,0.083,2021-22,,,,,
1629023,P.J. Washington,CHA,65,0.588,0.154,115.0,111.5,3.5,101.48,0.085,2021-22,,,,,
1628408,PJ Dozier,DEN,18,0.463,0.147,96.6,109.5,-12.9,99.32,0.068,2021-22,,,,,
1628238,Paris Bass,PHX,2,0.436,0.36,94.4,93.8,0.7,110.52,0.089,2021-22,,,,,
1627783,Pascal Siakam,TOR,68,0.565,0.257,114.3,109.6,4.8,96.31,0.139,2021-22,,,,,
1626192,Pat Connaughton,MIL,65,0.62,0.137,111.3,112.1,-0.7,101.72,0.089,2021-22,,,,,
201976,Patrick Beverley,MIN,58,0.539,0.158,113.6,109.8,3.7,101.06,0.094,2021-22,,,,,
1630172,Patrick Williams,CHI,17,0.637,0.139,107.8,113.3,-5.5,99.51,0.078,2021-22,,,,,
201988,Patty Mills,BKN,81,0.563,0.16,112.3,110.7,1.5,100.56,0.066,2021-22,,,,,
202331,Paul George,LAC,31,0.538,0.329,108.2,103.9,4.2,99.95,0.148,2021-22,,,,,
200794,Paul Millsap,PHI,33,0.458,0.158,106.9,110.4,-3.5,99.65,0.064,2021-22,,,,,
1630194,Paul Reed,PHI,38,0.568,0.151,107.7,113.9,-6.2,99.08,0.105,2021-22,,,,,
1628778,Paul Watson,OKC,9,0.432,0.106,99.7,117.6,-17.9,101.86,0.048,2021-22,,,,,
1630202,Payton Pritchard,BOS,71,0.578,0.18,109.4,107.2,2.2,98.23,0.107,2021-22,,,,,
1627822,Petr Cornelie,DEN,13,0.418,0.208,102.3,96.5,5.8,109.36,0.046,2021-22,,,,,
1630173,Precious Achiuwa,TOR,73,0.503,0.18,108.7,106.7,1.9,96.88,0.089,2021-22,,,,,
1629656,Quentin Grimes,NYK,46,0.565,0.149,102.0,105.0,-3.0,96.7,0.07,2021-22,,,,,
1629683,Quinndary Weatherspoon,GSW,11,0.647,0.15,110.8,119.4,-8.6,102.33,0.065,2021-22,,,,,
1630181,R.J. Hampton,ORL,64,0.481,0.18,99.1,113.5,-14.5,101.51,0.065,2021-22,,,,,
1629628,RJ Barrett,NYK,70,0.511,0.268,108.3,111.6,-3.3,97.79,0.099,2021-22,,,,,
200765,Rajon Rondo,CLE,39,0.496,0.152,98.9,106.8,-7.8,101.99,0.096,2021-22,,,,,
203526,Raul Neto,WAS,70,0.538,0.18,109.6,112.9,-3.3,99.32,0.085,2021-22,,,,,
1629730,Rayjon Tucker,MIL,5,0.869,0.075,114.8,117.5,-2.7,109.12,0.085,2021-22,,,,,
203493,Reggie Bullock Jr.,DAL,68,0.558,0.128,113.3,106.7,6.6,96.22,0.065,2021-22,,,,,
202704,Reggie Jackson,LAC,75,0.488,0.273,108.2,109.4,-1.3,98.77,0.088,2021-22,,,,,
1629617,Reggie Perry,POR,10,0.537,0.222,100.5,117.1,-16.6,100.22,0.091,2021-22,,,,,
1626158,Richaun Holmes,SAC,45,0.689,0.153,107.2,113.0,-5.8,101.69,0.116,2021-22,,,,,
201937,Ricky Rubio,IND,34,0.488,0.234,108.6,99.5,9.1,100.86,0.111,2021-22,,,,,
1630306,Rob Edwards,OKC,2,0.375,0.227,50.0,109.1,-59.1,92.9,0.08,2021-22,,,,,
203496,Robert Covington,LAC,71,0.572,0.134,110.9,110.2,0.6,99.73,0.08,2021-22,,,,,
1629057,Robert Williams III,BOS,61,0.745,0.112,113.4,103.4,10.0,97.5,0.14,2021-22,,,,,
1630218,Robert Woodard II,SAS,12,0.207,0.158,111.1,94.4,16.7,102.39,0.014,2021-22,,,,,
201577,Robin Lopez,ORL,36,0.57,0.182,103.3,109.7,-6.4,99.78,0.076,2021-22,,,,,
203918,Rodney Hood,LAC,52,0.493,0.106,108.8,107.9,0.8,100.37,0.051,2021-22,,,,,
203585,Rodney McGruder,DET,51,0.577,0.142,105.0,108.7,-3.7,101.56,0.077,2021-22,,,,,
1629641,Romeo Langford,SAS,48,0.52,0.123,104.0,103.1,1.0,99.06,0.061,2021-22,,,,,
1626220,Royce O'Neale,UTA,77,0.608,0.098,115.8,110.5,5.3,98.5,0.069,2021-22,,,,,
1630612,Ruben Nembhard Jr.,CLE,14,0.38,0.16,82.7,91.1,-8.4,95.64,0.097,2021-22,,,,,
200752,Rudy Gay,UTA,55,0.539,0.185,113.6,104.9,8.7,100.0,0.09,2021-22,,,,,
203497,Rudy Gobert,UTA,66,0.732,0.166,114.1,104.5,9.6,99.23,0.177,2021-22,,,,,
1629060,Rui Hachimura,WAS,42,0.579,0.205,108.7,115.8,-7.1,98.62,0.099,2021-22,,,,,
201566,Russell Westbrook,LAL,78,0.512,0.264,107.5,111.5,-4.0,102.57,0.113,2021-22,,,,,
1627853,Ryan Arcidiacono,NYK,10,0.667,0.085,91.1,99.4,-8.2,99.14,0.063,2021-22,,,,,
1630240,Saben Lee,DET,37,0.499,0.169,105.1,110.8,-5.7,100.22,0.1,2021-22,,,,,
1630180,Saddiq Bey,DET,82,0.529,0.209,104.7,114.0,-9.3,99.32,0.1,2021-22,,,,,
1626155,Sam Dekker,TOR,1,0.0,0.0,0.0,250.0,-250.0,105.88,0.0,2021-22,,,,,
1630573,Sam Hauser,BOS,26,0.65,0.136,105.7,106.0,-0.3,101.42,0.104,2021-22,,,,,
1630241,Sam Merrill,MEM,6,0.485,0.178,101.6,112.7,-11.1,99.6,0.054,2021-22,,,,,
1630572,Sandro Mamukelashvili,MIL,41,0.618,0.142,99.6,117.3,-17.6,100.54,0.09,2021-22,,,,,
1630583,Santi Aldama,MEM,32,0.452,0.174,105.9,104.6,1.3,101.67,0.066,2021-22,,,,,
1630567,Scottie Barnes,TOR,74,0.552,0.187,110.2,108.4,1.8,97.03,0.109,2021-22,,,,,
1630575,Scottie Lewis,CHA,2,0.568,0.059,100.0,111.8,-11.8,117.25,0.08,2021-22,,,,,
203816,Scotty Hopson,OKC,1,0.5,0.143,81.6,100.0,-18.4,101.5,0.018,2021-22,,,,,
1629635,Sekou Doumbouya,LAL,2,0.717,0.286,108.3,40.5,67.8,106.94,0.376,2021-22,,,,,
1628400,Semi Ojeleye,LAC,30,0.438,0.126,97.8,114.4,-16.6,100.12,0.041,2021-22,,,,,
201586,Serge Ibaka,MIL,54,0.579,0.172,106.0,108.9,-3.0,101.49,0.096,2021-22,,,,,
203552,Seth Curry,BKN,64,0.615,0.182,113.7,109.2,4.5,96.94,0.092,2021-22,,,,,
1628983,Shai Gilgeous-Alexander,OKC,56,0.557,0.298,106.6,113.0,-6.4,101.41,0.134,2021-22,,,,,
1629003,Shake Milton,PHI,55,0.517,0.174,108.6,109.6,-1.0,98.24,0.079,2021-22,,,,,
1629783,Shaq Buchanan,MEM,2,0.25,0.214,108.7,117.4,-8.7,112.46,0.012,2021-22,,,,,
1627885,Shaquille Harrison,BKN,2,0.333,0.148,91.8,104.3,-12.4,102.02,0.038,2021-22,,,,,
1630536,Sharife Cooper,ATL,13,0.25,0.202,62.1,106.0,-43.9,106.36,0.0,2021-22,,,,,
1630219,Skylar Mays,ATL,28,0.589,0.149,104.6,117.5,-12.9,99.21,0.077,2021-22,,,,,
203524,Solomon Hill,ATL,13,0.2,0.064,109.4,95.1,14.3,98.81,0.021,2021-22,,,,,
203915,Spencer Dinwiddie,DAL,67,0.543,0.208,108.4,109.4,-1.0,98.28,0.107,2021-22,,,,,
1626169,Stanley Johnson,LAL,48,0.564,0.125,114.0,115.2,-1.1,100.83,0.06,2021-22,,,,,
201939,Stephen Curry,GSW,64,0.601,0.293,114.1,103.4,10.7,100.83,0.155,2021-22,,,,,
1628425,Sterling Brown,DAL,49,0.495,0.124,105.4,103.1,2.3,100.21,0.073,2021-22,,,,,
203500,Steven Adams,MEM,76,0.56,0.118,117.8,109.5,8.3,99.57,0.108,2021-22,,,,,
1629004,Svi Mykhailiuk,TOR,56,0.509,0.161,103.6,109.5,-5.9,100.24,0.064,2021-22,,,,,
204456,T.J. McConnell,IND,27,0.525,0.157,106.8,112.3,-5.5,101.43,0.104,2021-22,,,,,
1629605,Tacko Fall,CLE,11,0.398,0.124,100.0,100.8,-0.8,98.8,0.091,2021-22,,,,,
201959,Taj Gibson,NYK,52,0.606,0.099,107.4,104.2,3.3,96.74,0.069,2021-22,,,,,
1629659,Talen Horton-Tucker,LAL,60,0.503,0.189,107.9,110.1,-2.2,101.27,0.07,2021-22,,,,,
1627752,Taurean Prince,MIN,69,0.589,0.166,111.6,110.9,0.7,104.57,0.076,2021-22,,,,,
1629611,Terance Mann,LAC,81,0.572,0.157,108.6,107.1,1.5,98.84,0.095,2021-22,,,,,
1629056,Terence Davis,SAC,30,0.543,0.244,113.4,109.0,4.4,102.84,0.091,2021-22,,,,,
203082,Terrence Ross,ORL,63,0.515,0.196,101.9,113.8,-11.9,101.14,0.075,2021-22,,,,,
1626179,Terry Rozier,CHA,73,0.566,0.227,113.3,112.0,1.4,101.03,0.114,2021-22,,,,,
1630678,Terry Taylor,IND,33,0.656,0.151,112.2,119.1,-6.9,102.08,0.097,2021-22,,,,,
201152,Thaddeus Young,TOR,52,0.548,0.169,106.1,106.3,-0.2,99.55,0.109,2021-22,,,,,
203648,Thanasis Antetokounmpo,MIL,48,0.577,0.155,104.3,114.4,-10.1,102.22,0.067,2021-22,,,,,
1630177,Theo Maledon,OKC,51,0.5,0.201,101.8,112.3,-10.5,100.47,0.075,2021-22,,,,,
1629033,Theo Pinson,DAL,19,0.553,0.138,95.2,107.6,-12.4,101.77,0.087,2021-22,,,,,
1628418,Thomas Bryant,WAS,27,0.607,0.188,103.7,112.8,-9.1,98.05,0.106,2021-22,,,,,
204025,Tim Frazier,CLE,12,0.398,0.137,92.7,110.2,-17.5,98.84,0.023,2021-22,,,,,
203501,Tim Hardaway Jr.,DAL,42,0.52,0.214,108.9,107.7,1.3,96.96,0.089,2021-22,,,,,
1627789,Timothe Luwawu-Cabarrot,ATL,52,0.556,0.135,109.7,113.2,-3.5,102.83,0.049,2021-22,,,,,
202699,Tobias Harris,PHI,73,0.566,0.214,113.2,110.0,3.2,96.79,0.115,2021-22,,,,,
203107,Tomas Satoransky,WAS,55,0.461,0.124,104.4,112.4,-8.0,98.73,0.076,2021-22,,,,,
1628396,Tony Bradley,CHI,55,0.6,0.128,110.2,105.0,5.2,101.8,0.096,2021-22,,,,,
203503,Tony Snell,NOP,53,0.541,0.099,104.8,112.6,-7.8,99.59,0.043,2021-22,,,,,
1628470,Torrey Craig,PHX,78,0.556,0.139,106.8,111.8,-5.0,100.36,0.073,2021-22,,,,,
1629027,Trae Young,ATL,76,0.603,0.333,117.2,114.9,2.3,100.2,0.161,2021-22,,,,,
1629309,Trayvon Palmer,DET,1,0.0,0.053,78.8,111.8,-33.0,95.87,-0.037,2021-22,,,,,
1630200,Tre Jones,SAS,69,0.545,0.151,108.8,109.3,-0.5,102.57,0.105,2021-22,,,,,
1630544,Tre Mann,OKC,60,0.501,0.213,101.7,112.0,-10.3,100.48,0.069,2021-22,,,,,
1629682,Tremont Waters,WAS,3,0.357,0.15,105.4,122.5,-17.1,105.97,0.034,2021-22,,,,,
1630570,Trendon Watford,POR,48,0.59,0.169,100.5,118.4,-17.9,102.67,0.097,2021-22,,,,,
1630235,Trent Forrest,UTA,60,0.554,0.124,113.0,108.5,4.5,98.16,0.079,2021-22,,,,,
1630243,Trevelin Queen,HOU,10,0.619,0.219,112.9,107.3,5.6,105.43,0.108,2021-22,,,,,
1630286,Trevon Scott,CLE,2,0.5,0.207,104.0,84.6,19.4,107.68,0.098,2021-22,,,,,
2772,Trevor Ariza,LAL,24,0.449,0.11,106.9,112.2,-5.3,99.42,0.059,2021-22,,,,,
203504,Trey Burke,DAL,42,0.475,0.25,103.6,104.2,-0.5,99.17,0.069,2021-22,,,,,
1626168,Trey Lyles,SAC,75,0.588,0.205,106.4,113.6,-7.2,100.8,0.115,2021-22,,,,,
1630530,Trey Murphy III,NOP,62,0.558,0.147,108.1,107.8,0.3,100.77,0.08,2021-22,,,,,
202684,Tristan Thompson,CHI,57,0.541,0.168,112.1,115.7,-3.6,99.54,0.086,2021-22,,,,,
1628972,Troy Brown Jr.,CHI,66,0.525,0.118,109.3,111.7,-2.3,101.1,0.073,2021-22,,,,,
1629660,Ty Jerome,OKC,48,0.488,0.205,98.9,100.4,-1.5,98.98,0.081,2021-22,,,,,
1629076,Tyler Cook,CHI,20,0.643,0.127,107.1,114.6,-7.5,100.99,0.074,2021-22,,,,,
1629788,Tyler Hall,NYK,1,0.0,0.0,40.0,140.0,-100.0,124.14,0.0,2021-22,,,,,
1629639,Tyler Herro,MIA,66,0.561,0.278,113.4,108.1,5.3,97.92,0.129,2021-22,,,,,
204020,Tyler Johnson,SAS,6,0.425,0.1,111.9,113.8,-1.9,102.44,0.04,2021-22,,,,,
1630179,Tyrell Terry,MEM,2,1.0,0.111,137.5,144.4,-6.9,133.77,0.053,2021-22,,,,,
1630169,Tyrese Haliburton,IND,77,0.595,0.184,110.0,115.9,-6.0,100.67,0.122,2021-22,,,,,
1630178,Tyrese Maxey,PHI,75,0.594,0.199,113.3,109.7,3.6,97.1,0.105,2021-22,,,,,
1627820,Tyrone Wallace,NOP,6,0.383,0.13,111.5,121.4,-9.9,101.23,0.011,2021-22,,,,,
1626145,Tyus Jones,MEM,73,0.544,0.164,113.0,105.5,7.6,100.93,0.126,2021-22,,,,,
1628962,Udoka Azubuike,UTA,17,0.743,0.143,107.8,105.8,2.0,100.99,0.118,2021-22,,,,,
2617,Udonis Haslem,MIA,13,0.495,0.183,92.7,102.3,-9.5,102.67,0.085,2021-22,,,,,
1630586,Usman Garuba,HOU,24,0.51,0.091,118.6,111.5,7.0,104.06,0.087,2021-22,,,,,
1630176,Vernon Carey Jr.,WAS,7,0.534,0.179,84.7,132.3,-47.6,105.46,0.055,2021-22,,,,,
203506,Victor Oladipo,MIA,8,0.608,0.247,103.3,104.7,-1.4,99.54,0.13,2021-22,,,,,
1628427,Vlatko Čančar,DEN,15,0.657,0.131,104.9,104.1,0.8,105.21,0.085,2021-22,,,,,
1630249,Vít Krejčí,OKC,30,0.529,0.125,103.3,116.1,-12.8,101.02,0.056,2021-22,,,,,
201961,Wayne Ellington,LAL,43,0.593,0.135,107.5,111.3,-3.8,101.01,0.064,2021-22,,,,,
1627782,Wayne Selden,NYK,3,0.434,0.136,80.5,115.0,-34.5,101.57,0.015,2021-22,,,,,
1628976,Wendell Carter Jr.,ORL,62,0.601,0.206,105.1,108.8,-3.7,100.39,0.144,2021-22,,,,,
1629117,Wenyen Gabriel,LAL,26,0.549,0.165,118.1,111.4,6.7,101.67,0.056,2021-22,,,,,
1628411,Wes Iwundu,ATL,3,0.557,0.111,117.0,118.4,-1.4,95.75,0.041,2021-22,,,,,
202083,Wesley Matthews,MIL,49,0.536,0.104,114.4,107.7,6.7,102.71,0.035,2021-22,,,,,
203115,Will Barton,DEN,71,0.548,0.205,112.5,110.4,2.0,99.34,0.095,2021-22,,,,,
1626161,Willie Cauley-Stein,PHI,20,0.474,0.099,105.4,98.2,7.2,102.14,0.056,2021-22,,,,,
1626195,Willy Hernangomez,NOP,50,0.582,0.211,112.5,114.2,-1.6,101.84,0.131,2021-22,,,,,
1629875,Xavier Moon,LAC,10,0.545,0.177,112.9,111.5,1.4,103.08,0.1,2021-22,,,,,
1630270,Xavier Sneed,UTA,9,0.25,0.109,93.8,97.6,-3.8,101.04,0.006,2021-22,,,,,
1630214,Xavier Tillman,MEM,53,0.51,0.164,105.0,106.4,-1.4,100.82,0.094,2021-22,,,,,
1629139,Yuta Watanabe,TOR,38,0.524,0.161,105.7,109.6,-3.9,102.15,0.075,2021-22,,,,,
1630582,Yves Pons,MEM,12,0.385,0.096,85.3,106.5,-21.3,104.49,0.029,2021-22,,,,,
1628380,Zach Collins,SAS,28,0.594,0.184,110.9,107.8,3.1,104.12,0.107,2021-22,,,,,
203897,Zach LaVine,CHI,67,0.605,0.284,112.5,113.4,-0.9,99.36,0.129,2021-22,,,,,
1630285,Zavier Simpson,OKC,4,0.406,0.158,98.6,125.1,-26.5,97.75,0.059,2021-22,,,,,
1630192,Zeke Nnaji,DEN,41,0.629,0.146,107.2,110.4,-3.2,99.25,0.078,2021-22,,,,,
1630533,Ziaire Williams,MEM,62,0.559,0.144,112.9,108.8,4.2,103.22,0.055,2021-22,,,,,
1629597,Zylan Cheatham,UTA,1,0.0,0.25,18.2,125.0,-106.8,106.5,-0.167,2021-22,,,,,
1630639,A.J. Lawson,DAL,15,0.589,0.189,96.3,116.4,-20.1,105.96,0.076,2022-23,,,,,
1631260,AJ Green,MIL,35,0.607,0.159,107.9,112.8,-4.9,102.9,0.076,2022-23,,,,,
1631100,AJ Griffin,ATL,72,0.577,0.174,113.6,112.0,1.5,102.67,0.077,2022-23,,,,,
203932,Aaron Gordon,DEN,68,0.617,0.206,123.0,110.9,12.1,100.16,0.112,2022-23,,,,,
1628988,Aaron Holiday,ATL,63,0.528,0.129,110.8,110.0,0.9,103.27,0.054,2022-23,,,,,
1630174,Aaron Nesmith,IND,73,0.566,0.168,113.8,118.5,-4.7,102.4,0.059,2022-23,,,,,
1630598,Aaron Wiggins,OKC,70,0.607,0.143,112.7,111.2,1.5,102.4,0.077,2022-23,,,,,
1629678,Admiral Schofield,ORL,37,0.587,0.139,104.7,113.0,-8.3,100.15,0.055,2022-23,,,,,
201143,Al Horford,BOS,63,0.631,0.119,118.9,111.1,7.8,99.72,0.095,2022-23,,,,,
202692,Alec Burks,DET,51,0.602,0.218,112.9,113.9,-1.0,103.25,0.109,2022-23,,,,,
1630197,Aleksej Pokusevski,OKC,34,0.522,0.179,105.6,118.3,-12.7,103.79,0.085,2022-23,,,,,
1627936,Alex Caruso,CHI,67,0.588,0.109,112.6,106.5,6.1,99.79,0.071,2022-23,,,,,
203458,Alex Len,SAC,26,0.58,0.132,106.6,100.0,6.6,108.5,0.075,2022-23,,,,,
1628993,Alize Johnson,SAS,4,0.509,0.145,111.1,92.1,19.0,102.45,0.07,2022-23,,,,,
1631214,Alondes Williams,BKN,1,0.0,0.143,83.3,136.4,-53.0,104.81,-0.108,2022-23,,,,,
1630578,Alperen Sengun,HOU,75,0.599,0.211,112.5,120.3,-7.8,99.97,0.125,2022-23,,,,,
1629599,Amir Coffey,LAC,50,0.498,0.128,104.2,113.1,-8.9,101.22,0.042,2022-23,,,,,
203083,Andre Drummond,CHI,67,0.606,0.196,108.7,106.0,2.6,101.72,0.156,2022-23,,,,,
2738,Andre Iguodala,GSW,8,0.521,0.089,116.7,104.7,12.0,108.74,0.052,2022-23,,,,,
1629614,Andrew Nembhard,IND,75,0.528,0.159,112.3,118.2,-5.9,102.78,0.068,2022-23,,,,,
203952,Andrew Wiggins,GSW,37,0.564,0.212,116.2,110.9,5.2,103.74,0.088,2022-23,,,,,
1629014,Anfernee Simons,POR,62,0.581,0.247,114.1,115.7,-1.6,99.22,0.097,2022-23,,,,,
203076,Anthony Davis,LAL,56,0.627,0.277,114.3,109.5,4.8,102.39,0.186,2022-23,,,,,
1630162,Anthony Edwards,MIN,79,0.564,0.292,113.8,111.9,1.9,101.77,0.125,2022-23,,,,,
1630264,Anthony Gill,WAS,59,0.604,0.116,109.5,110.4,-0.8,101.56,0.063,2022-23,,,,,
1630237,Anthony Lamb,GSW,62,0.61,0.136,112.5,110.8,1.7,102.55,0.073,2022-23,,,,,
1630559,Austin Reaves,LAL,64,0.687,0.154,115.4,110.5,4.9,103.38,0.1,2022-23,,,,,
203085,Austin Rivers,MIN,52,0.564,0.104,109.8,114.8,-4.9,102.46,0.05,2022-23,,,,,
1630245,Ayo Dosunmu,CHI,80,0.567,0.145,108.8,110.1,-1.3,100.78,0.065,2022-23,,,,,
1628389,Bam Adebayo,MIA,75,0.592,0.251,113.0,111.2,1.8,97.04,0.142,2022-23,,,,,
1627732,Ben Simmons,BKN,42,0.559,0.142,114.7,112.5,2.1,100.08,0.101,2022-23,,,,,
1631097,Bennedict Mathurin,IND,78,0.566,0.235,111.5,115.8,-4.3,103.25,0.087,2022-23,,,,,
202687,Bismack Biyombo,PHX,61,0.555,0.136,112.7,109.7,3.1,99.31,0.086,2022-23,,,,,
201933,Blake Griffin,BOS,41,0.59,0.125,116.5,106.6,9.9,99.86,0.086,2022-23,,,,,
1631104,Blake Wesley,SAS,37,0.393,0.18,103.3,116.7,-13.4,104.74,0.031,2022-23,,,,,
1626246,Boban Marjanovic,HOU,31,0.71,0.206,114.6,96.1,18.5,100.17,0.17,2022-23,,,,,
1626171,Bobby Portis,MIL,70,0.575,0.211,111.8,112.0,-0.1,102.34,0.138,2022-23,,,,,
203992,Bogdan Bogdanović,ATL,54,0.586,0.196,117.3,116.1,1.2,101.23,0.089,2022-23,,,,,
202711,Bojan Bogdanovic,DET,59,0.627,0.251,111.3,119.5,-8.2,101.18,0.116,2022-23,,,,,
1629626,Bol Bol,ORL,70,0.603,0.177,107.6,112.0,-4.4,100.95,0.114,2022-23,,,,,
1630538,Bones Hyland,LAC,56,0.535,0.271,112.7,118.0,-5.3,99.23,0.1,2022-23,,,,,
203078,Bradley Beal,WAS,50,0.593,0.288,116.6,115.9,0.7,97.94,0.129,2022-23,,,,,
1630527,Brandon Boston,LAC,22,0.515,0.237,106.8,114.5,-7.7,102.34,0.081,2022-23,,,,,
1629634,Brandon Clarke,MEM,56,0.681,0.174,109.0,108.3,0.7,104.0,0.134,2022-23,,,,,
1627742,Brandon Ingram,NOP,45,0.582,0.306,115.5,112.5,3.0,98.87,0.144,2022-23,,,,,
1630296,Braxton Key,DET,3,1.064,0.091,100.0,104.5,-4.5,110.77,0.189,2022-23,,,,,
201572,Brook Lopez,MIL,78,0.63,0.187,113.7,106.6,7.1,102.83,0.111,2022-23,,,,,
1628971,Bruce Brown,DEN,80,0.571,0.174,113.8,113.0,0.8,99.19,0.09,2022-23,,,,,
1628981,Bruno Fernando,ATL,39,0.571,0.159,105.1,114.0,-8.9,100.0,0.096,2022-23,,,,,
1631121,Bryce McGowens,CHA,46,0.519,0.147,102.6,112.3,-9.7,103.04,0.053,2022-23,,,,,
1627854,Bryn Forbes,MIN,25,0.497,0.155,107.8,116.2,-8.5,103.9,0.035,2022-23,,,,,
1631205,Buddy Boeheim,DET,10,0.287,0.131,105.9,103.2,2.7,99.57,-0.003,2022-23,,,,,
1627741,Buddy Hield,IND,80,0.614,0.205,114.4,116.3,-1.9,102.05,0.104,2022-23,,,,,
203468,CJ McCollum,NOP,75,0.541,0.26,114.5,113.5,1.1,99.6,0.11,2022-23,,,,,
1630595,Cade Cunningham,DET,12,0.492,0.287,111.2,117.3,-6.1,102.37,0.109,2022-23,,,,,
1631216,Caleb Houstan,ORL,51,0.508,0.107,107.6,112.9,-5.3,100.65,0.038,2022-23,,,,,
1628997,Caleb Martin,MIA,71,0.571,0.143,110.7,110.7,0.0,97.87,0.078,2022-23,,,,,
1629629,Cam Reddish,POR,40,0.561,0.166,108.9,117.8,-9.0,101.35,0.064,2022-23,,,,,
1630560,Cam Thomas,BKN,57,0.567,0.268,112.1,113.7,-1.6,100.71,0.102,2022-23,,,,,
1629661,Cameron Johnson,BKN,42,0.617,0.202,115.3,108.7,6.6,99.02,0.113,2022-23,,,,,
1626166,Cameron Payne,PHX,48,0.512,0.239,115.4,111.4,4.1,100.9,0.097,2022-23,,,,,
1627747,Caris LeVert,CLE,74,0.546,0.183,113.0,108.5,4.5,97.56,0.089,2022-23,,,,,
1630637,Carlik Jones,CHI,7,0.54,0.153,114.0,93.3,20.7,103.34,0.073,2022-23,,,,,
1626224,Cedi Osman,CLE,77,0.579,0.178,115.4,108.0,7.5,97.56,0.082,2022-23,,,,,
1628435,Chance Comanche,POR,1,0.518,0.14,95.6,163.6,-68.1,102.77,0.039,2022-23,,,,,
1629646,Charles Bassey,SAS,35,0.658,0.152,109.1,111.5,-2.4,103.25,0.121,2022-23,,,,,
1631320,Chima Moneke,SAC,2,0.347,0.25,72.2,129.4,-57.2,105.9,-0.105,2022-23,,,,,
1629002,Chimezie Metu,SAC,66,0.639,0.168,113.9,107.3,6.7,106.03,0.117,2022-23,,,,,
1628449,Chris Boucher,TOR,76,0.59,0.175,110.4,111.6,-1.3,98.49,0.112,2022-23,,,,,
1630537,Chris Duarte,IND,46,0.496,0.181,109.4,115.6,-6.2,102.61,0.061,2022-23,,,,,
101108,Chris Paul,PHX,59,0.555,0.195,114.9,112.5,2.3,97.76,0.133,2022-23,,,,,
1629735,Chris Silva,ATL,1,1.0,0.25,100.0,87.5,12.5,127.29,-0.095,2022-23,,,,,
1631128,Christian Braun,DEN,76,0.568,0.127,107.0,111.3,-4.3,99.87,0.067,2022-23,,,,,
1631132,Christian Koloko,TOR,58,0.517,0.1,112.7,103.7,9.0,100.54,0.046,2022-23,,,,,
1626174,Christian Wood,DAL,67,0.624,0.259,115.4,116.7,-1.3,97.15,0.144,2022-23,,,,,
1629643,Chuma Okeke,ORL,27,0.488,0.121,105.7,116.5,-10.8,100.31,0.063,2022-23,,,,,
203991,Clint Capela,ATL,65,0.656,0.151,115.3,116.4,-1.1,102.96,0.135,2022-23,,,,,
1629632,Coby White,CHI,74,0.572,0.17,114.0,110.1,4.0,100.99,0.088,2022-23,,,,,
1628998,Cody Martin,CHA,7,0.448,0.121,107.6,117.3,-9.7,104.1,0.052,2022-23,,,,,
203469,Cody Zeller,MIA,15,0.659,0.175,108.8,119.0,-10.3,98.83,0.093,2022-23,,,,,
1630175,Cole Anthony,ORL,60,0.57,0.209,112.4,112.5,-0.1,99.91,0.116,2022-23,,,,,
1631306,Cole Swider,LAL,7,0.5,0.089,116.5,113.2,3.3,106.18,0.055,2022-23,,,,,
1629012,Collin Sexton,UTA,48,0.616,0.23,116.4,116.3,0.1,102.3,0.097,2022-23,,,,,
1630557,Corey Kispert,WAS,74,0.657,0.139,112.4,115.6,-3.2,100.22,0.073,2022-23,,,,,
202709,Cory Joseph,DET,62,0.558,0.149,109.7,113.8,-4.1,99.47,0.087,2022-23,,,,,
1626156,D'Angelo Russell,LAL,71,0.605,0.225,113.6,112.1,1.5,101.24,0.115,2022-23,,,,,
1630227,Daishen Nix,HOU,57,0.447,0.149,106.2,114.4,-8.2,101.05,0.045,2022-23,,,,,
1630625,Dalano Banton,TOR,31,0.505,0.229,104.4,110.9,-6.5,101.15,0.095,2022-23,,,,,
1631207,Dalen Terry,CHI,38,0.523,0.173,104.8,101.5,3.3,102.64,0.091,2022-23,,,,,
1627745,Damian Jones,UTA,41,0.719,0.102,103.6,112.6,-9.0,104.87,0.081,2022-23,,,,,
203081,Damian Lillard,POR,58,0.645,0.331,119.5,117.4,2.1,99.78,0.173,2022-23,,,,,
1627814,Damion Lee,PHX,74,0.607,0.155,110.1,107.3,2.7,101.13,0.084,2022-23,,,,,
1629655,Daniel Gafford,WAS,78,0.739,0.146,111.7,114.3,-2.5,99.88,0.113,2022-23,,,,,
1628464,Daniel Theis,IND,7,0.497,0.201,107.3,115.5,-8.2,102.32,0.088,2022-23,,,,,
201980,Danny Green,CLE,11,0.617,0.187,104.5,110.0,-5.5,100.17,0.061,2022-23,,,,,
1627863,Danuel House Jr.,PHI,56,0.6,0.133,112.8,112.5,0.3,101.02,0.061,2022-23,,,,,
203967,Dario Saric,OKC,57,0.583,0.186,112.8,111.2,1.6,100.8,0.099,2022-23,,,,,
1629647,Darius Bazley,PHX,43,0.524,0.165,105.5,109.2,-3.6,101.93,0.088,2022-23,,,,,
1630620,Darius Days,HOU,4,0.582,0.21,109.4,109.6,-0.2,100.87,0.145,2022-23,,,,,
1629636,Darius Garland,CLE,69,0.587,0.262,116.9,108.8,8.0,97.1,0.13,2022-23,,,,,
1630561,David Duke Jr.,BKN,23,0.497,0.187,105.2,111.5,-6.3,102.09,0.05,2022-23,,,,,
1631223,David Roddy,MEM,70,0.519,0.163,110.6,112.5,-1.9,102.6,0.056,2022-23,,,,,
1630558,Davion Mitchell,SAC,80,0.545,0.14,114.4,111.8,2.7,102.04,0.061,2022-23,,,,,
202722,Davis Bertans,DAL,45,0.618,0.155,110.6,114.8,-4.3,100.33,0.069,2022-23,,,,,
1628432,Davon Reed,DEN,43,0.471,0.142,97.5,111.7,-14.1,102.29,0.046,2022-23,,,,,
1630549,Day'Ron Sharpe,BKN,48,0.581,0.173,110.3,119.0,-8.8,102.26,0.093,2022-23,,,,,
1628368,De'Aaron Fox,SAC,73,0.599,0.288,119.9,116.8,3.1,103.08,0.137,2022-23,,,,,
1629631,De'Andre Hunter,ATL,67,0.563,0.193,114.9,115.5,-0.6,102.79,0.069,2022-23,,,,,
1629001,De'Anthony Melton,PHI,77,0.566,0.162,115.5,112.8,2.7,97.76,0.079,2022-23,,,,,
201599,DeAndre Jordan,DEN,39,0.731,0.134,107.0,115.4,-8.4,100.16,0.107,2022-23,,,,,
201942,DeMar DeRozan,CHI,74,0.592,0.272,112.2,110.7,1.5,99.82,0.138,2022-23,,,,,
1629731,Dean Wade,CLE,44,0.55,0.1,109.7,103.2,6.5,98.09,0.061,2022-23,,,,,
1629028,Deandre Ayton,PHX,67,0.617,0.231,113.2,113.2,0.0,98.63,0.145,2022-23,,,,,
1627749,Dejounte Murray,ATL,74,0.54,0.239,114.3,115.4,-1.1,101.67,0.12,2022-23,,,,,
1626153,Delon Wright,WAS,50,0.581,0.125,114.1,110.9,3.2,99.45,0.107,2022-23,,,,,
1630166,Deni Avdija,WAS,76,0.535,0.165,113.3,114.1,-0.8,99.76,0.084,2022-23,,,,,
203471,Dennis Schröder,LAL,66,0.545,0.183,115.0,112.2,2.8,101.8,0.077,2022-23,,,,,
1628372,Dennis Smith Jr.,CHA,54,0.475,0.175,103.6,106.2,-2.6,102.11,0.09,2022-23,,,,,
1629126,Deonte Burton,SAC,2,0.0,0.133,164.3,112.5,51.8,110.8,-0.045,2022-23,,,,,
1631220,Dereon Seabron,NOP,5,0.4,0.156,116.0,79.2,36.8,101.38,0.011,2022-23,,,,,
1627884,Derrick Jones Jr.,CHI,64,0.597,0.138,112.8,106.0,6.7,101.46,0.077,2022-23,,,,,
201565,Derrick Rose,NYK,27,0.463,0.22,104.3,107.8,-3.5,103.78,0.076,2022-23,,,,,
1628401,Derrick White,BOS,82,0.604,0.174,118.2,107.2,11.0,99.87,0.1,2022-23,,,,,
1630217,Desmond Bane,MEM,58,0.606,0.252,116.4,107.4,9.0,103.27,0.131,2022-23,,,,,
1626164,Devin Booker,PHX,53,0.601,0.311,119.6,113.4,6.2,99.18,0.147,2022-23,,,,,
1630170,Devin Vassell,SAS,38,0.55,0.24,107.1,118.8,-11.7,103.67,0.108,2022-23,,,,,
1629653,Devon Dotson,WAS,6,0.15,0.102,101.8,107.5,-5.7,98.08,0.012,2022-23,,,,,
1628984,Devonte' Graham,SAS,73,0.552,0.165,107.5,113.7,-6.2,102.17,0.083,2022-23,,,,,
203473,Dewayne Dedmon,PHI,38,0.577,0.195,99.3,110.0,-10.6,102.48,0.104,2022-23,,,,,
1628415,Dillon Brooks,MEM,73,0.494,0.214,113.4,108.5,4.9,101.92,0.06,2022-23,,,,,
1627734,Domantas Sabonis,SAC,79,0.668,0.213,120.7,116.8,3.9,100.46,0.161,2022-23,,,,,
1631230,Dominick Barlow,SAS,28,0.567,0.107,105.2,115.9,-10.7,105.11,0.064,2022-23,,,,,
1628378,Donovan Mitchell,CLE,68,0.614,0.31,116.3,110.4,5.9,96.89,0.149,2022-23,,,,,
1631495,Donovan Williams,ATL,2,0.4,0.385,120.0,60.0,60.0,112.94,0.162,2022-23,,,,,
1628978,Donte DiVincenzo,GSW,72,0.593,0.146,113.5,110.6,2.9,104.2,0.092,2022-23,,,,,
1627827,Dorian Finney-Smith,BKN,66,0.523,0.129,114.0,114.3,-0.3,96.9,0.056,2022-23,,,,,
203926,Doug McDermott,SAS,64,0.59,0.186,108.7,118.4,-9.7,104.39,0.071,2022-23,,,,,
203110,Draymond Green,GSW,73,0.592,0.129,116.2,109.2,7.0,104.05,0.1,2022-23,,,,,
1629234,Drew Eubanks,POR,78,0.666,0.122,113.0,117.1,-4.1,100.32,0.098,2022-23,,,,,
1630696,Dru Smith,BKN,15,0.475,0.133,100.3,109.1,-8.8,100.44,0.076,2022-23,,,,,
1630613,Duane Washington Jr.,NYK,31,0.458,0.298,107.4,107.9,-0.5,102.14,0.08,2022-23,,,,,
1629130,Duncan Robinson,MIA,42,0.534,0.172,108.8,113.8,-5.0,98.82,0.049,2022-23,,,,,
203939,Dwight Powell,DAL,76,0.738,0.123,119.4,113.2,6.2,97.73,0.078,2022-23,,,,,
1629685,Dylan Windler,CLE,3,0.833,0.182,94.4,90.0,4.4,87.83,0.161,2022-23,,,,,
1630700,Dyson Daniels,NOP,59,0.503,0.113,107.1,106.7,0.4,103.17,0.068,2022-23,,,,,
1628410,Edmond Sumner,BKN,53,0.597,0.209,111.7,110.1,1.7,102.99,0.088,2022-23,,,,,
201569,Eric Gordon,LAC,69,0.587,0.171,110.6,116.4,-5.8,102.17,0.078,2022-23,,,,,
1630647,Eugene Omoruyi,DET,40,0.533,0.192,111.2,113.1,-1.9,99.3,0.06,2022-23,,,,,
203095,Evan Fournier,NYK,27,0.471,0.179,109.1,113.8,-4.7,100.46,0.046,2022-23,,,,,
1630596,Evan Mobley,CLE,79,0.591,0.199,115.5,109.0,6.5,97.02,0.124,2022-23,,,,,
1630267,Facundo Campazzo,DAL,8,0.36,0.144,100.0,89.0,11.0,99.84,0.068,2022-23,,,,,
1628402,Frank Jackson,PHX,1,0.0,0.25,100.0,122.2,-22.2,85.54,-0.026,2022-23,,,,,
1626163,Frank Kaminsky,HOU,36,0.635,0.146,109.4,111.3,-1.9,102.08,0.107,2022-23,,,,,
1628373,Frank Ntilikina,DAL,47,0.461,0.125,113.5,108.4,5.1,101.67,0.033,2022-23,,,,,
1630532,Franz Wagner,ORL,80,0.589,0.23,111.3,110.1,1.2,101.14,0.11,2022-23,,,,,
1627832,Fred VanVleet,TOR,69,0.54,0.225,116.1,112.8,3.3,98.23,0.113,2022-23,,,,,
1627788,Furkan Korkmaz,PHI,37,0.552,0.176,105.0,103.7,1.4,103.06,0.073,2022-23,,,,,
1629216,Gabe Vincent,MIA,68,0.533,0.17,111.0,111.7,-0.7,98.16,0.058,2022-23,,,,,
1628221,Gabe York,IND,3,0.548,0.173,127.7,110.3,17.4,101.02,0.073,2022-23,,,,,
202066,Garrett Temple,NOP,25,0.535,0.123,100.3,105.5,-5.3,107.38,0.061,2022-23,,,,,
1629726,Garrison Mathews,ATL,54,0.573,0.139,103.1,109.5,-6.4,101.98,0.064,2022-23,,,,,
203914,Gary Harris,ORL,48,0.62,0.125,113.0,115.8,-2.8,100.45,0.058,2022-23,,,,,
1627780,Gary Payton II,GSW,22,0.701,0.101,123.7,118.3,5.4,99.76,0.076,2022-23,,,,,
1629018,Gary Trent Jr.,TOR,66,0.56,0.209,111.8,113.8,-2.1,99.89,0.091,2022-23,,,,,
201588,George Hill,IND,46,0.61,0.11,108.8,106.9,1.9,102.27,0.079,2022-23,,,,,
1627777,Georges Niang,PHI,78,0.61,0.162,112.5,111.1,1.3,100.5,0.072,2022-23,,,,,
203507,Giannis Antetokounmpo,MIL,63,0.605,0.373,116.4,109.2,7.2,103.63,0.204,2022-23,,,,,
1629048,Goga Bitadze,ORL,38,0.582,0.147,109.2,105.4,3.7,100.3,0.105,2022-23,,,,,
201609,Goran Dragic,MIL,58,0.514,0.198,111.6,112.2,-0.6,103.2,0.073,2022-23,,,,,
202330,Gordon Hayward,CHA,50,0.563,0.196,108.4,111.7,-3.3,103.01,0.101,2022-23,,,,,
203476,Gorgui Dieng,SAS,31,0.493,0.177,99.6,118.2,-18.6,103.07,0.076,2022-23,,,,,
1629684,Grant Williams,BOS,79,0.605,0.128,114.9,109.0,5.9,99.67,0.069,2022-23,,,,,
1628960,Grayson Allen,MIL,72,0.612,0.143,113.9,109.1,4.9,102.56,0.078,2022-23,,,,,
1630535,Greg Brown III,POR,16,0.421,0.17,89.2,92.6,-3.4,104.67,0.047,2022-23,,,,,
1628977,Hamidou Diallo,DET,56,0.593,0.21,108.9,109.5,-0.6,103.05,0.1,2022-23,,,,,
203084,Harrison Barnes,SAC,82,0.632,0.168,120.0,115.2,4.8,101.7,0.088,2022-23,,,,,
1629312,Haywood Highsmith,MIA,54,0.517,0.121,104.8,110.0,-5.2,98.29,0.058,2022-23,,,,,
1630529,Herbert Jones,NOP,66,0.567,0.144,115.8,111.8,3.9,99.3,0.068,2022-23,,,,,
1630193,Immanuel Quickley,NYK,81,0.578,0.203,114.3,108.1,6.2,98.08,0.118,2022-23,,,,,
1630171,Isaac Okoro,CLE,76,0.614,0.117,114.5,109.0,5.4,98.32,0.06,2022-23,,,,,
1628392,Isaiah Hartenstein,NYK,82,0.567,0.107,114.6,110.2,4.4,100.25,0.087,2022-23,,,,,
1630543,Isaiah Jackson,IND,63,0.595,0.165,109.5,115.2,-5.6,104.33,0.093,2022-23,,,,,
1630198,Isaiah Joe,OKC,73,0.626,0.17,117.3,112.2,5.1,103.42,0.093,2022-23,,,,,
1630587,Isaiah Livers,DET,52,0.567,0.117,107.9,115.6,-7.8,99.5,0.053,2022-23,,,,,
1630600,Isaiah Mobley,CLE,12,0.521,0.166,105.9,86.1,19.8,97.72,0.111,2022-23,,,,,
1629676,Isaiah Roby,NYK,42,0.497,0.173,102.5,112.9,-10.4,104.03,0.07,2022-23,,,,,
1630191,Isaiah Stewart,DET,50,0.56,0.17,108.9,116.9,-8.0,101.24,0.091,2022-23,,,,,
1630225,Isaiah Todd,WAS,6,0.226,0.143,97.1,103.7,-6.7,105.54,0.012,2022-23,,,,,
202397,Ish Smith,DEN,43,0.407,0.187,102.3,107.5,-5.3,101.21,0.072,2022-23,,,,,
1630688,Ish Wainright,PHX,60,0.522,0.117,112.7,106.6,6.1,101.42,0.051,2022-23,,,,,
1627826,Ivica Zubac,LAC,76,0.661,0.149,112.8,113.4,-0.6,98.37,0.109,2022-23,,,,,
1631120,JD Davison,BOS,12,0.478,0.157,102.9,108.7,-5.8,101.54,0.069,2022-23,,,,,
1630550,JT Thor,CHA,69,0.506,0.13,102.7,110.2,-7.5,102.44,0.051,2022-23,,,,,
1629630,Ja Morant,MEM,61,0.557,0.338,115.8,108.5,7.3,102.51,0.175,2022-23,,,,,
203210,JaMychal Green,GSW,57,0.65,0.169,108.3,116.4,-8.2,105.25,0.097,2022-23,,,,,
201580,JaVale McGee,DAL,42,0.65,0.214,106.1,113.4,-7.3,102.22,0.105,2022-23,,,,,
1631095,Jabari Smith Jr.,HOU,79,0.514,0.183,109.1,120.4,-11.3,100.35,0.077,2022-23,,,,,
1631133,Jabari Walker,POR,56,0.496,0.164,104.8,113.8,-9.0,103.03,0.06,2022-23,,,,,
1631298,Jack White,DEN,17,0.517,0.133,90.4,104.5,-14.1,97.41,0.087,2022-23,,,,,
1631367,Jacob Gilyard,MEM,1,0.5,0.052,101.1,116.1,-14.9,102.39,0.056,2022-23,,,,,
1630702,Jaden Hardy,DAL,48,0.571,0.248,112.5,115.6,-3.1,101.37,0.09,2022-23,,,,,
1631093,Jaden Ivey,DET,74,0.528,0.251,107.1,120.1,-13.0,100.5,0.081,2022-23,,,,,
1630183,Jaden McDaniels,MIN,79,0.611,0.156,113.6,111.6,2.0,101.2,0.069,2022-23,,,,,
1630531,Jaden Springer,PHI,16,0.545,0.188,108.8,110.9,-2.1,104.05,0.085,2022-23,,,,,
203109,Jae Crowder,MIL,18,0.624,0.125,111.0,111.8,-0.8,104.63,0.096,2022-23,,,,,
1630256,Jae'Sean Tate,HOU,31,0.546,0.178,107.5,114.8,-7.3,101.14,0.076,2022-23,,,,,
1631222,Jake LaRavia,MEM,35,0.531,0.117,106.4,113.9,-7.6,102.42,0.04,2022-23,,,,,
1627751,Jakob Poeltl,TOR,72,0.635,0.18,112.4,115.5,-3.1,100.54,0.13,2022-23,,,,,
1628973,Jalen Brunson,NYK,68,0.597,0.266,119.2,117.1,2.1,97.64,0.138,2022-23,,,,,
1631105,Jalen Duren,DET,67,0.655,0.139,108.0,116.2,-8.3,100.27,0.116,2022-23,,,,,
1630224,Jalen Green,HOU,76,0.538,0.274,111.2,120.0,-8.7,100.64,0.096,2022-23,,,,,
1630552,Jalen Johnson,ATL,70,0.554,0.156,111.1,110.8,0.3,103.32,0.099,2022-23,,,,,
1629667,Jalen McDaniels,PHI,80,0.557,0.165,110.5,113.9,-3.4,102.48,0.08,2022-23,,,,,
1630188,Jalen Smith,IND,68,0.565,0.201,111.4,115.3,-3.8,103.54,0.099,2022-23,,,,,
1630591,Jalen Suggs,ORL,53,0.528,0.196,109.7,111.0,-1.3,101.73,0.077,2022-23,,,,,
1631114,Jalen Williams,OKC,75,0.601,0.18,111.6,112.6,-1.0,103.46,0.102,2022-23,,,,,
1631288,Jamal Cain,MIA,18,0.647,0.139,108.0,102.5,5.5,102.78,0.114,2022-23,,,,,
1627750,Jamal Murray,DEN,65,0.571,0.256,118.9,112.5,6.4,99.13,0.121,2022-23,,,,,
1631123,Jamaree Bouyea,MIA,5,0.504,0.12,106.5,119.7,-13.2,93.57,0.039,2022-23,,,,,
1630547,James Bouknight,CHA,34,0.463,0.192,102.6,110.9,-8.3,102.25,0.05,2022-23,,,,,
201935,James Harden,PHI,58,0.607,0.247,119.4,113.3,6.1,96.11,0.159,2022-23,,,,,
201949,James Johnson,IND,18,0.486,0.152,102.8,103.9,-1.1,104.51,0.055,2022-23,,,,,
1630164,James Wiseman,DET,45,0.589,0.212,104.7,121.9,-17.2,101.29,0.104,2022-23,,,,,
1630215,Jared Butler,OKC,6,0.578,0.208,106.2,103.6,2.6,102.55,0.085,2022-23,,,,,
1631197,Jared Rhoden,DET,14,0.482,0.106,114.9,110.6,4.3,98.85,0.041,2022-23,,,,,
1628991,Jaren Jackson Jr.,MEM,63,0.613,0.243,116.4,106.6,9.8,103.3,0.125,2022-23,,,,,
1629020,Jarred Vanderbilt,LAL,78,0.604,0.136,114.7,116.2,-1.5,101.21,0.105,2022-23,,,,,
1629714,Jarrell Brantley,UTA,4,0.739,0.172,111.1,94.9,16.2,98.59,0.134,2022-23,,,,,
1628386,Jarrett Allen,CLE,68,0.67,0.162,116.5,108.8,7.7,96.62,0.134,2022-23,,,,,
1629633,Jarrett Culver,ATL,10,0.452,0.164,108.5,114.1,-5.7,103.8,0.068,2022-23,,,,,
1630554,Jason Preston,LAC,14,0.489,0.166,110.0,111.6,-1.6,102.38,0.094,2022-23,,,,,
1629750,Javonte Green,CHI,32,0.646,0.128,112.4,106.5,5.9,102.3,0.082,2022-23,,,,,
1629637,Jaxson Hayes,NOP,47,0.605,0.149,103.4,108.8,-5.4,102.29,0.09,2022-23,,,,,
1630643,Jay Huff,WAS,7,0.796,0.155,117.5,118.5,-1.1,108.2,0.116,2022-23,,,,,
1630206,Jay Scrubb,ORL,2,0.825,0.151,98.5,127.0,-28.5,102.0,0.104,2022-23,,,,,
1627759,Jaylen Brown,BOS,67,0.581,0.307,116.6,111.2,5.4,100.51,0.132,2022-23,,,,,
1629669,Jaylen Nowell,MIN,65,0.527,0.238,111.2,111.3,0.0,105.04,0.095,2022-23,,,,,
1631119,Jaylin Williams,OKC,49,0.559,0.133,111.1,115.7,-4.6,102.18,0.08,2022-23,,,,,
1628369,Jayson Tatum,BOS,74,0.607,0.319,119.2,110.8,8.5,99.76,0.167,2022-23,,,,,
1630288,Jeff Dowtin Jr.,TOR,25,0.5,0.106,112.7,113.3,-0.6,96.95,0.067,2022-23,,,,,
201145,Jeff Green,DEN,56,0.576,0.167,107.1,115.0,-8.0,99.38,0.071,2022-23,,,,,
203924,Jerami Grant,POR,63,0.606,0.227,116.1,117.3,-1.2,99.08,0.099,2022-23,,,,,
1630526,Jeremiah Robinson-Earl,OKC,43,0.548,0.143,112.9,113.8,-0.9,103.67,0.076,2022-23,,,,,
1631110,Jeremy Sochan,SAS,56,0.509,0.195,110.6,117.6,-7.0,102.37,0.074,2022-23,,,,,
1630579,Jericho Sims,NYK,52,0.78,0.074,108.1,114.9,-6.7,97.31,0.086,2022-23,,,,,
1628975,Jevon Carter,MIL,81,0.56,0.149,109.2,107.2,1.9,102.73,0.073,2022-23,,,,,
202710,Jimmy Butler III,MIA,64,0.647,0.248,114.9,113.7,1.2,97.02,0.177,2022-23,,,,,
1629111,Jock Landale,PHX,69,0.595,0.182,113.0,105.1,7.9,102.03,0.106,2022-23,,,,,
203925,Joe Harris,BKN,74,0.621,0.141,112.1,113.2,-1.0,100.26,0.067,2022-23,,,,,
204060,Joe Ingles,MIL,46,0.616,0.122,114.9,112.4,2.5,104.12,0.076,2022-23,,,,,
1630580,Joe Wieskamp,TOR,9,0.321,0.115,93.5,92.5,1.0,103.92,0.006,2022-23,,,,,
203954,Joel Embiid,PHI,66,0.655,0.37,119.0,110.2,8.8,97.34,0.213,2022-23,,,,,
1631219,John Butler Jr.,POR,19,0.411,0.102,100.6,116.7,-16.1,104.97,0.024,2022-23,,,,,
1628381,John Collins,ATL,71,0.593,0.168,115.0,115.2,-0.2,102.6,0.086,2022-23,,,,,
1629723,John Konchar,MEM,72,0.542,0.1,114.6,107.5,7.0,102.79,0.079,2022-23,,,,,
202322,John Wall,LAC,34,0.497,0.259,105.0,111.6,-6.6,102.65,0.102,2022-23,,,,,
1631098,Johnny Davis,WAS,28,0.446,0.192,101.7,107.9,-6.2,102.68,0.051,2022-23,,,,,
1630548,Johnny Juzang,UTA,18,0.411,0.187,97.8,115.6,-17.7,105.09,0.049,2022-23,,,,,
202685,Jonas Valančiūnas,NOP,79,0.61,0.229,112.8,113.5,-0.7,99.83,0.14,2022-23,,,,,
1628371,Jonathan Isaac,ORL,11,0.483,0.198,102.0,107.7,-5.8,99.46,0.153,2022-23,,,,,
1630228,Jonathan Kuminga,GSW,67,0.597,0.195,111.7,113.0,-1.4,103.18,0.085,2022-23,,,,,
203903,Jordan Clarkson,UTA,61,0.558,0.273,117.4,116.6,0.8,100.54,0.102,2022-23,,,,,
1630692,Jordan Goodwin,WAS,62,0.531,0.165,107.1,111.7,-4.5,101.78,0.102,2022-23,,,,,
1631160,Jordan Hall,SAS,9,0.438,0.197,94.9,108.0,-13.1,101.91,0.054,2022-23,,,,,
1629162,Jordan McLaughlin,MIN,43,0.526,0.112,111.7,105.9,5.8,106.51,0.086,2022-23,,,,,
1629670,Jordan Nwora,IND,62,0.561,0.187,107.0,117.2,-10.2,103.63,0.089,2022-23,,,,,
1629673,Jordan Poole,GSW,82,0.573,0.282,111.0,111.8,-0.8,104.15,0.104,2022-23,,,,,
1630648,Jordan Schakel,WAS,2,0.75,0.154,133.3,83.3,50.0,92.41,0.118,2022-23,,,,,
1630631,Jose Alvarado,NOP,61,0.525,0.191,112.1,108.4,3.7,101.79,0.079,2022-23,,,,,
1630528,Josh Christopher,HOU,64,0.523,0.215,105.4,119.3,-13.9,100.28,0.073,2022-23,,,,,
1630581,Josh Giddey,OKC,76,0.533,0.239,111.8,114.0,-2.2,103.17,0.131,2022-23,,,,,
1630182,Josh Green,DAL,60,0.645,0.14,115.3,112.8,2.5,98.96,0.067,2022-23,,,,,
1628404,Josh Hart,NYK,76,0.622,0.124,119.4,113.5,5.9,99.12,0.101,2022-23,,,,,
1631169,Josh Minott,MIN,15,0.582,0.176,116.3,105.9,10.4,109.99,0.106,2022-23,,,,,
1629006,Josh Okogie,PHX,72,0.531,0.174,112.9,108.0,4.9,100.74,0.078,2022-23,,,,,
1626196,Josh Richardson,NOP,65,0.555,0.18,108.4,113.6,-5.2,102.79,0.083,2022-23,,,,,
1630563,Joshua Primo,SAS,4,0.467,0.173,112.7,111.0,1.7,106.68,0.053,2022-23,,,,,
201950,Jrue Holiday,MIL,67,0.586,0.244,117.0,107.9,9.2,102.82,0.135,2022-23,,,,,
1629308,Juan Toscano-Anderson,UTA,52,0.505,0.109,103.8,113.7,-9.9,103.71,0.053,2022-23,,,,,
1627823,Juancho Hernangomez,TOR,42,0.504,0.092,114.3,113.8,0.5,99.21,0.056,2022-23,,,,,
1630577,Julian Champagnie,SAS,17,0.6,0.181,108.2,118.8,-10.6,104.51,0.086,2022-23,,,,,
203944,Julius Randle,NYK,77,0.581,0.288,118.1,115.4,2.7,97.83,0.148,2022-23,,,,,
1630551,Justin Champagnie,BOS,5,0.367,0.188,117.4,126.9,-9.5,95.21,0.061,2022-23,,,,,
203200,Justin Holiday,DAL,46,0.494,0.132,104.8,113.9,-9.1,104.48,0.037,2022-23,,,,,
1628382,Justin Jackson,BOS,23,0.359,0.122,83.0,111.3,-28.3,101.21,0.052,2022-23,,,,,
1631303,Justin Minaya,POR,4,0.363,0.123,108.2,120.2,-12.0,105.08,0.022,2022-23,,,,,
1626159,Justise Winslow,POR,29,0.466,0.139,109.8,112.3,-2.6,98.9,0.063,2022-23,,,,,
203994,Jusuf Nurkić,POR,52,0.589,0.218,114.6,114.3,0.3,99.59,0.119,2022-23,,,,,
1630231,KJ Martin,HOU,82,0.635,0.16,110.6,118.7,-8.0,101.53,0.102,2022-23,,,,,
1629644,KZ Okpala,SAC,35,0.554,0.081,106.4,105.0,1.5,106.83,0.031,2022-23,,,,,
1630539,Kai Jones,CHA,46,0.597,0.121,105.3,108.4,-3.1,102.09,0.073,2022-23,,,,,
1626157,Karl-Anthony Towns,MIN,29,0.618,0.25,111.2,109.4,1.8,102.72,0.138,2022-23,,,,,
202695,Kawhi Leonard,LAC,52,0.623,0.267,118.2,112.1,6.1,98.65,0.159,2022-23,,,,,
1631099,Keegan Murray,SAC,80,0.597,0.156,118.8,117.1,1.7,101.2,0.073,2022-23,,,,,
1628966,Keita Bates-Diop,SAS,67,0.609,0.165,108.1,116.6,-8.5,103.18,0.099,2022-23,,,,,
1629640,Keldon Johnson,SAS,63,0.551,0.273,110.2,121.4,-11.3,101.73,0.103,2022-23,,,,,
203482,Kelly Olynyk,UTA,68,0.643,0.176,116.4,116.0,0.4,100.9,0.1,2022-23,,,,,
1626162,Kelly Oubre Jr.,CHA,48,0.534,0.257,107.6,115.3,-7.7,101.92,0.094,2022-23,,,,,
202689,Kemba Walker,DAL,9,0.543,0.215,110.5,112.4,-1.9,97.4,0.103,2022-23,,,,,
1631112,Kendall Brown,IND,6,0.571,0.093,107.2,99.0,8.2,117.93,0.04,2022-23,,,,,
1629134,Kendrick Nunn,WAS,70,0.53,0.227,110.3,112.6,-2.3,104.1,0.076,2022-23,,,,,
1631113,Kennedy Chandler,MEM,36,0.44,0.15,103.0,108.4,-5.4,103.33,0.085,2022-23,,,,,
1631254,Kenneth Lofton Jr.,MEM,24,0.572,0.267,103.3,116.7,-13.4,99.98,0.129,2022-23,,,,,
1629026,Kenrich Williams,OKC,53,0.585,0.134,113.3,109.2,4.1,101.85,0.096,2022-23,,,,,
203484,Kentavious Caldwell-Pope,DEN,76,0.598,0.136,121.4,111.5,9.8,100.61,0.066,2022-23,,,,,
1631165,Keon Ellis,SAC,16,0.629,0.124,98.0,112.2,-14.3,99.57,0.067,2022-23,,,,,
1630553,Keon Johnson,POR,40,0.482,0.237,103.2,119.3,-16.2,102.72,0.059,2022-23,,,,,
1630556,Kessler Edwards,SAC,36,0.502,0.119,118.0,115.8,2.2,102.22,0.044,2022-23,,,,,
201142,Kevin Durant,PHX,47,0.677,0.305,117.1,110.3,6.8,99.0,0.185,2022-23,,,,,
1628989,Kevin Huerter,SAC,75,0.617,0.197,121.0,116.6,4.5,100.39,0.091,2022-23,,,,,
1628995,Kevin Knox II,POR,63,0.579,0.175,104.3,115.8,-11.4,103.97,0.077,2022-23,,,,,
201567,Kevin Love,MIA,62,0.548,0.185,113.7,109.8,3.9,99.14,0.115,2022-23,,,,,
1629645,Kevin Porter Jr.,HOU,59,0.565,0.239,111.2,119.5,-8.3,99.8,0.112,2022-23,,,,,
1630284,Kevon Harris,ORL,34,0.564,0.129,110.0,109.7,0.3,100.87,0.051,2022-23,,,,,
1626172,Kevon Looney,GSW,82,0.639,0.104,116.4,112.0,4.4,102.64,0.116,2022-23,,,,,
203920,Khem Birch,SAS,20,0.629,0.113,110.6,107.8,2.8,98.02,0.05,2022-23,,,,,
203114,Khris Middleton,MIL,33,0.551,0.259,114.9,108.8,6.1,105.32,0.123,2022-23,,,,,
1630165,Killian Hayes,DET,76,0.455,0.201,106.7,117.6,-10.9,100.24,0.075,2022-23,,,,,
1630184,Kira Lewis Jr.,NOP,25,0.584,0.192,115.2,104.0,11.2,101.62,0.096,2022-23,,,,,
202691,Klay Thompson,GSW,69,0.576,0.256,115.4,112.6,2.9,103.95,0.1,2022-23,,,,,
1628424,Kobi Simmons,CHA,5,0.363,0.119,80.3,115.3,-34.9,103.7,0.078,2022-23,,,,,
1627739,Kris Dunn,UTA,22,0.606,0.195,111.6,115.9,-4.3,105.21,0.133,2022-23,,,,,
204001,Kristaps Porziņģis,WAS,65,0.627,0.272,116.2,114.8,1.4,99.2,0.145,2022-23,,,,,
203937,Kyle Anderson,MIN,69,0.583,0.143,113.9,111.7,2.3,101.66,0.108,2022-23,,,,,
1628398,Kyle Kuzma,WAS,64,0.544,0.273,112.9,112.6,0.3,100.4,0.109,2022-23,,,,,
200768,Kyle Lowry,MIA,55,0.565,0.162,112.4,111.3,1.1,97.13,0.089,2022-23,,,,,
202681,Kyrie Irving,DAL,60,0.613,0.286,117.9,113.2,4.7,98.47,0.146,2022-23,,,,,
1630163,LaMelo Ball,CHA,36,0.541,0.289,112.5,117.3,-4.7,104.37,0.122,2022-23,,,,,
1630205,Lamar Stevens,CLE,62,0.524,0.136,112.2,111.1,1.2,96.64,0.067,2022-23,,,,,
1629013,Landry Shamet,PHX,40,0.537,0.186,109.9,107.7,2.2,100.77,0.075,2022-23,,,,,
1626204,Larry Nance Jr.,NOP,65,0.649,0.118,114.1,107.4,6.7,100.69,0.11,2022-23,,,,,
1628374,Lauri Markkanen,UTA,66,0.64,0.259,117.4,113.6,3.8,101.06,0.154,2022-23,,,,,
2544,LeBron James,LAL,55,0.583,0.322,115.6,111.0,4.6,103.11,0.172,2022-23,,,,,
1630195,Leandro Bolmaro,UTA,14,0.15,0.155,98.7,98.0,0.7,104.1,-0.055,2022-23,,,,,
1631311,Lester Quinones,GSW,4,0.654,0.283,112.2,97.6,14.6,108.63,0.073,2022-23,,,,,
1629623,Lindell Wigginton,MIL,7,0.61,0.251,101.6,121.8,-20.2,103.87,0.083,2022-23,,,,,
1630322,Lindy Waters III,OKC,41,0.573,0.148,115.2,104.8,10.5,103.31,0.073,2022-23,,,,,
1629022,Lonnie Walker IV,LAL,56,0.57,0.198,108.8,116.1,-7.3,104.03,0.074,2022-23,,,,,
1629663,Louis King,PHI,1,0.744,0.205,125.8,120.6,5.2,104.17,0.107,2022-23,,,,,
1629652,Luguentz Dort,OKC,74,0.513,0.194,115.0,114.1,0.9,102.98,0.062,2022-23,,,,,
1629029,Luka Dončić,DAL,66,0.609,0.368,118.1,116.0,2.1,97.63,0.202,2022-23,,,,,
1630568,Luka Garza,MIN,28,0.652,0.245,121.4,119.4,2.0,106.48,0.111,2022-23,,,,,
1629677,Luka Samanic,UTA,7,0.55,0.193,109.6,111.3,-1.7,105.66,0.079,2022-23,,,,,
1628379,Luke Kennard,MEM,59,0.684,0.144,116.5,109.1,7.3,100.32,0.089,2022-23,,,,,
1628436,Luke Kornet,BOS,69,0.697,0.111,111.8,107.9,3.9,101.15,0.099,2022-23,,,,,
1630644,Mac McClung,PHI,2,0.563,0.243,115.2,95.7,19.6,107.53,0.139,2022-23,,,,,
1630201,Malachi Flynn,TOR,53,0.479,0.168,109.9,113.4,-3.5,99.05,0.056,2022-23,,,,,
1631103,Malaki Branham,SAS,66,0.524,0.188,108.3,119.4,-11.1,104.36,0.065,2022-23,,,,,
1627763,Malcolm Brogdon,BOS,67,0.615,0.223,114.4,109.3,5.1,99.91,0.133,2022-23,,,,,
1630792,Malcolm Hill,CHI,5,0.625,0.167,104.3,65.2,39.1,120.66,0.147,2022-23,,,,,
1627736,Malik Beasley,LAL,81,0.531,0.207,112.4,114.6,-2.2,102.18,0.079,2022-23,,,,,
1628370,Malik Monk,SAC,77,0.587,0.247,113.8,112.7,1.0,103.61,0.116,2022-23,,,,,
1629603,Mamadi Diakite,CLE,22,0.56,0.164,104.6,103.9,0.7,95.93,0.057,2022-23,,,,,
1630699,MarJon Beauchamp,MIL,52,0.513,0.175,105.8,112.9,-7.2,103.07,0.051,2022-23,,,,,
202694,Marcus Morris Sr.,LAC,65,0.534,0.176,113.7,113.9,-0.3,98.01,0.072,2022-23,,,,,
203935,Marcus Smart,BOS,61,0.538,0.176,118.1,111.7,6.3,100.71,0.076,2022-23,,,,,
1631109,Mark Williams,CHA,43,0.659,0.168,105.6,110.3,-4.7,102.35,0.133,2022-23,,,,,
1628365,Markelle Fultz,ORL,60,0.564,0.208,110.3,114.0,-3.7,101.23,0.111,2022-23,,,,,
202693,Markieff Morris,DAL,35,0.553,0.159,111.2,109.5,1.7,106.59,0.066,2022-23,,,,,
1630250,Marko Simonovic,CHI,7,0.381,0.145,108.2,80.9,27.3,117.57,-0.045,2022-23,,,,,
1628963,Marvin Bagley III,DET,42,0.587,0.202,107.3,117.9,-10.6,100.15,0.112,2022-23,,,,,
203486,Mason Plumlee,LAC,79,0.689,0.149,111.5,117.4,-5.9,102.23,0.127,2022-23,,,,,
1629680,Matisse Thybulle,POR,71,0.552,0.102,109.9,110.3,-0.5,101.68,0.055,2022-23,,,,,
1630346,Matt Ryan,MIN,34,0.538,0.157,112.3,110.1,2.2,106.39,0.047,2022-23,,,,,
203521,Matthew Dellavedova,SAC,32,0.443,0.122,98.3,107.1,-8.8,106.81,0.051,2022-23,,,,,
1631108,Max Christie,LAL,41,0.566,0.1,106.1,113.2,-7.1,103.55,0.058,2022-23,,,,,
1629622,Max Strus,MIA,80,0.557,0.17,109.3,113.1,-3.8,97.54,0.073,2022-23,,,,,
1628467,Maxi Kleber,DAL,37,0.592,0.1,110.7,113.6,-2.9,98.84,0.056,2022-23,,,,,
1630593,McKinley Wright IV,DAL,27,0.536,0.16,102.7,117.6,-14.9,100.36,0.091,2022-23,,,,,
203086,Meyers Leonard,MIL,9,0.652,0.14,109.8,122.2,-12.5,103.18,0.068,2022-23,,,,,
1629662,Mfiondu Kabengele,BOS,4,0.381,0.107,108.3,115.3,-6.9,94.86,0.046,2022-23,,,,,
1630695,Micah Potter,UTA,7,0.8,0.121,95.8,100.0,-4.2,108.01,0.159,2022-23,,,,,
203487,Michael Carter-Williams,ORL,4,0.498,0.191,95.7,128.1,-32.4,97.65,0.055,2022-23,,,,,
1630701,Michael Foster Jr.,PHI,1,0.0,0.0,0.0,100.0,-100.0,92.9,0.0,2022-23,,,,,
1629008,Michael Porter Jr.,DEN,62,0.621,0.22,122.6,112.2,10.4,100.42,0.103,2022-23,,,,,
1628969,Mikal Bridges,BKN,83,0.587,0.223,114.0,113.2,0.8,98.56,0.112,2022-23,,,,,
201144,Mike Conley,MIN,67,0.583,0.161,117.3,116.1,1.3,100.09,0.099,2022-23,,,,,
203488,Mike Muscala,BOS,63,0.608,0.146,116.4,107.6,8.8,104.22,0.087,2022-23,,,,,
1630540,Miles McBride,NYK,64,0.475,0.141,110.9,107.3,3.6,99.5,0.049,2022-23,,,,,
1629011,Mitchell Robinson,NYK,59,0.652,0.101,119.9,112.6,7.3,97.13,0.101,2022-23,,,,,
1628964,Mo Bamba,LAL,49,0.602,0.166,113.0,111.5,1.5,99.32,0.101,2022-23,,,,,
1628420,Monte Morris,WAS,62,0.579,0.155,117.4,117.3,0.1,99.63,0.102,2022-23,,,,,
1626149,Montrezl Harrell,PHI,57,0.631,0.178,111.9,109.6,2.2,101.28,0.103,2022-23,,,,,
1629021,Moritz Wagner,ORL,57,0.63,0.201,109.4,110.6,-1.1,102.32,0.115,2022-23,,,,,
1629650,Moses Brown,LAC,36,0.607,0.188,111.5,108.1,3.5,101.75,0.133,2022-23,,,,,
1630541,Moses Moody,GSW,63,0.603,0.141,110.7,111.3,-0.6,103.94,0.07,2022-23,,,,,
1631217,Moussa Diabaté,LAC,22,0.546,0.125,109.2,112.4,-3.2,102.39,0.068,2022-23,,,,,
1626167,Myles Turner,IND,62,0.651,0.225,115.1,116.3,-1.2,101.22,0.125,2022-23,,,,,
1630230,Naji Marshall,NOP,77,0.539,0.172,111.2,111.4,-0.1,101.09,0.086,2022-23,,,,,
1629642,Nassir Little,POR,54,0.555,0.158,111.1,119.9,-8.8,99.56,0.068,2022-23,,,,,
1631466,Nate Williams,POR,5,0.657,0.139,109.7,120.7,-11.0,106.95,0.067,2022-23,,,,,
1630233,Nathan Knight,MIN,38,0.655,0.177,109.6,111.9,-2.3,106.24,0.076,2022-23,,,,,
1629675,Naz Reid,MIN,68,0.617,0.242,109.2,113.3,-4.2,104.39,0.122,2022-23,,,,,
1629674,Neemias Queta,SAC,5,0.607,0.141,78.3,121.7,-43.5,115.44,0.089,2022-23,,,,,
203457,Nerlens Noel,BKN,17,0.424,0.113,97.4,114.2,-16.8,105.4,0.046,2022-23,,,,,
1629651,Nic Claxton,BKN,76,0.691,0.155,115.1,111.3,3.7,98.59,0.134,2022-23,,,,,
1630208,Nick Richards,CHA,65,0.676,0.151,107.5,112.0,-4.5,101.86,0.12,2022-23,,,,,
1629638,Nickeil Alexander-Walker,MIN,59,0.565,0.177,109.8,111.8,-2.0,102.8,0.077,2022-23,,,,,
201587,Nicolas Batum,LAC,78,0.594,0.111,114.5,110.0,4.5,101.32,0.072,2022-23,,,,,
203999,Nikola Jokić,DEN,69,0.701,0.263,124.2,111.6,12.5,100.42,0.211,2022-23,,,,,
1631107,Nikola Jović,MIA,15,0.53,0.185,105.7,109.2,-3.5,99.19,0.07,2022-23,,,,,
202696,Nikola Vučević,CHI,82,0.594,0.218,112.3,112.8,-0.5,99.31,0.143,2022-23,,,,,
203943,Noah Vonleh,BOS,23,0.502,0.09,111.8,113.2,-1.4,100.82,0.024,2022-23,,,,,
1626181,Norman Powell,LAC,60,0.612,0.251,109.2,113.0,-3.8,101.66,0.11,2022-23,,,,,
1628384,OG Anunoby,TOR,67,0.586,0.192,114.4,111.4,3.0,98.34,0.087,2022-23,,,,,
1630167,Obi Toppin,NYK,67,0.565,0.187,112.8,110.4,2.4,101.35,0.095,2022-23,,,,,
1630534,Ochai Agbaji,UTA,59,0.561,0.154,114.4,114.6,-0.2,103.39,0.052,2022-23,,,,,
1630846,Olivier Sarr,OKC,9,0.544,0.13,110.9,104.2,6.8,100.95,0.069,2022-23,,,,,
1630209,Omer Yurtseven,MIA,9,0.675,0.159,117.2,115.5,1.7,102.08,0.088,2022-23,,,,,
1630168,Onyeka Okongwu,ATL,80,0.678,0.15,114.2,112.4,1.8,101.77,0.111,2022-23,,,,,
1631115,Orlando Robinson,MIA,31,0.565,0.116,110.3,106.6,3.8,97.6,0.086,2022-23,,,,,
1629052,Oshae Brissett,IND,65,0.52,0.155,112.4,111.8,0.6,102.21,0.073,2022-23,,,,,
203490,Otto Porter Jr.,TOR,8,0.656,0.104,109.5,114.6,-5.0,100.53,0.09,2022-23,,,,,
1631172,Ousmane Dieng,OKC,39,0.505,0.154,110.3,107.4,2.9,102.67,0.074,2022-23,,,,,
200782,P.J. Tucker,PHI,75,0.566,0.066,117.3,113.3,4.0,96.47,0.032,2022-23,,,,,
1629023,P.J. Washington,CHA,73,0.542,0.2,107.5,114.8,-7.2,103.2,0.083,2022-23,,,,,
1628408,PJ Dozier,SAC,16,0.333,0.203,94.1,107.0,-12.9,103.14,0.058,2022-23,,,,,
1631094,Paolo Banchero,ORL,72,0.529,0.272,111.1,115.3,-4.2,100.66,0.108,2022-23,,,,,
1627783,Pascal Siakam,TOR,71,0.565,0.27,115.6,113.3,2.4,98.17,0.135,2022-23,,,,,
1626192,Pat Connaughton,MIL,61,0.531,0.133,113.3,109.9,3.4,103.42,0.075,2022-23,,,,,
1631116,Patrick Baldwin Jr.,GSW,31,0.546,0.227,100.8,113.2,-12.3,102.65,0.092,2022-23,,,,,
201976,Patrick Beverley,CHI,67,0.534,0.107,111.6,113.1,-1.5,100.08,0.056,2022-23,,,,,
1630172,Patrick Williams,CHI,82,0.576,0.156,110.7,113.2,-2.4,100.05,0.069,2022-23,,,,,
201988,Patty Mills,BKN,40,0.554,0.182,111.2,117.0,-5.8,103.51,0.069,2022-23,,,,,
202331,Paul George,LAC,56,0.588,0.294,116.5,112.5,4.0,98.46,0.135,2022-23,,,,,
1630194,Paul Reed,PHI,69,0.62,0.152,111.0,111.5,-0.4,100.08,0.106,2022-23,,,,,
1630202,Payton Pritchard,BOS,48,0.536,0.193,107.9,106.5,1.4,99.69,0.076,2022-23,,,,,
1631212,Peyton Watson,DEN,23,0.553,0.174,101.6,113.5,-12.0,98.91,0.087,2022-23,,,,,
1630173,Precious Achiuwa,TOR,55,0.554,0.19,114.0,115.6,-1.6,98.04,0.1,2022-23,,,,,
1629656,Quentin Grimes,NYK,71,0.619,0.142,118.6,114.2,4.4,97.97,0.07,2022-23,,,,,
1631245,Quenton Jackson,WAS,9,0.542,0.164,104.6,111.3,-6.7,107.53,0.071,2022-23,,,,,
1630181,R.J. Hampton,DET,47,0.558,0.175,107.1,115.8,-8.7,99.76,0.074,2022-23,,,,,
1629628,RJ Barrett,NYK,73,0.531,0.256,115.3,116.5,-1.2,98.88,0.087,2022-23,,,,,
1630564,RaiQuan Gray,BKN,1,0.621,0.205,108.2,125.7,-17.5,100.56,0.107,2022-23,,,,,
203526,Raul Neto,CLE,48,0.628,0.133,111.2,109.8,1.4,96.76,0.087,2022-23,,,,,
203493,Reggie Bullock Jr.,DAL,78,0.577,0.098,114.7,116.5,-1.8,97.23,0.052,2022-23,,,,,
202704,Reggie Jackson,DEN,68,0.514,0.205,109.5,111.7,-2.2,98.47,0.073,2022-23,,,,,
1626158,Richaun Holmes,SAC,42,0.668,0.132,104.2,113.5,-9.3,102.47,0.078,2022-23,,,,,
201937,Ricky Rubio,CLE,33,0.442,0.172,107.2,104.2,3.0,98.21,0.084,2022-23,,,,,
203496,Robert Covington,LAC,48,0.584,0.149,109.2,110.2,-1.0,100.85,0.097,2022-23,,,,,
1629057,Robert Williams III,BOS,35,0.742,0.113,116.3,105.0,11.4,100.19,0.13,2022-23,,,,,
201577,Robin Lopez,CLE,37,0.675,0.156,102.3,111.0,-8.7,99.38,0.07,2022-23,,,,,
203585,Rodney McGruder,DET,32,0.566,0.135,111.5,114.9,-3.5,101.01,0.067,2022-23,,,,,
1629641,Romeo Langford,SAS,43,0.524,0.148,107.0,115.5,-8.5,103.64,0.059,2022-23,,,,,
1631199,Ron Harper Jr.,TOR,9,0.608,0.136,119.8,98.0,21.8,98.02,0.098,2022-23,,,,,
1626220,Royce O'Neale,BKN,76,0.538,0.136,113.9,111.8,2.1,98.52,0.067,2022-23,,,,,
200752,Rudy Gay,UTA,56,0.475,0.173,111.5,108.6,2.9,103.11,0.07,2022-23,,,,,
203497,Rudy Gobert,MIN,70,0.675,0.161,110.8,110.3,0.4,100.29,0.137,2022-23,,,,,
1629060,Rui Hachimura,LAL,63,0.556,0.194,108.5,109.7,-1.2,102.74,0.098,2022-23,,,,,
201566,Russell Westbrook,LAC,73,0.513,0.266,114.1,114.3,-0.2,104.59,0.115,2022-23,,,,,
1627853,Ryan Arcidiacono,NYK,20,0.351,0.106,93.2,105.9,-12.8,104.72,0.026,2022-23,,,,,
1631157,Ryan Rollins,GSW,12,0.508,0.26,73.2,111.3,-38.1,104.78,0.009,2022-23,,,,,
1630240,Saben Lee,PHX,25,0.517,0.184,100.7,105.1,-4.4,103.51,0.097,2022-23,,,,,
1630180,Saddiq Bey,ATL,77,0.564,0.194,113.9,117.0,-3.1,102.41,0.094,2022-23,,,,,
1630573,Sam Hauser,BOS,80,0.634,0.141,114.1,106.4,7.7,101.51,0.084,2022-23,,,,,
1630241,Sam Merrill,CLE,5,0.546,0.177,99.2,102.5,-3.3,98.84,0.12,2022-23,,,,,
1630572,Sandro Mamukelashvili,SAS,43,0.516,0.177,106.3,116.4,-10.1,102.34,0.091,2022-23,,,,,
1630583,Santi Aldama,MEM,77,0.591,0.157,112.7,110.2,2.6,102.96,0.093,2022-23,,,,,
1630567,Scottie Barnes,TOR,77,0.524,0.2,114.8,111.6,3.2,98.71,0.103,2022-23,,,,,
1630590,Scotty Pippen Jr.,LAL,6,0.439,0.231,89.4,90.9,-1.5,100.52,0.051,2022-23,,,,,
201586,Serge Ibaka,MIL,16,0.553,0.159,101.0,107.6,-6.5,99.18,0.068,2022-23,,,,,
203552,Seth Curry,BKN,61,0.593,0.188,110.4,113.9,-3.5,100.21,0.079,2022-23,,,,,
1631101,Shaedon Sharpe,POR,80,0.568,0.186,110.8,118.4,-7.6,100.99,0.071,2022-23,,,,,
1628983,Shai Gilgeous-Alexander,OKC,68,0.626,0.318,116.1,113.3,2.7,103.47,0.175,2022-23,,,,,
1629003,Shake Milton,PHI,76,0.575,0.175,114.1,110.2,3.9,101.46,0.09,2022-23,,,,,
1627885,Shaquille Harrison,LAL,5,0.516,0.162,113.0,113.4,-0.4,104.87,0.117,2022-23,,,,,
1631323,Simone Fontecchio,UTA,52,0.495,0.192,105.2,118.3,-13.1,104.96,0.046,2022-23,,,,,
1630219,Skylar Mays,POR,6,0.624,0.182,108.4,124.8,-16.3,106.16,0.113,2022-23,,,,,
203915,Spencer Dinwiddie,BKN,79,0.573,0.22,114.1,114.2,-0.1,96.28,0.113,2022-23,,,,,
1626169,Stanley Johnson,UTA,30,0.625,0.148,111.5,118.5,-7.0,103.87,0.093,2022-23,,,,,
1630649,Stanley Umude,DET,1,0.532,0.5,175.0,80.0,95.0,102.05,0.25,2022-23,,,,,
201939,Stephen Curry,GSW,56,0.656,0.297,118.1,112.4,5.8,104.68,0.166,2022-23,,,,,
1628425,Sterling Brown,LAL,4,0.0,0.061,106.8,106.3,0.4,120.18,0.031,2022-23,,,,,
203500,Steven Adams,MEM,42,0.564,0.139,118.7,109.0,9.7,101.29,0.112,2022-23,,,,,
1629004,Svi Mykhailiuk,CHA,32,0.584,0.191,109.6,108.5,1.0,101.51,0.092,2022-23,,,,,
204456,T.J. McConnell,IND,75,0.59,0.182,110.5,112.9,-2.4,103.95,0.134,2022-23,,,,,
203933,T.J. Warren,PHX,42,0.55,0.185,112.8,108.4,4.4,102.51,0.09,2022-23,,,,,
201959,Taj Gibson,WAS,49,0.585,0.151,110.6,111.7,-1.1,99.51,0.059,2022-23,,,,,
1629659,Talen Horton-Tucker,UTA,65,0.508,0.25,112.0,112.0,0.1,103.46,0.1,2022-23,,,,,
1631106,Tari Eason,HOU,82,0.525,0.184,108.6,113.4,-4.8,101.96,0.095,2022-23,,,,,
1627752,Taurean Prince,MIN,54,0.597,0.165,111.9,111.0,0.9,105.09,0.065,2022-23,,,,,
1629611,Terance Mann,LAC,81,0.619,0.149,113.7,113.5,0.3,99.03,0.087,2022-23,,,,,
1629056,Terence Davis,SAC,64,0.563,0.215,115.4,111.4,4.0,104.19,0.08,2022-23,,,,,
203082,Terrence Ross,PHX,63,0.544,0.166,112.1,114.7,-2.6,100.53,0.069,2022-23,,,,,
1626179,Terry Rozier,CHA,63,0.517,0.262,109.3,115.6,-6.2,101.87,0.101,2022-23,,,,,
1630678,Terry Taylor,CHI,31,0.557,0.129,113.2,108.8,4.5,105.41,0.059,2022-23,,,,,
201152,Thaddeus Young,TOR,54,0.573,0.131,109.4,115.0,-5.6,99.14,0.084,2022-23,,,,,
203648,Thanasis Antetokounmpo,MIL,37,0.458,0.138,93.6,120.1,-26.6,104.63,0.041,2022-23,,,,,
1630177,Theo Maledon,CHA,44,0.515,0.166,106.9,115.8,-8.9,102.36,0.091,2022-23,,,,,
1629033,Theo Pinson,DAL,40,0.512,0.136,108.6,116.2,-7.6,103.82,0.073,2022-23,,,,,
1628418,Thomas Bryant,DEN,59,0.682,0.181,111.1,115.8,-4.7,102.1,0.129,2022-23,,,,,
203501,Tim Hardaway Jr.,DAL,71,0.554,0.201,117.9,114.5,3.4,97.41,0.081,2022-23,,,,,
202699,Tobias Harris,PHI,74,0.602,0.18,117.2,111.7,5.5,96.53,0.105,2022-23,,,,,
1628396,Tony Bradley,CHI,12,0.69,0.174,106.1,96.2,9.9,115.81,0.147,2022-23,,,,,
1628470,Torrey Craig,PHX,79,0.566,0.128,111.9,115.5,-3.7,99.62,0.073,2022-23,,,,,
1629027,Trae Young,ATL,73,0.573,0.313,115.9,114.6,1.3,104.39,0.143,2022-23,,,,,
1630200,Tre Jones,SAS,68,0.534,0.189,110.9,118.8,-7.8,102.8,0.111,2022-23,,,,,
1630544,Tre Mann,OKC,67,0.492,0.2,109.3,108.2,1.0,102.78,0.072,2022-23,,,,,
1630570,Trendon Watford,POR,62,0.625,0.158,110.8,117.9,-7.1,100.5,0.097,2022-23,,,,,
1630235,Trent Forrest,ATL,23,0.424,0.116,104.3,114.4,-10.1,101.47,0.055,2022-23,,,,,
1630243,Trevelin Queen,PHI,7,0.337,0.194,107.2,98.0,9.2,104.23,0.046,2022-23,,,,,
1631309,Trevor Hudgins,HOU,5,0.436,0.177,105.3,98.3,7.0,97.41,0.032,2022-23,,,,,
1631211,Trevor Keels,NYK,3,0.375,0.211,42.1,136.8,-94.7,113.43,0.058,2022-23,,,,,
1626168,Trey Lyles,SAC,74,0.607,0.174,116.3,112.3,4.0,102.64,0.099,2022-23,,,,,
1630530,Trey Murphy III,NOP,79,0.65,0.159,113.3,112.8,0.5,100.62,0.094,2022-23,,,,,
1628972,Troy Brown Jr.,LAL,76,0.561,0.119,112.0,112.5,-0.5,102.11,0.067,2022-23,,,,,
1629660,Ty Jerome,GSW,45,0.594,0.147,110.7,116.3,-5.6,102.32,0.092,2022-23,,,,,
1631102,TyTy Washington Jr.,HOU,31,0.432,0.17,104.9,111.0,-6.1,100.83,0.057,2022-23,,,,,
1628416,Tyler Dorsey,DAL,3,0.9,0.227,88.2,81.3,7.0,96.0,0.365,2022-23,,,,,
1629639,Tyler Herro,MIA,67,0.566,0.25,113.9,111.3,2.7,97.15,0.119,2022-23,,,,,
1630169,Tyrese Haliburton,IND,56,0.624,0.238,116.9,117.9,-1.0,101.45,0.159,2022-23,,,,,
1631213,Tyrese Martin,ATL,16,0.44,0.164,106.7,104.4,2.3,99.6,0.054,2022-23,,,,,
1630178,Tyrese Maxey,PHI,60,0.605,0.236,118.0,112.6,5.4,97.53,0.109,2022-23,,,,,
1626145,Tyus Jones,MEM,80,0.546,0.175,113.6,111.6,2.0,102.41,0.116,2022-23,,,,,
1628962,Udoka Azubuike,UTA,36,0.774,0.113,103.2,114.9,-11.7,104.96,0.114,2022-23,,,,,
2617,Udonis Haslem,MIA,7,0.433,0.185,103.9,115.7,-11.8,103.83,0.022,2022-23,,,,,
1630586,Usman Garuba,HOU,75,0.569,0.099,103.3,115.5,-12.2,102.41,0.079,2022-23,,,,,
1630176,Vernon Carey Jr.,UTA,11,0.338,0.147,74.6,91.9,-17.3,105.32,0.11,2022-23,,,,,
203506,Victor Oladipo,MIA,42,0.513,0.204,110.1,111.5,-1.5,98.07,0.076,2022-23,,,,,
1631246,Vince Williams Jr.,MEM,15,0.367,0.176,89.2,104.0,-14.8,102.57,0.024,2022-23,,,,,
1628427,Vlatko Čančar,DEN,60,0.606,0.134,109.1,113.1,-3.9,99.56,0.076,2022-23,,,,,
1630249,Vít Krejčí,ATL,29,0.475,0.108,107.7,109.5,-1.8,100.83,0.053,2022-23,,,,,
1631117,Walker Kessler,UTA,74,0.702,0.13,115.7,112.7,3.0,101.47,0.128,2022-23,,,,,
1628976,Wendell Carter Jr.,ORL,57,0.621,0.204,110.5,111.4,-0.8,100.17,0.126,2022-23,,,,,
1631111,Wendell Moore Jr.,MIN,29,0.465,0.139,99.4,112.9,-13.5,108.48,0.06,2022-23,,,,,
1629117,Wenyen Gabriel,LAL,68,0.626,0.135,111.2,111.4,-0.2,103.95,0.082,2022-23,,,,,
202083,Wesley Matthews,MIL,52,0.519,0.095,111.1,108.3,2.8,104.52,0.041,2022-23,,,,,
203115,Will Barton,TOR,56,0.493,0.182,104.9,113.2,-8.4,100.14,0.078,2022-23,,,,,
1626195,Willy Hernangomez,NOP,38,0.61,0.222,108.5,106.8,1.7,104.25,0.141,2022-23,,,,,
1641645,Xavier Cooks,WAS,10,0.586,0.127,114.8,107.3,7.4,108.76,0.078,2022-23,,,,,
1629875,Xavier Moon,LAC,4,0.389,0.233,92.3,82.5,9.8,96.9,0.1,2022-23,,,,,
1630270,Xavier Sneed,CHA,4,0.723,0.136,85.6,110.4,-24.8,104.51,0.074,2022-23,,,,,
1630214,Xavier Tillman,MEM,61,0.621,0.136,110.9,110.1,0.7,103.19,0.105,2022-23,,,,,
1629139,Yuta Watanabe,BKN,58,0.637,0.127,112.3,112.9,-0.6,101.71,0.076,2022-23,,,,,
1628380,Zach Collins,SAS,63,0.599,0.209,108.7,116.3,-7.5,104.06,0.11,2022-23,,,,,
203897,Zach LaVine,CHI,77,0.607,0.278,112.0,111.7,0.3,99.7,0.126,2022-23,,,,,
1630192,Zeke Nnaji,DEN,53,0.62,0.149,101.5,107.4,-5.9,98.4,0.072,2022-23,,,,,
1630533,Ziaire Williams,MEM,37,0.511,0.178,106.9,112.2,-5.2,102.8,0.052,2022-23,,,,,
1629627,Zion Williamson,NOP,29,0.652,0.288,116.2,108.4,7.8,102.17,0.171,2022-23,,,,,
1630639,A.J. Lawson,DAL,42,0.519,0.18,106.6,105.3,1.2,107.53,0.076,2023-24,,,,,
1631260,AJ Green,MIL,56,0.617,0.15,114.0,110.5,3.5,98.96,0.068,2023-24,,,,,
1631100,AJ Griffin,ATL,20,0.382,0.167,106.0,120.1,-14.0,106.84,0.017,2023-24,,,,,
203932,Aaron Gordon,DEN,73,0.607,0.174,119.8,111.1,8.7,98.01,0.103,2023-24,,,,,
1628988,Aaron Holiday,HOU,78,0.578,0.158,110.5,107.6,2.9,102.24,0.078,2023-24,,,,,
1630174,Aaron Nesmith,IND,72,0.631,0.158,119.3,115.0,4.3,102.47,0.071,2023-24,,,,,
1630598,Aaron Wiggins,OKC,78,0.664,0.163,115.6,110.0,5.7,100.83,0.096,2023-24,,,,,
1641745,Adam Flagler,OKC,2,0.214,0.212,109.7,109.7,0.0,106.16,0.013,2023-24,,,,,
1641766,Adama Sanogo,CHI,9,0.558,0.21,115.3,93.6,21.7,104.01,0.149,2023-24,,,,,
1629678,Admiral Schofield,ORL,23,0.484,0.167,90.4,95.6,-5.2,101.85,0.063,2023-24,,,,,
201143,Al Horford,BOS,65,0.65,0.119,120.9,109.5,11.4,98.77,0.105,2023-24,,,,,
202692,Alec Burks,NYK,66,0.536,0.234,107.8,118.5,-10.7,100.63,0.087,2023-24,,,,,
1630197,Aleksej Pokusevski,CHA,28,0.525,0.172,103.5,113.2,-9.7,97.8,0.095,2023-24,,,,,
1627936,Alex Caruso,CHI,71,0.613,0.146,110.9,110.6,0.3,99.21,0.089,2023-24,,,,,
1641788,Alex Fudge,DAL,6,0.472,0.176,81.8,129.1,-47.3,103.84,0.052,2023-24,,,,,
203458,Alex Len,SAC,48,0.625,0.114,116.3,100.8,15.4,101.73,0.092,2023-24,,,,,
1631214,Alondes Williams,MIA,7,0.296,0.25,57.9,110.5,-52.6,116.96,-0.067,2023-24,,,,,
1630578,Alperen Sengun,HOU,63,0.585,0.27,113.9,113.2,0.8,99.22,0.149,2023-24,,,,,
1641735,Amari Bailey,CHA,10,0.425,0.207,111.4,106.0,5.4,98.77,0.058,2023-24,,,,,
1641708,Amen Thompson,HOU,62,0.576,0.173,111.4,109.3,2.1,102.77,0.121,2023-24,,,,,
1629599,Amir Coffey,LAC,70,0.604,0.119,114.6,118.0,-3.4,100.74,0.059,2023-24,,,,,
203083,Andre Drummond,CHI,79,0.576,0.201,114.1,113.3,0.8,97.97,0.155,2023-24,,,,,
1641748,Andre Jackson Jr.,MIL,57,0.596,0.097,112.3,119.6,-7.3,102.32,0.044,2023-24,,,,,
1641847,Andrew Funk,CHI,5,0.0,0.108,110.3,93.3,17.0,105.67,-0.045,2023-24,,,,,
1629614,Andrew Nembhard,IND,68,0.573,0.161,116.1,114.0,2.2,101.82,0.075,2023-24,,,,,
203952,Andrew Wiggins,GSW,71,0.544,0.206,114.9,116.3,-1.3,101.06,0.078,2023-24,,,,,
1629014,Anfernee Simons,POR,46,0.568,0.276,109.9,120.5,-10.6,97.9,0.111,2023-24,,,,,
1641710,Anthony Black,ORL,69,0.56,0.123,108.0,108.9,-1.0,100.09,0.054,2023-24,,,,,
203076,Anthony Davis,LAL,76,0.621,0.261,116.5,114.0,2.6,102.06,0.168,2023-24,,,,,
1630162,Anthony Edwards,MIN,79,0.575,0.314,115.8,108.5,7.3,98.18,0.145,2023-24,,,,,
1630264,Anthony Gill,WAS,50,0.537,0.177,113.3,112.1,1.2,104.03,0.074,2023-24,,,,,
1629717,Armoni Brooks,BKN,10,0.448,0.188,127.7,114.0,13.7,98.52,0.054,2023-24,,,,,
1630204,Ashton Hagans,POR,19,0.51,0.144,105.3,106.5,-1.1,96.51,0.068,2023-24,,,,,
1641709,Ausar Thompson,DET,63,0.522,0.161,107.7,113.1,-5.3,101.67,0.084,2023-24,,,,,
1630559,Austin Reaves,LAL,82,0.613,0.198,114.6,115.6,-1.0,101.93,0.105,2023-24,,,,,
1630245,Ayo Dosunmu,CHI,76,0.604,0.168,111.6,114.9,-3.3,98.13,0.083,2023-24,,,,,
1628389,Bam Adebayo,MIA,71,0.576,0.247,110.1,109.3,0.8,97.43,0.152,2023-24,,,,,
1641767,Ben Sheppard,IND,57,0.524,0.125,118.8,114.2,4.7,104.58,0.046,2023-24,,,,,
1627732,Ben Simmons,BKN,15,0.571,0.126,109.6,113.0,-3.4,102.24,0.119,2023-24,,,,,
1631097,Bennedict Mathurin,IND,59,0.562,0.226,115.0,117.9,-2.9,103.79,0.087,2023-24,,,,,
1641731,Bilal Coulibaly,WAS,63,0.543,0.139,107.4,118.4,-11.0,103.33,0.057,2023-24,,,,,
202687,Bismack Biyombo,OKC,40,0.562,0.106,110.2,114.1,-3.8,99.64,0.065,2023-24,,,,,
1631104,Blake Wesley,SAS,61,0.537,0.144,104.6,112.4,-7.8,103.71,0.069,2023-24,,,,,
1626246,Boban Marjanovic,HOU,14,0.56,0.247,101.9,115.3,-13.4,106.61,0.157,2023-24,,,,,
1626171,Bobby Portis,MIL,82,0.581,0.224,115.9,116.0,-0.1,100.49,0.122,2023-24,,,,,
203992,Bogdan Bogdanović,ATL,79,0.569,0.218,116.3,114.4,1.9,101.32,0.092,2023-24,,,,,
202711,Bojan Bogdanovic,NYK,57,0.581,0.242,109.9,121.3,-11.4,99.57,0.083,2023-24,,,,,
1629626,Bol Bol,PHX,43,0.7,0.156,108.9,108.8,0.1,100.45,0.133,2023-24,,,,,
1630538,Bones Hyland,LAC,37,0.49,0.241,105.5,111.5,-6.0,99.78,0.081,2023-24,,,,,
203078,Bradley Beal,PHX,53,0.607,0.224,116.2,113.2,3.0,100.08,0.106,2023-24,,,,,
1641764,Brandin Podziemski,GSW,74,0.54,0.149,117.5,111.6,5.9,100.27,0.094,2023-24,,,,,
1630527,Brandon Boston,LAC,32,0.476,0.24,102.4,118.0,-15.7,100.4,0.046,2023-24,,,,,
1629634,Brandon Clarke,MEM,6,0.548,0.188,100.7,104.6,-3.9,101.31,0.126,2023-24,,,,,
1627742,Brandon Ingram,NOP,64,0.578,0.269,116.6,112.6,4.0,98.78,0.126,2023-24,,,,,
1641706,Brandon Miller,CHA,74,0.552,0.235,108.9,119.1,-10.2,98.38,0.083,2023-24,,,,,
1630314,Brandon Williams,DAL,17,0.439,0.239,91.9,113.6,-21.7,105.68,0.069,2023-24,,,,,
1630296,Braxton Key,DEN,20,0.536,0.148,95.5,103.8,-8.3,106.43,0.143,2023-24,,,,,
1641729,Brice Sensabaugh,UTA,32,0.511,0.201,109.3,123.5,-14.2,101.44,0.065,2023-24,,,,,
201572,Brook Lopez,MIL,79,0.608,0.156,117.1,111.9,5.2,102.16,0.083,2023-24,,,,,
1628971,Bruce Brown,TOR,67,0.563,0.161,115.6,121.4,-5.8,102.72,0.076,2023-24,,,,,
1628981,Bruno Fernando,ATL,45,0.615,0.172,107.5,113.9,-6.4,99.37,0.096,2023-24,,,,,
1631121,Bryce McGowens,CHA,59,0.565,0.147,103.3,116.3,-13.0,99.37,0.06,2023-24,,,,,
1631205,Buddy Boeheim,DET,10,0.509,0.161,114.2,104.0,10.2,99.71,0.057,2023-24,,,,,
1627741,Buddy Hield,PHI,84,0.578,0.186,116.9,115.7,1.1,101.65,0.083,2023-24,,,,,
203468,CJ McCollum,NOP,66,0.592,0.244,115.9,112.2,3.7,99.19,0.118,2023-24,,,,,
1630595,Cade Cunningham,DET,62,0.546,0.298,109.9,117.8,-7.9,100.77,0.126,2023-24,,,,,
1631216,Caleb Houstan,ORL,59,0.582,0.122,109.4,111.2,-1.8,96.61,0.051,2023-24,,,,,
1628997,Caleb Martin,MIA,64,0.531,0.168,113.0,111.1,1.9,96.41,0.075,2023-24,,,,,
1629629,Cam Reddish,LAL,48,0.504,0.123,109.7,112.5,-2.8,103.36,0.044,2023-24,,,,,
1630560,Cam Thomas,BKN,66,0.554,0.296,111.5,116.7,-5.2,99.74,0.105,2023-24,,,,,
1641715,Cam Whitmore,HOU,47,0.561,0.255,110.6,111.6,-1.0,103.65,0.11,2023-24,,,,,
1629661,Cameron Johnson,BKN,58,0.582,0.19,111.5,114.9,-3.4,98.52,0.097,2023-24,,,,,
1626166,Cameron Payne,PHI,78,0.566,0.185,112.4,113.2,-0.8,100.61,0.083,2023-24,,,,,
1627747,Caris LeVert,CLE,68,0.524,0.224,113.9,111.2,2.8,99.71,0.107,2023-24,,,,,
1641717,Cason Wallace,OKC,82,0.612,0.127,113.9,110.0,3.9,101.56,0.071,2023-24,,,,,
1626224,Cedi Osman,SAS,72,0.601,0.146,106.0,119.2,-13.2,104.29,0.077,2023-24,,,,,
1629646,Charles Bassey,SAS,19,0.739,0.11,105.1,116.7,-11.6,105.69,0.116,2023-24,,,,,
1629718,Charlie Brown Jr.,NYK,8,0.3,0.145,104.1,105.1,-1.0,97.2,-0.047,2023-24,,,,,
1631096,Chet Holmgren,OKC,82,0.632,0.21,118.2,109.2,9.0,102.8,0.133,2023-24,,,,,
1629002,Chimezie Metu,DET,51,0.61,0.162,105.5,112.0,-6.6,100.26,0.1,2023-24,,,,,
1628449,Chris Boucher,TOR,50,0.625,0.167,116.0,113.6,2.4,99.35,0.106,2023-24,,,,,
1630537,Chris Duarte,SAC,59,0.512,0.146,110.4,113.5,-3.1,99.83,0.052,2023-24,,,,,
1641753,Chris Livingston,MIL,21,0.547,0.136,102.5,116.8,-14.3,104.18,0.053,2023-24,,,,,
101108,Chris Paul,GSW,58,0.544,0.154,113.7,111.0,2.8,99.68,0.116,2023-24,,,,,
1631128,Christian Braun,DEN,82,0.554,0.152,110.0,109.3,0.7,98.91,0.084,2023-24,,,,,
1626174,Christian Wood,LAL,50,0.568,0.173,109.9,109.9,0.0,101.73,0.101,2023-24,,,,,
1629643,Chuma Okeke,ORL,47,0.465,0.131,99.5,106.8,-7.3,97.51,0.066,2023-24,,,,,
203991,Clint Capela,ATL,73,0.59,0.167,115.5,115.6,-0.1,101.78,0.121,2023-24,,,,,
1629632,Coby White,CHI,79,0.57,0.224,115.0,115.8,-0.7,97.52,0.099,2023-24,,,,,
1628998,Cody Martin,CHA,28,0.46,0.157,106.5,117.0,-10.5,98.04,0.066,2023-24,,,,,
203469,Cody Zeller,NOP,43,0.483,0.116,114.3,108.0,6.3,104.95,0.075,2023-24,,,,,
1641732,Colby Jones,SAC,30,0.422,0.178,104.8,103.3,1.5,99.51,0.053,2023-24,,,,,
1630175,Cole Anthony,ORL,81,0.545,0.232,112.6,110.0,2.6,97.46,0.109,2023-24,,,,,
1631306,Cole Swider,MIA,18,0.54,0.226,98.9,110.0,-11.1,99.54,0.057,2023-24,,,,,
1630658,Colin Castleton,LAL,16,0.644,0.157,82.4,117.6,-35.2,101.56,0.078,2023-24,,,,,
1631221,Collin Gillespie,DEN,24,0.586,0.166,111.7,109.2,2.5,99.78,0.071,2023-24,,,,,
1629012,Collin Sexton,UTA,78,0.607,0.267,117.0,120.4,-3.4,101.71,0.12,2023-24,,,,,
1630557,Corey Kispert,WAS,80,0.62,0.191,108.7,119.4,-10.7,103.61,0.084,2023-24,,,,,
202709,Cory Joseph,GSW,26,0.47,0.108,114.2,117.2,-3.0,102.2,0.042,2023-24,,,,,
1641854,Craig Porter Jr.,CLE,51,0.564,0.201,111.7,113.4,-1.6,97.17,0.113,2023-24,,,,,
1626156,D'Angelo Russell,LAL,76,0.588,0.222,116.5,113.9,2.6,102.97,0.103,2023-24,,,,,
1641793,D'Moi Hodge,LAL,7,0.441,0.172,86.4,130.6,-44.2,100.67,0.027,2023-24,,,,,
1630618,D.J. Carton,TOR,4,0.539,0.125,81.5,122.8,-41.3,108.07,0.06,2023-24,,,,,
1628391,D.J. Wilson,ORL,2,0.833,0.182,120.0,117.2,2.8,91.55,0.172,2023-24,,,,,
1629610,DaQuan Jeffries,NYK,17,0.391,0.193,87.6,95.0,-7.4,102.84,0.038,2023-24,,,,,
1630227,Daishen Nix,MIN,15,0.507,0.241,119.3,99.1,20.2,112.81,0.068,2023-24,,,,,
1630625,Dalano Banton,POR,54,0.504,0.25,104.5,114.7,-10.2,98.51,0.1,2023-24,,,,,
1631207,Dalen Terry,CHI,59,0.512,0.127,112.9,110.7,2.2,99.32,0.063,2023-24,,,,,
1627745,Damian Jones,CLE,39,0.659,0.149,94.0,112.6,-18.7,96.63,0.115,2023-24,,,,,
203081,Damian Lillard,MIL,73,0.59,0.274,119.4,112.4,6.9,102.06,0.132,2023-24,,,,,
1629655,Daniel Gafford,DAL,74,0.731,0.145,113.9,116.0,-2.2,103.3,0.121,2023-24,,,,,
1628464,Daniel Theis,LAC,60,0.597,0.15,115.6,113.2,2.4,99.85,0.084,2023-24,,,,,
201568,Danilo Gallinari,MIL,49,0.601,0.171,109.1,117.5,-8.4,101.41,0.093,2023-24,,,,,
201980,Danny Green,PHI,2,0.0,0.043,114.6,120.5,-5.9,104.07,0.012,2023-24,,,,,
203957,Danté Exum,DAL,55,0.645,0.148,120.7,110.5,10.3,101.9,0.093,2023-24,,,,,
1627863,Danuel House Jr.,PHI,34,0.575,0.116,109.9,107.7,2.3,101.74,0.053,2023-24,,,,,
203967,Dario Šarić,GSW,64,0.6,0.19,113.7,115.3,-1.6,100.0,0.111,2023-24,,,,,
1641727,Dariq Whitehead,BKN,2,0.255,0.094,110.9,153.7,-42.8,109.08,0.035,2023-24,,,,,
1629647,Darius Bazley,UTA,9,0.68,0.118,114.0,125.2,-11.3,99.27,0.089,2023-24,,,,,
1629636,Darius Garland,CLE,57,0.56,0.249,113.5,111.4,2.1,98.02,0.104,2023-24,,,,,
1630561,David Duke Jr.,SAS,4,0.673,0.179,115.3,110.9,4.4,103.29,0.114,2023-24,,,,,
1631223,David Roddy,PHX,65,0.484,0.177,104.3,113.6,-9.3,101.1,0.068,2023-24,,,,,
1630558,Davion Mitchell,SAC,72,0.555,0.147,109.5,112.1,-2.6,100.05,0.064,2023-24,,,,,
202722,Davis Bertans,CHA,43,0.583,0.169,107.0,114.2,-7.2,98.52,0.069,2023-24,,,,,
1630549,Day'Ron Sharpe,BKN,61,0.596,0.185,112.8,108.0,4.8,99.62,0.131,2023-24,,,,,
1628368,De'Aaron Fox,SAC,74,0.567,0.3,116.6,112.3,4.3,101.7,0.128,2023-24,,,,,
1629631,De'Andre Hunter,ATL,57,0.595,0.204,116.7,117.9,-1.3,101.11,0.079,2023-24,,,,,
1629001,De'Anthony Melton,PHI,38,0.533,0.177,122.0,112.0,10.0,101.13,0.079,2023-24,,,,,
201599,DeAndre Jordan,DEN,36,0.61,0.147,105.2,115.9,-10.7,97.52,0.11,2023-24,,,,,
1630610,DeJon Jarreau,MEM,9,0.392,0.171,102.9,107.5,-4.6,100.95,0.09,2023-24,,,,,
201942,DeMar DeRozan,CHI,79,0.584,0.252,113.5,114.6,-1.0,97.94,0.129,2023-24,,,,,
1629731,Dean Wade,CLE,54,0.598,0.101,111.9,103.5,8.3,99.94,0.073,2023-24,,,,,
1629028,Deandre Ayton,POR,55,0.587,0.211,106.6,115.3,-8.7,97.76,0.141,2023-24,,,,,
1627749,Dejounte Murray,ATL,78,0.555,0.259,116.8,119.5,-2.7,101.33,0.122,2023-24,,,,,
1626153,Delon Wright,MIA,47,0.505,0.127,110.7,109.7,1.0,101.07,0.093,2023-24,,,,,
1630166,Deni Avdija,WAS,75,0.597,0.196,109.7,116.2,-6.5,105.06,0.109,2023-24,,,,,
203471,Dennis Schröder,BKN,80,0.55,0.202,112.6,115.4,-2.8,98.44,0.095,2023-24,,,,,
1628372,Dennis Smith Jr.,BKN,56,0.508,0.174,109.9,109.9,-0.1,98.64,0.092,2023-24,,,,,
1641726,Dereck Lively II,DAL,55,0.728,0.124,120.6,115.6,5.0,100.89,0.102,2023-24,,,,,
1631220,Dereon Seabron,NOP,6,0.448,0.122,118.8,92.5,26.3,103.26,0.069,2023-24,,,,,
1627884,Derrick Jones Jr.,DAL,76,0.592,0.146,114.0,112.3,1.7,101.9,0.068,2023-24,,,,,
201565,Derrick Rose,MEM,24,0.54,0.222,103.9,107.7,-3.8,101.51,0.108,2023-24,,,,,
1628401,Derrick White,BOS,73,0.611,0.183,122.4,109.9,12.5,99.48,0.106,2023-24,,,,,
1630217,Desmond Bane,MEM,42,0.589,0.273,108.2,115.4,-7.2,100.82,0.128,2023-24,,,,,
1626164,Devin Booker,PHX,68,0.611,0.289,119.3,113.5,5.8,99.96,0.142,2023-24,,,,,
1630170,Devin Vassell,SAS,68,0.578,0.229,108.5,114.6,-6.0,102.42,0.112,2023-24,,,,,
1628984,Devonte' Graham,SAS,23,0.495,0.175,108.9,105.6,3.3,101.62,0.077,2023-24,,,,,
1641926,Dexter Dennis,DAL,4,0.541,0.278,89.0,100.0,-11.0,118.13,0.164,2023-24,,,,,
1628415,Dillon Brooks,HOU,72,0.549,0.176,113.6,113.6,0.0,100.0,0.056,2023-24,,,,,
1631376,Dmytro Skapintsev,NYK,2,0.0,0.25,75.0,60.0,15.0,101.25,-0.167,2023-24,,,,,
1627734,Domantas Sabonis,SAC,82,0.637,0.22,116.0,115.2,0.8,99.61,0.169,2023-24,,,,,
1631230,Dominick Barlow,SAS,33,0.548,0.139,113.3,117.8,-4.5,101.2,0.084,2023-24,,,,,
1628378,Donovan Mitchell,CLE,55,0.595,0.301,115.9,108.6,7.3,99.82,0.15,2023-24,,,,,
1628978,Donte DiVincenzo,NYK,81,0.597,0.209,117.9,114.2,3.7,97.11,0.098,2023-24,,,,,
1627827,Dorian Finney-Smith,BKN,68,0.546,0.132,111.0,113.2,-2.2,98.25,0.062,2023-24,,,,,
203926,Doug McDermott,IND,64,0.6,0.144,111.6,120.9,-9.3,103.67,0.054,2023-24,,,,,
203110,Draymond Green,GSW,55,0.587,0.148,115.6,110.7,4.9,103.22,0.108,2023-24,,,,,
1629234,Drew Eubanks,PHX,75,0.645,0.129,108.3,112.3,-4.1,99.66,0.099,2023-24,,,,,
1641809,Drew Peterson,BOS,3,0.917,0.123,132.0,116.0,16.0,105.8,0.088,2023-24,,,,,
1630696,Dru Smith,MIA,9,0.576,0.128,97.4,112.5,-15.0,99.74,0.083,2023-24,,,,,
1629130,Duncan Robinson,MIA,68,0.612,0.184,111.5,111.0,0.5,98.06,0.082,2023-24,,,,,
1641871,Duop Reath,POR,68,0.571,0.202,109.6,116.8,-7.1,98.42,0.088,2023-24,,,,,
203939,Dwight Powell,DAL,63,0.716,0.087,114.7,114.4,0.3,102.57,0.079,2023-24,,,,,
1629685,Dylan Windler,ATL,17,0.717,0.129,107.5,112.1,-4.6,101.61,0.101,2023-24,,,,,
1630700,Dyson Daniels,NOP,61,0.529,0.123,115.0,111.7,3.3,100.03,0.08,2023-24,,,,,
1630604,E.J. Liddell,NOP,8,0.291,0.148,98.1,109.8,-11.7,108.13,0.045,2023-24,,,,,
1641734,Emoni Bates,CLE,15,0.404,0.196,93.3,124.0,-30.7,97.76,0.03,2023-24,,,,,
201569,Eric Gordon,PHX,68,0.58,0.162,115.6,112.2,3.5,100.41,0.07,2023-24,,,,,
1630647,Eugene Omoruyi,WAS,43,0.549,0.208,100.1,114.2,-14.1,108.62,0.09,2023-24,,,,,
203095,Evan Fournier,DET,32,0.464,0.187,97.8,109.9,-12.1,100.82,0.06,2023-24,,,,,
1630596,Evan Mobley,CLE,50,0.626,0.2,111.2,110.1,1.2,100.58,0.139,2023-24,,,,,
1630196,Filip Petrusev,PHI,3,0.521,0.15,110.0,80.0,30.0,103.11,0.026,2023-24,,,,,
1628373,Frank Ntilikina,CHA,5,0.253,0.111,121.3,121.1,0.2,100.14,0.007,2023-24,,,,,
1630532,Franz Wagner,ORL,72,0.575,0.25,112.5,108.2,4.3,98.46,0.131,2023-24,,,,,
1627832,Fred VanVleet,HOU,73,0.568,0.194,114.6,111.6,3.0,99.44,0.118,2023-24,,,,,
1627788,Furkan Korkmaz,PHI,35,0.519,0.126,116.5,110.2,6.4,104.27,0.061,2023-24,,,,,
1641713,GG Jackson,MEM,48,0.554,0.238,104.3,111.4,-7.1,100.0,0.095,2023-24,,,,,
1629216,Gabe Vincent,LAL,11,0.341,0.105,109.8,103.0,6.8,103.55,0.014,2023-24,,,,,
202066,Garrett Temple,TOR,27,0.502,0.147,100.3,113.4,-13.1,101.65,0.059,2023-24,,,,,
1629726,Garrison Mathews,ATL,66,0.665,0.11,111.8,115.8,-4.0,101.65,0.047,2023-24,,,,,
203914,Gary Harris,ORL,54,0.587,0.114,113.6,110.3,3.3,98.53,0.057,2023-24,,,,,
1627780,Gary Payton II,GSW,44,0.621,0.13,114.7,108.9,5.8,103.5,0.078,2023-24,,,,,
1629018,Gary Trent Jr.,TOR,71,0.548,0.195,113.7,118.2,-4.6,100.18,0.077,2023-24,,,,,
1627777,Georges Niang,CLE,82,0.583,0.173,114.4,113.9,0.6,98.61,0.069,2023-24,,,,,
203507,Giannis Antetokounmpo,MIL,73,0.649,0.32,119.8,113.2,6.6,102.1,0.197,2023-24,,,,,
1629048,Goga Bitadze,ORL,62,0.629,0.129,112.1,110.3,1.8,97.85,0.113,2023-24,,,,,
202330,Gordon Hayward,OKC,51,0.548,0.175,112.0,118.0,-6.0,100.51,0.087,2023-24,,,,,
1641711,Gradey Dick,TOR,60,0.546,0.167,105.1,119.1,-13.9,102.01,0.059,2023-24,,,,,
1629684,Grant Williams,CHA,76,0.588,0.157,110.8,116.6,-5.7,99.74,0.065,2023-24,,,,,
1628960,Grayson Allen,PHX,75,0.679,0.143,119.0,113.9,5.1,99.96,0.087,2023-24,,,,,
1630535,Greg Brown III,DAL,6,0.501,0.178,101.1,110.6,-9.6,113.53,0.044,2023-24,,,,,
1630611,Gui Santos,GSW,23,0.656,0.142,113.4,110.1,3.4,101.95,0.101,2023-24,,,,,
1628977,Hamidou Diallo,WAS,2,0.5,0.188,81.8,50.0,31.8,106.11,0.261,2023-24,,,,,
203084,Harrison Barnes,SAC,82,0.611,0.154,114.1,115.7,-1.7,100.69,0.073,2023-24,,,,,
1628385,Harry Giles III,LAL,23,0.503,0.233,107.5,123.3,-15.8,103.76,0.081,2023-24,,,,,
1629312,Haywood Highsmith,MIA,66,0.587,0.121,110.1,109.0,1.1,97.7,0.067,2023-24,,,,,
1630929,Henri Drell,CHI,4,0.506,0.155,120.6,113.4,7.2,108.3,0.043,2023-24,,,,,
1630529,Herbert Jones,NOP,76,0.636,0.141,116.4,111.0,5.5,98.85,0.076,2023-24,,,,,
1641816,Hunter Tyson,DEN,18,0.5,0.186,100.9,98.1,2.7,110.55,0.038,2023-24,,,,,
1630641,Ibou Badji,POR,22,0.623,0.079,95.5,112.3,-16.8,100.97,0.033,2023-24,,,,,
1630193,Immanuel Quickley,TOR,68,0.577,0.233,113.2,114.2,-1.0,100.43,0.119,2023-24,,,,,
1630171,Isaac Okoro,CLE,69,0.599,0.136,113.1,110.7,2.4,98.24,0.067,2023-24,,,,,
1628392,Isaiah Hartenstein,NYK,75,0.67,0.116,120.3,110.3,10.0,97.89,0.113,2023-24,,,,,
1630543,Isaiah Jackson,IND,60,0.689,0.165,114.5,111.7,2.7,104.64,0.122,2023-24,,,,,
1630198,Isaiah Joe,OKC,78,0.626,0.157,116.6,107.5,9.1,103.43,0.09,2023-24,,,,,
1630587,Isaiah Livers,DET,23,0.46,0.122,106.1,125.4,-19.3,103.54,0.026,2023-24,,,,,
1630600,Isaiah Mobley,CLE,10,0.471,0.16,93.8,113.8,-20.0,96.44,0.058,2023-24,,,,,
1630191,Isaiah Stewart,DET,46,0.6,0.143,110.3,114.5,-4.2,100.63,0.081,2023-24,,,,,
202738,Isaiah Thomas,PHX,6,0.4,0.227,90.5,133.3,-42.9,100.29,0.047,2023-24,,,,,
1631209,Isaiah Wong,IND,1,0.333,0.375,75.0,122.2,-47.2,95.25,0.0,2023-24,,,,,
202397,Ish Smith,CHA,43,0.435,0.119,101.7,119.2,-17.5,100.59,0.057,2023-24,,,,,
1630688,Ish Wainright,PHX,11,0.462,0.166,78.5,84.8,-6.3,108.48,0.089,2023-24,,,,,
1627826,Ivica Zubac,LAC,68,0.671,0.165,117.1,112.4,4.7,96.89,0.125,2023-24,,,,,
1631167,Izaiah Brockington,NOP,1,0.4,0.385,150.0,100.0,50.0,120.59,0.128,2023-24,,,,,
1631120,JD Davison,BOS,8,0.581,0.16,112.8,83.1,29.6,107.66,0.145,2023-24,,,,,
1630550,JT Thor,CHA,63,0.519,0.113,107.5,110.7,-3.2,99.86,0.059,2023-24,,,,,
1629630,Ja Morant,MEM,9,0.57,0.296,111.0,111.1,-0.2,101.08,0.157,2023-24,,,,,
201580,JaVale McGee,SAC,46,0.609,0.214,108.5,110.4,-1.9,105.02,0.127,2023-24,,,,,
1631095,Jabari Smith Jr.,HOU,76,0.571,0.174,111.9,113.8,-1.9,99.8,0.099,2023-24,,,,,
1631133,Jabari Walker,POR,72,0.546,0.159,107.1,116.5,-9.5,98.44,0.093,2023-24,,,,,
1631298,Jack White,OKC,4,0.188,0.11,89.1,111.1,-22.1,102.56,0.011,2023-24,,,,,
1631367,Jacob Gilyard,BKN,41,0.573,0.112,105.8,117.7,-12.0,97.53,0.077,2023-24,,,,,
1631210,Jacob Toppin,NYK,9,0.658,0.133,98.7,118.4,-19.8,94.99,0.09,2023-24,,,,,
1630702,Jaden Hardy,DAL,73,0.517,0.238,108.1,114.5,-6.5,103.38,0.081,2023-24,,,,,
1631093,Jaden Ivey,DET,77,0.536,0.244,109.9,117.7,-7.7,101.74,0.076,2023-24,,,,,
1630183,Jaden McDaniels,MIN,72,0.571,0.156,114.2,110.4,3.8,97.36,0.056,2023-24,,,,,
1630531,Jaden Springer,BOS,49,0.49,0.167,112.4,112.9,-0.5,99.98,0.055,2023-24,,,,,
203109,Jae Crowder,MIL,50,0.546,0.113,112.3,114.9,-2.6,101.49,0.059,2023-24,,,,,
1630256,Jae'Sean Tate,HOU,65,0.538,0.115,110.1,105.0,5.1,101.59,0.059,2023-24,,,,,
1630186,Jahmi'us Ramsey,TOR,7,0.538,0.18,100.4,110.8,-10.4,102.87,0.085,2023-24,,,,,
1631170,Jaime Jaquez Jr.,MIA,75,0.574,0.181,113.1,110.4,2.8,98.22,0.084,2023-24,,,,,
1631222,Jake LaRavia,MEM,35,0.54,0.201,105.2,111.9,-6.7,99.45,0.083,2023-24,,,,,
1627751,Jakob Poeltl,TOR,50,0.653,0.16,113.6,114.2,-0.6,100.54,0.117,2023-24,,,,,
1628973,Jalen Brunson,NYK,77,0.592,0.311,121.2,112.6,8.6,96.68,0.156,2023-24,,,,,
1630622,Jalen Crutcher,NOP,1,0.0,0.167,120.0,100.0,20.0,90.57,-0.08,2023-24,,,,,
1631105,Jalen Duren,DET,61,0.653,0.181,109.3,117.0,-7.6,101.02,0.137,2023-24,,,,,
1630224,Jalen Green,HOU,82,0.541,0.27,113.8,113.8,0.0,100.26,0.111,2023-24,,,,,
1641720,Jalen Hood-Schifino,LAL,21,0.316,0.242,88.9,111.9,-23.0,103.5,-0.018,2023-24,,,,,
1630552,Jalen Johnson,ATL,56,0.584,0.184,113.3,115.2,-1.9,103.77,0.117,2023-24,,,,,
1629667,Jalen McDaniels,TOR,50,0.412,0.179,100.9,115.0,-14.1,101.84,0.036,2023-24,,,,,
1629618,Jalen Pickett,DEN,27,0.571,0.164,102.3,104.8,-2.4,100.31,0.076,2023-24,,,,,
1641771,Jalen Slawson,SAC,12,0.667,0.088,105.3,114.9,-9.5,96.71,0.046,2023-24,,,,,
1630188,Jalen Smith,IND,61,0.682,0.187,119.5,118.6,1.0,102.98,0.124,2023-24,,,,,
1630591,Jalen Suggs,ORL,75,0.602,0.191,111.8,110.8,1.0,99.85,0.088,2023-24,,,,,
1631114,Jalen Williams,OKC,71,0.621,0.232,117.7,108.9,8.8,102.94,0.123,2023-24,,,,,
1630592,Jalen Wilson,BKN,43,0.537,0.138,111.4,113.0,-1.6,97.01,0.075,2023-24,,,,,
1631288,Jamal Cain,MIA,26,0.544,0.158,105.4,108.8,-3.4,100.78,0.068,2023-24,,,,,
1627750,Jamal Murray,DEN,59,0.586,0.273,120.7,112.4,8.2,97.75,0.137,2023-24,,,,,
1631123,Jamaree Bouyea,SAS,9,0.375,0.162,94.0,101.5,-7.5,100.65,0.041,2023-24,,,,,
1630547,James Bouknight,CHA,14,0.597,0.24,107.8,115.2,-7.3,98.2,0.111,2023-24,,,,,
201935,James Harden,LAC,72,0.612,0.202,120.9,115.2,5.6,96.87,0.131,2023-24,,,,,
201949,James Johnson,IND,9,0.368,0.137,112.6,108.8,3.8,104.25,0.019,2023-24,,,,,
1630164,James Wiseman,DET,63,0.637,0.158,104.8,118.2,-13.4,102.13,0.097,2023-24,,,,,
1641716,Jarace Walker,IND,33,0.527,0.155,117.3,114.6,2.7,104.41,0.08,2023-24,,,,,
1630215,Jared Butler,WAS,40,0.579,0.194,107.6,111.4,-3.8,103.36,0.103,2023-24,,,,,
1631197,Jared Rhoden,DET,17,0.597,0.135,105.7,115.0,-9.4,99.72,0.068,2023-24,,,,,
1628991,Jaren Jackson Jr.,MEM,66,0.553,0.302,106.6,113.9,-7.3,100.01,0.111,2023-24,,,,,
1629020,Jarred Vanderbilt,LAL,29,0.578,0.111,113.6,109.4,4.2,103.85,0.077,2023-24,,,,,
1628386,Jarrett Allen,CLE,77,0.664,0.191,115.5,110.7,4.8,98.66,0.149,2023-24,,,,,
1630554,Jason Preston,UTA,7,0.316,0.121,120.4,105.3,15.1,102.57,0.079,2023-24,,,,,
1631241,Javon Freeman-Liberty,TOR,22,0.547,0.17,102.6,120.7,-18.2,102.12,0.08,2023-24,,,,,
1629750,Javonte Green,CHI,9,0.681,0.159,117.8,112.8,5.0,98.13,0.121,2023-24,,,,,
1630606,Javonte Smart,PHI,1,0.0,0.0,0.0,150.0,-150.0,108.0,0.0,2023-24,,,,,
1629637,Jaxson Hayes,LAL,70,0.718,0.121,109.6,114.4,-4.7,103.15,0.079,2023-24,,,,,
1630643,Jay Huff,DEN,20,0.724,0.14,90.4,98.2,-7.9,110.94,0.117,2023-24,,,,,
1627759,Jaylen Brown,BOS,70,0.58,0.283,120.2,111.6,8.7,99.94,0.116,2023-24,,,,,
1629669,Jaylen Nowell,SAC,13,0.494,0.176,103.6,111.0,-7.4,100.37,0.066,2023-24,,,,,
1631119,Jaylin Williams,OKC,69,0.561,0.133,114.7,107.9,6.8,101.25,0.096,2023-24,,,,,
1628369,Jayson Tatum,BOS,74,0.604,0.296,121.7,110.5,11.2,98.64,0.155,2023-24,,,,,
1630288,Jeff Dowtin Jr.,PHI,12,0.689,0.124,111.0,104.1,6.8,98.52,0.139,2023-24,,,,,
201145,Jeff Green,HOU,78,0.59,0.152,109.7,112.7,-2.9,100.77,0.076,2023-24,,,,,
203924,Jerami Grant,POR,54,0.573,0.255,107.8,117.5,-9.6,98.26,0.1,2023-24,,,,,
1630526,Jeremiah Robinson-Earl,NOP,39,0.564,0.144,106.2,108.1,-1.9,102.37,0.09,2023-24,,,,,
1631110,Jeremy Sochan,SAS,74,0.513,0.187,108.1,115.0,-7.0,101.92,0.082,2023-24,,,,,
1630579,Jericho Sims,NYK,45,0.702,0.06,109.0,109.7,-0.7,93.66,0.074,2023-24,,,,,
1631257,Jermaine Samuels Jr.,HOU,14,0.672,0.098,104.4,114.0,-9.6,108.56,0.096,2023-24,,,,,
1629010,Jerome Robinson,GSW,22,0.41,0.188,107.8,95.4,12.4,104.96,0.034,2023-24,,,,,
1641724,Jett Howard,ORL,18,0.457,0.22,95.2,91.9,3.3,106.44,0.067,2023-24,,,,,
1628975,Jevon Carter,CHI,72,0.485,0.168,110.0,108.6,1.4,99.43,0.053,2023-24,,,,,
202710,Jimmy Butler III,MIA,60,0.626,0.235,116.0,110.5,5.5,97.23,0.145,2023-24,,,,,
1629111,Jock Landale,HOU,56,0.584,0.139,114.9,105.3,9.6,102.23,0.092,2023-24,,,,,
203925,Joe Harris,DET,16,0.489,0.104,104.9,119.4,-14.5,104.06,0.022,2023-24,,,,,
204060,Joe Ingles,ORL,68,0.612,0.111,116.1,110.3,5.8,98.58,0.081,2023-24,,,,,
203954,Joel Embiid,PHI,39,0.644,0.387,119.8,109.5,10.3,101.09,0.225,2023-24,,,,,
1628381,John Collins,UTA,68,0.621,0.199,114.2,121.7,-7.5,101.3,0.111,2023-24,,,,,
1629723,John Konchar,MEM,55,0.537,0.096,106.3,112.2,-5.9,98.73,0.082,2023-24,,,,,
1631098,Johnny Davis,WAS,50,0.462,0.117,104.9,115.2,-10.3,105.31,0.036,2023-24,,,,,
1630548,Johnny Juzang,UTA,20,0.62,0.147,114.3,116.1,-1.8,96.5,0.064,2023-24,,,,,
202685,Jonas Valančiūnas,NOP,82,0.619,0.207,117.3,113.4,3.9,98.68,0.135,2023-24,,,,,
1628371,Jonathan Isaac,ORL,58,0.61,0.16,113.0,102.1,10.9,98.72,0.136,2023-24,,,,,
1630228,Jonathan Kuminga,GSW,74,0.598,0.237,115.1,112.2,2.9,101.96,0.109,2023-24,,,,,
1629007,Jontay Porter,DET,26,0.514,0.155,105.8,115.0,-9.2,103.94,0.093,2023-24,,,,,
203903,Jordan Clarkson,UTA,55,0.521,0.255,113.9,119.7,-5.7,100.77,0.09,2023-24,,,,,
1630259,Jordan Ford,SAC,6,0.761,0.184,128.9,100.0,28.9,97.91,0.119,2023-24,,,,,
1630692,Jordan Goodwin,MEM,57,0.451,0.182,105.6,109.7,-4.1,98.75,0.097,2023-24,,,,,
1641722,Jordan Hawkins,NOP,67,0.533,0.188,113.4,114.3,-0.9,100.73,0.067,2023-24,,,,,
1629162,Jordan McLaughlin,MIN,56,0.638,0.119,111.1,100.1,11.0,100.16,0.108,2023-24,,,,,
1641757,Jordan Miller,LAC,8,0.658,0.153,95.2,119.7,-24.4,105.56,0.084,2023-24,,,,,
1629670,Jordan Nwora,TOR,52,0.565,0.213,103.1,116.8,-13.7,104.52,0.103,2023-24,,,,,
1629673,Jordan Poole,WAS,78,0.529,0.256,108.4,119.5,-11.1,104.7,0.076,2023-24,,,,,
1641775,Jordan Walsh,BOS,9,0.472,0.092,120.1,90.2,29.9,98.33,0.058,2023-24,,,,,
1630631,Jose Alvarado,NOP,56,0.54,0.168,117.3,105.2,12.0,100.12,0.081,2023-24,,,,,
1630581,Josh Giddey,OKC,80,0.547,0.223,119.6,111.5,8.2,102.32,0.122,2023-24,,,,,
1630182,Josh Green,DAL,57,0.588,0.129,116.7,118.8,-2.1,101.44,0.063,2023-24,,,,,
1628404,Josh Hart,NYK,81,0.522,0.133,117.2,110.6,6.6,95.77,0.1,2023-24,,,,,
1631169,Josh Minott,MIN,32,0.593,0.173,105.5,99.5,6.0,112.61,0.124,2023-24,,,,,
1629006,Josh Okogie,PHX,60,0.552,0.125,112.8,111.5,1.3,100.88,0.068,2023-24,,,,,
1626196,Josh Richardson,MIA,43,0.573,0.159,108.7,113.7,-5.0,98.56,0.08,2023-24,,,,,
1630563,Joshua Primo,LAC,2,0.333,0.259,91.7,104.5,-12.9,107.53,-0.076,2023-24,,,,,
201950,Jrue Holiday,BOS,69,0.597,0.161,120.6,110.9,9.7,98.91,0.099,2023-24,,,,,
1629308,Juan Toscano-Anderson,SAC,11,0.292,0.106,99.1,99.2,-0.1,104.36,0.013,2023-24,,,,,
1631262,Jules Bernard,WAS,19,0.544,0.189,111.2,104.9,6.3,105.63,0.086,2023-24,,,,,
1630577,Julian Champagnie,SAS,74,0.57,0.14,109.1,113.5,-4.5,103.07,0.068,2023-24,,,,,
1641763,Julian Phillips,CHI,40,0.521,0.121,112.1,111.7,0.4,100.9,0.03,2023-24,,,,,
1631124,Julian Strawther,DEN,50,0.482,0.193,105.6,115.4,-9.8,102.0,0.055,2023-24,,,,,
203944,Julius Randle,NYK,46,0.569,0.287,119.7,113.8,6.0,98.84,0.134,2023-24,,,,,
1630551,Justin Champagnie,WAS,15,0.526,0.162,106.4,117.5,-11.1,104.86,0.088,2023-24,,,,,
203200,Justin Holiday,DEN,58,0.598,0.104,112.8,109.1,3.7,99.78,0.059,2023-24,,,,,
1628382,Justin Jackson,MIN,2,0.0,0.0,0.0,0.0,0.0,137.14,0.0,2023-24,,,,,
1631303,Justin Minaya,POR,34,0.391,0.093,99.9,108.4,-8.6,97.64,0.027,2023-24,,,,,
203994,Jusuf Nurkić,PHX,76,0.559,0.187,120.5,111.3,9.2,99.9,0.12,2023-24,,,,,
1630231,KJ Martin,PHI,60,0.563,0.127,110.7,110.5,0.2,101.37,0.058,2023-24,,,,,
1629232,Kaiser Gates,NOP,1,0.0,0.222,81.3,88.2,-7.0,106.55,-0.15,2023-24,,,,,
1626157,Karl-Anthony Towns,MIN,62,0.625,0.268,116.3,109.1,7.2,98.37,0.14,2023-24,,,,,
202695,Kawhi Leonard,LAC,68,0.626,0.261,119.3,111.1,8.2,97.77,0.154,2023-24,,,,,
1631099,Keegan Murray,SAC,77,0.569,0.178,116.2,113.4,2.7,99.78,0.082,2023-24,,,,,
1628966,Keita Bates-Diop,BKN,53,0.534,0.128,109.3,113.1,-3.8,98.77,0.078,2023-24,,,,,
1629640,Keldon Johnson,SAS,69,0.565,0.212,108.5,116.1,-7.7,103.68,0.098,2023-24,,,,,
203482,Kelly Olynyk,TOR,78,0.661,0.171,111.7,119.1,-7.3,102.01,0.116,2023-24,,,,,
1626162,Kelly Oubre Jr.,PHI,68,0.535,0.22,114.1,114.0,0.1,99.3,0.081,2023-24,,,,,
1631112,Kendall Brown,IND,15,0.567,0.135,84.3,103.8,-19.5,102.13,0.04,2023-24,,,,,
1631254,Kenneth Lofton Jr.,UTA,21,0.537,0.207,109.4,111.2,-1.8,103.48,0.096,2023-24,,,,,
1629026,Kenrich Williams,OKC,69,0.568,0.132,115.2,106.7,8.4,101.18,0.079,2023-24,,,,,
203484,Kentavious Caldwell-Pope,DEN,76,0.602,0.126,122.4,111.0,11.3,97.99,0.061,2023-24,,,,,
1631165,Keon Ellis,SAC,57,0.627,0.123,114.4,109.0,5.5,99.24,0.068,2023-24,,,,,
1630553,Keon Johnson,BKN,5,0.59,0.212,114.8,134.4,-19.5,100.06,0.061,2023-24,,,,,
1630556,Kessler Edwards,SAC,54,0.541,0.134,98.3,104.6,-6.3,102.55,0.073,2023-24,,,,,
201142,Kevin Durant,PHX,75,0.626,0.283,118.1,113.3,4.8,100.24,0.148,2023-24,,,,,
1628989,Kevin Huerter,SAC,64,0.564,0.173,117.5,115.0,2.5,101.06,0.077,2023-24,,,,,
1628995,Kevin Knox II,POR,31,0.57,0.157,109.4,117.2,-7.8,103.16,0.062,2023-24,,,,,
201567,Kevin Love,MIA,55,0.597,0.21,114.7,108.2,6.5,99.69,0.144,2023-24,,,,,
1630284,Kevon Harris,ORL,2,0.667,0.286,142.9,133.3,9.5,115.04,0.053,2023-24,,,,,
1626172,Kevon Looney,GSW,74,0.62,0.11,115.4,114.0,1.4,99.5,0.102,2023-24,,,,,
1641749,Keyontae Johnson,OKC,9,0.344,0.128,100.0,105.8,-5.8,100.42,0.015,2023-24,,,,,
1641718,Keyonte George,UTA,75,0.533,0.224,109.6,118.9,-9.3,100.98,0.081,2023-24,,,,,
203114,Khris Middleton,MIL,55,0.595,0.23,118.0,114.6,3.4,102.11,0.117,2023-24,,,,,
1630165,Killian Hayes,DET,42,0.474,0.147,106.5,117.6,-11.1,102.49,0.077,2023-24,,,,,
1630184,Kira Lewis Jr.,UTA,28,0.441,0.178,99.6,111.1,-11.4,103.18,0.068,2023-24,,,,,
202691,Klay Thompson,GSW,77,0.576,0.234,115.8,116.1,-0.3,101.9,0.09,2023-24,,,,,
1641738,Kobe Brown,LAC,44,0.49,0.104,105.7,116.2,-10.5,100.45,0.043,2023-24,,,,,
1641723,Kobe Bufkin,ATL,17,0.424,0.221,97.1,105.0,-7.9,102.12,0.077,2023-24,,,,,
1628424,Kobi Simmons,TOR,4,0.476,0.141,94.2,116.5,-22.3,98.94,0.102,2023-24,,,,,
1627739,Kris Dunn,UTA,66,0.546,0.132,117.6,117.2,0.4,102.44,0.078,2023-24,,,,,
1631200,Kris Murray,POR,62,0.481,0.136,106.1,112.1,-6.0,98.81,0.059,2023-24,,,,,
204001,Kristaps Porziņģis,BOS,57,0.647,0.247,120.8,109.6,11.2,100.55,0.138,2023-24,,,,,
203937,Kyle Anderson,MIN,79,0.513,0.14,110.1,105.1,5.1,99.95,0.097,2023-24,,,,,
1628398,Kyle Kuzma,WAS,70,0.547,0.295,109.7,120.8,-11.0,103.56,0.114,2023-24,,,,,
200768,Kyle Lowry,PHI,60,0.594,0.128,111.4,111.6,-0.3,97.21,0.077,2023-24,,,,,
202681,Kyrie Irving,DAL,58,0.608,0.274,119.6,112.6,6.9,100.89,0.144,2023-24,,,,,
1630163,LaMelo Ball,CHA,22,0.561,0.315,111.8,120.2,-8.4,103.0,0.133,2023-24,,,,,
1630205,Lamar Stevens,MEM,38,0.516,0.213,105.3,104.0,1.3,98.4,0.11,2023-24,,,,,
1629013,Landry Shamet,WAS,46,0.556,0.181,109.3,119.2,-9.9,103.63,0.058,2023-24,,,,,
1626204,Larry Nance Jr.,NOP,61,0.653,0.112,111.7,108.4,3.3,99.9,0.103,2023-24,,,,,
1628374,Lauri Markkanen,UTA,55,0.631,0.241,117.6,116.9,0.6,102.49,0.136,2023-24,,,,,
2544,LeBron James,LAL,71,0.63,0.285,117.4,113.6,3.8,101.54,0.169,2023-24,,,,,
1641778,Leaky Black,CHA,26,0.589,0.099,105.1,109.2,-4.0,99.44,0.079,2023-24,,,,,
1631159,Leonard Miller,MIN,17,0.694,0.157,104.9,101.7,3.2,110.84,0.178,2023-24,,,,,
1631311,Lester Quinones,GSW,37,0.533,0.171,109.6,109.0,0.6,101.55,0.069,2023-24,,,,,
1629623,Lindell Wigginton,MIL,3,0.51,0.412,64.7,131.3,-66.5,103.8,0.029,2023-24,,,,,
1630322,Lindy Waters III,OKC,38,0.653,0.167,103.7,111.4,-7.7,101.41,0.1,2023-24,,,,,
1629022,Lonnie Walker IV,BKN,58,0.545,0.235,111.3,111.8,-0.6,100.24,0.09,2023-24,,,,,
1629652,Luguentz Dort,OKC,79,0.593,0.152,119.9,112.1,7.8,101.99,0.06,2023-24,,,,,
1629029,Luka Dončić,DAL,70,0.617,0.355,119.6,113.8,5.8,101.06,0.2,2023-24,,,,,
1630568,Luka Garza,MIN,25,0.576,0.278,107.9,108.5,-0.6,108.34,0.098,2023-24,,,,,
1629677,Luka Samanic,UTA,43,0.485,0.21,106.5,112.0,-5.5,102.97,0.073,2023-24,,,,,
1628379,Luke Kennard,MEM,39,0.641,0.166,106.4,115.2,-8.8,99.53,0.099,2023-24,,,,,
1628436,Luke Kornet,BOS,63,0.736,0.107,121.8,109.7,12.1,96.92,0.113,2023-24,,,,,
1630201,Malachi Flynn,DET,69,0.533,0.199,104.8,114.6,-9.8,99.65,0.088,2023-24,,,,,
1631103,Malaki Branham,SAS,75,0.526,0.192,105.9,117.0,-11.1,103.72,0.062,2023-24,,,,,
1627763,Malcolm Brogdon,POR,39,0.56,0.226,110.7,114.5,-3.7,99.51,0.122,2023-24,,,,,
1630608,Malcolm Cazalon,DET,1,0.0,0.0,183.3,100.0,83.3,111.48,0.0,2023-24,,,,,
1627736,Malik Beasley,MIL,79,0.603,0.142,118.3,112.6,5.8,102.26,0.065,2023-24,,,,,
1628370,Malik Monk,SAC,72,0.564,0.247,115.2,115.1,0.1,101.92,0.11,2023-24,,,,,
1642013,Malik Williams,TOR,7,0.272,0.148,93.2,118.1,-24.9,99.37,0.027,2023-24,,,,,
1629603,Mamadi Diakite,NYK,6,0.694,0.175,90.2,82.7,7.5,101.17,0.163,2023-24,,,,,
1641970,Maozinha Pereira,MEM,7,0.609,0.143,99.2,96.5,2.7,101.42,0.126,2023-24,,,,,
1630699,MarJon Beauchamp,MIL,48,0.592,0.141,113.5,114.5,-1.0,103.51,0.064,2023-24,,,,,
202694,Marcus Morris Sr.,CLE,49,0.558,0.162,110.7,114.6,-3.9,98.26,0.072,2023-24,,,,,
1631204,Marcus Sasser,DET,71,0.542,0.195,107.0,115.7,-8.7,102.01,0.086,2023-24,,,,,
203935,Marcus Smart,MEM,20,0.552,0.225,108.5,109.2,-0.8,102.65,0.083,2023-24,,,,,
1631109,Mark Williams,CHA,19,0.675,0.162,115.2,116.4,-1.2,100.03,0.129,2023-24,,,,,
1628365,Markelle Fultz,ORL,43,0.492,0.182,109.6,109.0,0.6,98.7,0.086,2023-24,,,,,
202693,Markieff Morris,DAL,26,0.467,0.153,99.8,115.1,-15.3,104.7,0.063,2023-24,,,,,
1641806,Markquis Nowell,TOR,1,0.532,0.222,128.6,62.5,66.1,102.37,0.357,2023-24,,,,,
1629716,Marques Bolden,CHA,11,0.691,0.108,105.1,113.5,-8.5,100.33,0.103,2023-24,,,,,
1628963,Marvin Bagley III,WAS,50,0.629,0.204,109.5,115.5,-6.0,102.87,0.122,2023-24,,,,,
1630222,Mason Jones,SAC,5,0.394,0.155,87.7,96.6,-8.9,100.57,0.065,2023-24,,,,,
203486,Mason Plumlee,LAC,46,0.621,0.147,115.8,115.5,0.3,100.71,0.108,2023-24,,,,,
1629680,Matisse Thybulle,POR,65,0.537,0.105,107.7,115.1,-7.4,99.41,0.061,2023-24,,,,,
1630562,Matt Hurt,MEM,8,0.453,0.134,98.7,104.8,-6.0,98.34,0.054,2023-24,,,,,
1630346,Matt Ryan,NOP,28,0.638,0.144,107.9,106.5,1.4,103.84,0.062,2023-24,,,,,
1631108,Max Christie,LAL,67,0.544,0.132,109.2,110.3,-1.1,104.25,0.063,2023-24,,,,,
1629622,Max Strus,CLE,70,0.553,0.167,115.3,109.7,5.6,99.71,0.081,2023-24,,,,,
1628467,Maxi Kleber,DAL,43,0.573,0.096,116.5,109.9,6.6,102.07,0.057,2023-24,,,,,
1641721,Maxwell Lewis,LAL,34,0.246,0.127,73.1,105.8,-32.6,105.73,-0.031,2023-24,,,,,
1630695,Micah Potter,UTA,16,0.609,0.109,105.9,114.4,-8.4,99.32,0.08,2023-24,,,,,
1629008,Michael Porter Jr.,DEN,81,0.601,0.202,120.2,112.1,8.1,97.81,0.106,2023-24,,,,,
1628969,Mikal Bridges,BKN,82,0.56,0.238,111.0,114.3,-3.3,98.35,0.105,2023-24,,,,,
201144,Mike Conley,MIN,76,0.627,0.157,113.7,108.0,5.7,97.38,0.115,2023-24,,,,,
203488,Mike Muscala,OKC,53,0.47,0.132,106.4,114.0,-7.6,103.13,0.049,2023-24,,,,,
1628970,Miles Bridges,CHA,69,0.556,0.242,108.0,120.1,-12.1,98.46,0.111,2023-24,,,,,
1630540,Miles McBride,NYK,68,0.59,0.164,110.6,110.6,0.0,95.4,0.08,2023-24,,,,,
1629011,Mitchell Robinson,NYK,31,0.554,0.099,117.3,116.2,1.1,96.67,0.082,2023-24,,,,,
1628964,Mo Bamba,PHI,57,0.575,0.149,107.5,110.5,-3.0,97.77,0.098,2023-24,,,,,
1628420,Monte Morris,MIN,33,0.508,0.151,113.5,104.1,9.4,99.42,0.094,2023-24,,,,,
1629021,Moritz Wagner,ORL,80,0.676,0.22,113.9,110.8,3.1,98.73,0.139,2023-24,,,,,
1629650,Moses Brown,POR,22,0.477,0.176,104.5,118.9,-14.4,100.45,0.08,2023-24,,,,,
1630541,Moses Moody,GSW,66,0.578,0.176,113.3,110.2,3.1,100.54,0.087,2023-24,,,,,
1631338,Mouhamadou Gueye,TOR,11,0.31,0.189,80.0,110.9,-30.9,102.25,0.002,2023-24,,,,,
1631243,Mouhamed Gueye,ATL,6,0.468,0.144,89.9,115.1,-25.2,104.51,0.079,2023-24,,,,,
1631217,Moussa Diabaté,LAC,11,0.576,0.171,117.7,121.1,-3.4,96.39,0.141,2023-24,,,,,
1626167,Myles Turner,IND,77,0.626,0.234,120.6,115.5,5.1,102.52,0.116,2023-24,,,,,
1630230,Naji Marshall,NOP,66,0.576,0.158,115.4,106.8,8.7,100.71,0.092,2023-24,,,,,
1629642,Nassir Little,PHX,45,0.572,0.132,103.2,112.7,-9.5,101.49,0.073,2023-24,,,,,
1630207,Nate Hinton,HOU,15,0.585,0.156,109.3,100.0,9.3,111.71,0.111,2023-24,,,,,
1631466,Nate Williams,HOU,22,0.565,0.173,111.1,104.2,6.9,105.92,0.09,2023-24,,,,,
1641877,Nathan Mensah,CHA,25,0.496,0.068,94.9,114.5,-19.6,99.71,0.007,2023-24,,,,,
1629675,Naz Reid,MIN,81,0.595,0.223,111.1,105.5,5.7,99.83,0.115,2023-24,,,,,
1629674,Neemias Queta,BOS,28,0.662,0.16,128.7,108.3,20.4,98.67,0.123,2023-24,,,,,
1629651,Nic Claxton,BKN,71,0.629,0.156,108.4,114.1,-5.6,98.42,0.128,2023-24,,,,,
1630208,Nick Richards,CHA,67,0.717,0.131,106.3,118.2,-11.9,97.53,0.108,2023-24,,,,,
1641733,Nick Smith Jr.,CHA,51,0.511,0.202,102.4,114.9,-12.4,97.72,0.056,2023-24,,,,,
1629638,Nickeil Alexander-Walker,MIN,82,0.578,0.143,113.1,105.5,7.6,99.98,0.071,2023-24,,,,,
201587,Nicolas Batum,PHI,60,0.603,0.085,117.6,111.9,5.6,98.51,0.065,2023-24,,,,,
203999,Nikola Jokić,DEN,79,0.65,0.288,122.4,110.6,11.8,98.05,0.211,2023-24,,,,,
1631107,Nikola Jović,MIA,46,0.583,0.171,115.8,107.9,7.8,97.42,0.092,2023-24,,,,,
202696,Nikola Vučević,CHI,76,0.54,0.233,112.5,115.7,-3.1,97.36,0.126,2023-24,,,,,
1641730,Noah Clowney,BKN,23,0.626,0.137,104.8,111.7,-6.9,99.61,0.097,2023-24,,,,,
1626181,Norman Powell,LAC,76,0.626,0.193,118.0,113.0,5.1,100.37,0.087,2023-24,,,,,
1628384,OG Anunoby,NYK,50,0.595,0.173,118.2,107.2,10.9,98.71,0.081,2023-24,,,,,
1630167,Obi Toppin,IND,82,0.677,0.16,120.2,116.6,3.6,104.97,0.101,2023-24,,,,,
1630534,Ochai Agbaji,TOR,78,0.497,0.131,110.1,117.2,-7.1,101.56,0.046,2023-24,,,,,
1630846,Olivier Sarr,OKC,15,0.664,0.124,106.8,105.8,1.0,101.42,0.093,2023-24,,,,,
1641765,Olivier-Maxence Prosper,DAL,40,0.496,0.153,99.6,112.8,-13.2,104.65,0.082,2023-24,,,,,
1630209,Omer Yurtseven,UTA,48,0.565,0.173,104.4,117.2,-12.8,100.56,0.11,2023-24,,,,,
1641931,Onuralp Bitim,CHI,23,0.464,0.149,106.6,115.1,-8.5,99.94,0.035,2023-24,,,,,
1630168,Onyeka Okongwu,ATL,55,0.674,0.134,118.1,119.0,-0.9,103.28,0.094,2023-24,,,,,
1631115,Orlando Robinson,MIA,36,0.596,0.143,113.1,109.6,3.5,98.39,0.097,2023-24,,,,,
1631131,Oscar Tshiebwe,IND,8,0.553,0.205,114.9,98.9,15.9,108.21,0.165,2023-24,,,,,
1629052,Oshae Brissett,BOS,55,0.53,0.136,117.2,106.4,10.8,100.85,0.076,2023-24,,,,,
203490,Otto Porter Jr.,TOR,15,0.568,0.083,112.2,107.5,4.7,103.13,0.054,2023-24,,,,,
1631172,Ousmane Dieng,OKC,33,0.54,0.167,110.1,109.0,1.1,100.42,0.074,2023-24,,,,,
200782,P.J. Tucker,LAC,31,0.507,0.052,112.4,113.7,-1.3,98.41,0.031,2023-24,,,,,
1629023,P.J. Washington,DAL,73,0.537,0.185,112.8,115.6,-2.8,100.49,0.079,2023-24,,,,,
1631094,Paolo Banchero,ORL,80,0.546,0.292,111.9,111.9,0.0,98.2,0.135,2023-24,,,,,
1627783,Pascal Siakam,IND,80,0.601,0.25,117.6,115.3,2.2,100.99,0.132,2023-24,,,,,
1626192,Pat Connaughton,MIL,76,0.574,0.106,115.1,115.9,-0.8,101.34,0.066,2023-24,,,,,
1630311,Pat Spencer,GSW,6,0.5,0.077,96.4,111.1,-14.7,102.92,0.08,2023-24,,,,,
1631116,Patrick Baldwin Jr.,WAS,38,0.502,0.153,108.4,111.0,-2.5,104.75,0.072,2023-24,,,,,
201976,Patrick Beverley,MIL,73,0.539,0.141,110.7,112.2,-1.6,98.44,0.086,2023-24,,,,,
1630172,Patrick Williams,CHI,43,0.553,0.163,114.3,115.5,-1.2,97.59,0.066,2023-24,,,,,
201988,Patty Mills,MIA,32,0.467,0.152,109.8,109.5,0.3,100.26,0.045,2023-24,,,,,
202331,Paul George,LAC,74,0.613,0.264,121.2,112.1,9.1,97.47,0.126,2023-24,,,,,
1630194,Paul Reed,PHI,82,0.58,0.156,116.3,112.0,4.2,97.81,0.104,2023-24,,,,,
1630202,Payton Pritchard,BOS,82,0.597,0.168,122.8,109.2,13.6,97.16,0.103,2023-24,,,,,
1631250,Pete Nance,CLE,8,0.218,0.138,61.5,103.8,-42.2,92.14,-0.042,2023-24,,,,,
1631212,Peyton Watson,DEN,80,0.539,0.16,109.0,109.7,-0.7,98.88,0.076,2023-24,,,,,
1630173,Precious Achiuwa,NYK,74,0.545,0.158,111.2,112.3,-1.0,96.4,0.095,2023-24,,,,,
1629656,Quentin Grimes,DET,51,0.516,0.155,108.1,109.1,-0.9,97.78,0.059,2023-24,,,,,
1631245,Quenton Jackson,IND,3,0.532,0.083,79.2,79.2,0.0,109.37,0.2,2023-24,,,,,
1630181,R.J. Hampton,MIA,8,0.336,0.098,118.4,107.8,10.6,98.5,0.003,2023-24,,,,,
1629628,RJ Barrett,TOR,58,0.58,0.257,113.6,116.9,-3.3,101.83,0.109,2023-24,,,,,
1630564,RaiQuan Gray,SAS,3,0.676,0.2,129.3,113.6,15.7,100.22,0.149,2023-24,,,,,
1641712,Rayan Rupert,POR,39,0.451,0.131,104.3,114.0,-9.8,99.68,0.043,2023-24,,,,,
203493,Reggie Bullock Jr.,HOU,44,0.582,0.091,107.8,113.0,-5.2,101.98,0.061,2023-24,,,,,
202704,Reggie Jackson,DEN,82,0.521,0.209,112.0,110.6,1.4,99.58,0.081,2023-24,,,,,
1626158,Richaun Holmes,WAS,40,0.593,0.141,108.1,115.8,-7.7,102.35,0.091,2023-24,,,,,
1641741,Ricky Council IV,PHI,32,0.604,0.208,112.5,109.8,2.7,103.1,0.111,2023-24,,,,,
203496,Robert Covington,PHI,29,0.58,0.104,115.6,103.6,12.1,98.87,0.079,2023-24,,,,,
1629057,Robert Williams III,POR,6,0.684,0.122,101.6,114.9,-13.3,101.25,0.113,2023-24,,,,,
201577,Robin Lopez,MIL,16,0.453,0.139,95.8,115.9,-20.1,104.19,0.026,2023-24,,,,,
1631199,Ron Harper Jr.,TOR,1,0.0,0.0,100.0,188.9,-88.9,111.78,-0.045,2023-24,,,,,
1626220,Royce O'Neale,PHX,79,0.548,0.134,113.6,110.4,3.2,100.69,0.081,2023-24,,,,,
203497,Rudy Gobert,MIN,76,0.675,0.152,114.6,106.6,8.0,97.22,0.136,2023-24,,,,,
1629060,Rui Hachimura,LAL,68,0.628,0.182,116.1,113.5,2.5,102.01,0.095,2023-24,,,,,
201566,Russell Westbrook,LAC,68,0.514,0.239,116.5,112.8,3.7,102.17,0.113,2023-24,,,,,
1627853,Ryan Arcidiacono,NYK,20,0.0,0.074,82.1,80.0,2.1,100.99,0.008,2023-24,,,,,
1631157,Ryan Rollins,MIL,13,0.638,0.214,118.9,83.4,35.4,107.9,0.16,2023-24,,,,,
1630240,Saben Lee,PHX,24,0.492,0.186,105.6,101.5,4.1,102.11,0.101,2023-24,,,,,
1630180,Saddiq Bey,ATL,63,0.549,0.163,118.6,119.1,-0.5,102.06,0.079,2023-24,,,,,
1630573,Sam Hauser,BOS,79,0.629,0.146,121.3,107.1,14.2,98.48,0.086,2023-24,,,,,
1630241,Sam Merrill,CLE,61,0.598,0.17,110.8,111.1,-0.3,97.47,0.09,2023-24,,,,,
1630572,Sandro Mamukelashvili,SAS,46,0.559,0.169,105.4,101.3,4.1,104.36,0.121,2023-24,,,,,
1630583,Santi Aldama,MEM,61,0.539,0.177,106.2,114.6,-8.3,98.41,0.1,2023-24,,,,,
1628426,Sasha Vezenkov,SAC,42,0.569,0.171,113.9,112.6,1.3,102.51,0.084,2023-24,,,,,
1630703,Scoot Henderson,POR,62,0.489,0.26,106.5,119.6,-13.0,99.15,0.067,2023-24,,,,,
1630567,Scottie Barnes,TOR,60,0.566,0.24,112.6,115.8,-3.2,101.17,0.132,2023-24,,,,,
1630590,Scotty Pippen Jr.,MEM,21,0.596,0.227,104.6,112.2,-7.5,100.04,0.106,2023-24,,,,,
203552,Seth Curry,CHA,44,0.519,0.159,110.6,107.5,3.1,100.77,0.067,2023-24,,,,,
1641754,Seth Lundy,ATL,9,0.373,0.168,102.7,114.4,-11.7,102.49,-0.002,2023-24,,,,,
1631101,Shaedon Sharpe,POR,32,0.524,0.22,105.8,116.0,-10.3,99.67,0.08,2023-24,,,,,
1628983,Shai Gilgeous-Alexander,OKC,75,0.636,0.317,121.0,109.7,11.3,102.45,0.187,2023-24,,,,,
1629003,Shake Milton,NYK,48,0.499,0.173,104.6,109.4,-4.8,103.78,0.065,2023-24,,,,,
1627885,Shaquille Harrison,MEM,3,0.5,0.154,46.2,121.4,-75.3,108.6,0.159,2023-24,,,,,
1631321,Sidy Cissoko,SAS,12,0.568,0.124,105.8,97.1,8.7,105.25,0.071,2023-24,,,,,
1631323,Simone Fontecchio,DET,66,0.6,0.159,113.0,114.5,-1.5,102.49,0.077,2023-24,,,,,
1630219,Skylar Mays,LAL,38,0.466,0.179,103.7,114.2,-10.5,99.6,0.088,2023-24,,,,,
203915,Spencer Dinwiddie,LAL,76,0.543,0.161,116.8,115.2,1.6,100.46,0.076,2023-24,,,,,
1630649,Stanley Umude,DET,24,0.647,0.15,104.1,113.8,-9.7,103.78,0.072,2023-24,,,,,
201939,Stephen Curry,GSW,74,0.616,0.302,117.3,114.7,2.7,101.9,0.14,2023-24,,,,,
1629004,Svi Mykhailiuk,BOS,41,0.575,0.156,121.9,103.4,18.5,98.98,0.077,2023-24,,,,,
204456,T.J. McConnell,IND,71,0.586,0.229,118.8,115.2,3.7,103.62,0.152,2023-24,,,,,
203933,T.J. Warren,MIN,11,0.479,0.148,114.6,97.4,17.2,104.72,0.067,2023-24,,,,,
201959,Taj Gibson,DET,20,0.449,0.092,101.9,107.1,-5.3,101.16,0.03,2023-24,,,,,
1629659,Talen Horton-Tucker,UTA,51,0.503,0.234,112.5,117.9,-5.4,100.57,0.089,2023-24,,,,,
1631106,Tari Eason,HOU,22,0.528,0.188,112.6,103.1,9.4,101.43,0.131,2023-24,,,,,
1627752,Taurean Prince,LAL,78,0.579,0.134,113.9,116.5,-2.6,102.61,0.056,2023-24,,,,,
1641707,Taylor Hendricks,UTA,40,0.578,0.135,110.2,118.2,-8.1,101.11,0.074,2023-24,,,,,
1631386,Taze Moore,POR,4,0.453,0.209,95.7,122.2,-26.6,108.3,0.073,2023-24,,,,,
1629611,Terance Mann,LAC,75,0.615,0.135,116.7,114.8,1.9,97.71,0.071,2023-24,,,,,
1631173,Terquavion Smith,PHI,16,0.539,0.242,112.5,118.4,-5.9,112.48,0.072,2023-24,,,,,
1626179,Terry Rozier,MIA,61,0.555,0.253,110.2,117.2,-7.0,98.41,0.117,2023-24,,,,,
1630678,Terry Taylor,CHI,31,0.558,0.108,107.1,104.4,2.7,100.15,0.061,2023-24,,,,,
201152,Thaddeus Young,PHX,33,0.598,0.125,114.7,118.7,-3.9,98.73,0.091,2023-24,,,,,
203648,Thanasis Antetokounmpo,MIL,34,0.518,0.125,99.4,112.2,-12.8,101.6,0.021,2023-24,,,,,
1630177,Theo Maledon,PHX,17,0.385,0.173,107.8,121.6,-13.8,104.35,0.029,2023-24,,,,,
1628418,Thomas Bryant,MIA,38,0.639,0.187,112.8,110.7,2.1,98.8,0.124,2023-24,,,,,
203501,Tim Hardaway Jr.,DAL,79,0.542,0.22,115.7,115.8,-0.1,102.05,0.083,2023-24,,,,,
1641851,Timmy Allen,MEM,5,0.272,0.084,92.6,114.4,-21.8,99.48,-0.002,2023-24,,,,,
202699,Tobias Harris,PHI,70,0.576,0.203,117.0,112.4,4.6,98.94,0.116,2023-24,,,,,
1628470,Torrey Craig,CHI,53,0.568,0.121,111.2,118.4,-7.3,98.28,0.064,2023-24,,,,,
1641787,Tosan Evbuomwan,DET,17,0.616,0.108,103.6,119.2,-15.6,99.06,0.064,2023-24,,,,,
1641739,Toumani Camara,POR,70,0.547,0.134,106.9,111.5,-4.6,99.35,0.065,2023-24,,,,,
1629027,Trae Young,ATL,54,0.585,0.289,116.6,119.1,-2.5,104.95,0.131,2023-24,,,,,
1631218,Trayce Jackson-Davis,GSW,68,0.692,0.157,114.1,113.0,1.1,100.82,0.127,2023-24,,,,,
1630200,Tre Jones,SAS,77,0.591,0.149,110.9,111.8,-0.9,102.72,0.109,2023-24,,,,,
1630544,Tre Mann,CHA,41,0.559,0.183,107.2,114.1,-7.0,97.33,0.104,2023-24,,,,,
1630570,Trendon Watford,BKN,63,0.611,0.203,109.0,112.8,-3.8,98.86,0.11,2023-24,,,,,
1630235,Trent Forrest,ATL,38,0.426,0.122,103.3,114.3,-11.0,98.72,0.073,2023-24,,,,,
1630243,Trevelin Queen,ORL,14,0.462,0.137,107.8,107.6,0.2,98.34,0.059,2023-24,,,,,
1641998,Trey Jemison III,MEM,25,0.582,0.132,106.5,113.8,-7.3,98.01,0.066,2023-24,,,,,
1626168,Trey Lyles,SAC,58,0.596,0.139,117.9,110.2,7.7,100.73,0.085,2023-24,,,,,
1630530,Trey Murphy III,NOP,57,0.612,0.182,115.2,108.2,7.0,99.46,0.11,2023-24,,,,,
202684,Tristan Thompson,CLE,49,0.567,0.132,113.3,113.8,-0.5,97.98,0.091,2023-24,,,,,
1641774,Tristan Vukcevic,WAS,10,0.554,0.233,109.2,98.8,10.4,105.6,0.094,2023-24,,,,,
1628972,Troy Brown Jr.,DET,59,0.51,0.139,106.4,114.2,-7.7,100.96,0.07,2023-24,,,,,
1629660,Ty Jerome,CLE,2,0.5,0.147,106.7,143.8,-37.1,100.43,0.034,2023-24,,,,,
1631102,TyTy Washington Jr.,MIL,11,0.35,0.165,82.4,96.7,-14.3,105.15,0.05,2023-24,,,,,
1629639,Tyler Herro,MIA,42,0.558,0.268,112.1,111.1,1.0,98.48,0.119,2023-24,,,,,
1630169,Tyrese Haliburton,IND,69,0.605,0.239,122.4,116.2,6.2,103.42,0.157,2023-24,,,,,
1630178,Tyrese Maxey,PHI,70,0.573,0.273,118.3,113.2,5.2,98.52,0.129,2023-24,,,,,
1626145,Tyus Jones,WAS,66,0.578,0.161,110.6,122.5,-11.9,104.37,0.111,2023-24,,,,,
1628962,Udoka Azubuike,PHX,16,0.609,0.121,105.4,126.5,-21.1,101.68,0.062,2023-24,,,,,
1630586,Usman Garuba,GSW,6,0.218,0.18,81.4,121.1,-39.7,109.32,0.032,2023-24,,,,,
203995,Vasilije Micic,CHA,60,0.524,0.189,111.7,114.8,-3.1,97.78,0.078,2023-24,,,,,
1641705,Victor Wembanyama,SAS,71,0.565,0.312,107.9,111.2,-3.2,103.4,0.162,2023-24,,,,,
1631246,Vince Williams Jr.,MEM,52,0.597,0.155,108.4,111.4,-3.0,99.07,0.096,2023-24,,,,,
1630249,Vít Krejčí,ATL,22,0.633,0.098,117.4,117.7,-0.3,97.72,0.05,2023-24,,,,,
1631117,Walker Kessler,UTA,64,0.663,0.127,111.4,116.0,-4.5,100.78,0.109,2023-24,,,,,
1628976,Wendell Carter Jr.,ORL,55,0.623,0.172,110.8,109.6,1.1,97.46,0.113,2023-24,,,,,
1631111,Wendell Moore Jr.,MIN,25,0.5,0.106,101.7,106.2,-4.5,114.36,0.069,2023-24,,,,,
1629117,Wenyen Gabriel,BOS,5,0.351,0.166,89.0,96.4,-7.4,98.35,0.03,2023-24,,,,,
202083,Wesley Matthews,ATL,36,0.511,0.118,109.3,114.9,-5.6,101.38,0.048,2023-24,,,,,
1629875,Xavier Moon,LAC,14,0.352,0.174,93.4,107.4,-14.0,103.65,0.057,2023-24,,,,,
1630214,Xavier Tillman,BOS,54,0.472,0.146,106.6,109.4,-2.9,99.29,0.078,2023-24,,,,,
1629139,Yuta Watanabe,MEM,34,0.474,0.129,107.4,114.7,-7.3,99.95,0.03,2023-24,,,,,
1628380,Zach Collins,SAS,69,0.565,0.224,105.0,116.3,-11.4,102.48,0.095,2023-24,,,,,
203897,Zach LaVine,CHI,25,0.578,0.238,109.9,115.3,-5.4,97.91,0.11,2023-24,,,,,
1630285,Zavier Simpson,DET,7,0.377,0.161,98.2,106.8,-8.6,100.23,0.057,2023-24,,,,,
1630192,Zeke Nnaji,DEN,58,0.528,0.15,102.9,114.8,-11.9,99.31,0.063,2023-24,,,,,
1630533,Ziaire Williams,MEM,51,0.511,0.192,102.5,112.4,-9.9,100.4,0.074,2023-24,,,,,
1629627,Zion Williamson,NOP,70,0.61,0.285,114.5,111.6,2.9,101.34,0.145,2023-24,,,,,
1630639,A.J. Lawson,TOR,26,0.542,0.189,109.7,111.1,-1.4,103.71,0.082,2024-25,,,,,
1631260,AJ Green,MIL,73,0.621,0.123,114.0,107.6,6.4,100.84,0.058,2024-25,,,,,
1642358,AJ Johnson,WAS,29,0.48,0.173,104.1,115.6,-11.5,100.83,0.053,2024-25,,,,,
203932,Aaron Gordon,DEN,51,0.65,0.186,122.5,113.0,9.5,101.64,0.104,2024-25,,,,,
1628988,Aaron Holiday,HOU,62,0.594,0.162,110.3,103.6,6.7,103.09,0.082,2024-25,,,,,
1630174,Aaron Nesmith,IND,45,0.653,0.171,120.1,111.5,8.5,101.64,0.087,2024-25,,,,,
1630598,Aaron Wiggins,OKC,76,0.596,0.2,120.7,106.6,14.2,101.91,0.105,2024-25,,,,,
1641745,Adam Flagler,OKC,37,0.335,0.207,99.1,96.7,2.3,100.16,0.025,2024-25,,,,,
1641766,Adama Sanogo,CHI,4,0.571,0.145,104.2,122.2,-18.1,103.82,0.078,2024-25,,,,,
1641737,Adem Bona,PHI,58,0.714,0.135,107.4,114.0,-6.6,100.51,0.093,2024-25,,,,,
1642349,Ajay Mitchell,OKC,36,0.587,0.159,110.0,100.2,9.7,100.63,0.082,2024-25,,,,,
201143,Al Horford,BOS,60,0.563,0.136,119.6,108.1,11.5,97.75,0.091,2024-25,,,,,
202692,Alec Burks,MIA,49,0.608,0.16,113.5,107.6,5.9,98.03,0.088,2024-25,,,,,
1627936,Alex Caruso,OKC,54,0.568,0.147,117.5,102.5,15.0,102.7,0.101,2024-25,,,,,
1642505,Alex Ducas,OKC,21,0.583,0.115,99.6,106.3,-6.7,102.63,0.065,2024-25,,,,,
203458,Alex Len,LAL,46,0.525,0.101,101.4,118.9,-17.5,101.55,0.057,2024-25,,,,,
1642024,Alex Reese,PHI,15,0.641,0.123,117.3,111.8,5.5,104.64,0.079,2024-25,,,,,
1642259,Alex Sarr,WAS,67,0.482,0.23,102.7,116.4,-13.7,104.3,0.084,2024-25,,,,,
1631214,Alondes Williams,LAC,1,1.25,0.286,171.4,85.7,85.7,90.4,0.4,2024-25,,,,,
1630578,Alperen Sengun,HOU,76,0.545,0.259,114.9,107.4,7.6,99.47,0.153,2024-25,,,,,
1641708,Amen Thompson,HOU,69,0.602,0.172,114.2,107.9,6.3,100.0,0.129,2024-25,,,,,
1629599,Amir Coffey,LAC,72,0.614,0.15,109.1,110.6,-1.4,99.23,0.072,2024-25,,,,,
203083,Andre Drummond,PHI,40,0.535,0.183,103.4,118.9,-15.5,98.83,0.109,2024-25,,,,,
1641748,Andre Jackson Jr.,MIL,67,0.554,0.115,110.6,112.1,-1.5,101.48,0.051,2024-25,,,,,
1629614,Andrew Nembhard,IND,65,0.545,0.163,115.5,110.2,5.3,101.31,0.081,2024-25,,,,,
203952,Andrew Wiggins,MIA,60,0.566,0.238,109.4,111.7,-2.3,99.96,0.105,2024-25,,,,,
1629014,Anfernee Simons,POR,70,0.557,0.241,108.8,113.4,-4.6,99.72,0.106,2024-25,,,,,
1641710,Anthony Black,ORL,78,0.521,0.19,106.2,107.1,-0.9,97.83,0.084,2024-25,,,,,
203076,Anthony Davis,DAL,51,0.588,0.301,113.3,112.9,0.5,98.83,0.179,2024-25,,,,,
1630162,Anthony Edwards,MIN,79,0.595,0.307,116.2,111.4,4.8,98.27,0.14,2024-25,,,,,
1630264,Anthony Gill,WAS,51,0.586,0.124,101.9,109.7,-7.8,101.23,0.071,2024-25,,,,,
1641817,Anton Watson,NYK,9,0.444,0.193,103.9,119.2,-15.3,111.52,0.033,2024-25,,,,,
1641810,Antonio Reeves,NOP,44,0.579,0.183,107.3,117.5,-10.2,101.12,0.072,2024-25,,,,,
1630574,Ariel Hukporti,NYK,25,0.654,0.113,97.6,110.1,-12.4,102.57,0.048,2024-25,,,,,
1642422,Armel Traore,LAL,9,0.317,0.153,81.9,119.3,-37.3,102.24,0.027,2024-25,,,,,
1641709,Ausar Thompson,DET,59,0.568,0.185,113.1,109.2,4.0,102.76,0.104,2024-25,,,,,
1630559,Austin Reaves,LAL,73,0.616,0.23,117.1,113.3,3.8,99.86,0.118,2024-25,,,,,
1630245,Ayo Dosunmu,CHI,46,0.585,0.163,110.1,117.8,-7.7,104.63,0.084,2024-25,,,,,
1628389,Bam Adebayo,MIA,78,0.561,0.232,110.9,110.8,0.1,97.02,0.137,2024-25,,,,,
1631248,Baylor Scheierman,BOS,31,0.49,0.143,109.9,105.8,4.1,95.28,0.074,2024-25,,,,,
1641767,Ben Sheppard,IND,63,0.555,0.108,111.2,113.4,-2.2,102.92,0.055,2024-25,,,,,
1627732,Ben Simmons,LAC,51,0.539,0.133,111.7,113.5,-1.8,98.17,0.103,2024-25,,,,,
1631097,Bennedict Mathurin,IND,72,0.579,0.222,113.8,112.2,1.6,101.52,0.092,2024-25,,,,,
1641731,Bilal Coulibaly,WAS,59,0.515,0.175,104.5,118.3,-13.8,103.22,0.07,2024-25,,,,,
202687,Bismack Biyombo,SAS,28,0.576,0.124,108.7,117.9,-9.2,100.23,0.08,2024-25,,,,,
1631104,Blake Wesley,SAS,58,0.51,0.165,110.2,109.7,0.5,101.92,0.066,2024-25,,,,,
1626171,Bobby Portis,MIL,49,0.542,0.234,114.1,110.8,3.4,101.2,0.131,2024-25,,,,,
1641752,Bobi Klintman,DET,8,0.689,0.121,121.4,117.2,4.2,96.83,0.095,2024-25,,,,,
203992,Bogdan Bogdanović,LAC,54,0.559,0.183,112.7,110.0,2.7,101.35,0.074,2024-25,,,,,
1629626,Bol Bol,PHX,36,0.627,0.204,112.1,115.9,-3.9,102.75,0.114,2024-25,,,,,
1630538,Bones Hyland,MIN,24,0.576,0.274,102.0,108.1,-6.1,98.61,0.108,2024-25,,,,,
203078,Bradley Beal,PHX,53,0.598,0.219,110.6,118.6,-8.0,100.02,0.093,2024-25,,,,,
1642382,Branden Carlson,OKC,32,0.581,0.185,115.1,105.8,9.4,103.83,0.101,2024-25,,,,,
1641764,Brandin Podziemski,GSW,64,0.557,0.177,111.6,105.1,6.6,100.36,0.114,2024-25,,,,,
1630527,Brandon Boston,NOP,42,0.535,0.199,108.6,114.8,-6.2,99.87,0.085,2024-25,,,,,
1629634,Brandon Clarke,MEM,64,0.638,0.15,116.5,108.2,8.2,105.54,0.108,2024-25,,,,,
1627742,Brandon Ingram,TOR,18,0.56,0.305,107.0,117.7,-10.7,97.49,0.122,2024-25,,,,,
1641706,Brandon Miller,CHA,27,0.54,0.27,106.9,113.8,-6.8,98.77,0.1,2024-25,,,,,
1630314,Brandon Williams,DAL,33,0.634,0.218,109.5,108.8,0.7,104.74,0.119,2024-25,,,,,
1630296,Braxton Key,GSW,3,0.226,0.222,90.0,120.7,-30.7,130.81,-0.026,2024-25,,,,,
1641729,Brice Sensabaugh,UTA,71,0.612,0.208,109.9,119.5,-9.6,103.21,0.087,2024-25,,,,,
1642355,Bronny James,LAL,27,0.424,0.199,95.5,114.1,-18.6,99.45,0.05,2024-25,,,,,
201572,Brook Lopez,MIL,80,0.624,0.157,114.8,112.7,2.2,100.24,0.087,2024-25,,,,,
1628971,Bruce Brown,NOP,41,0.504,0.169,104.8,116.8,-11.9,100.19,0.078,2024-25,,,,,
1628981,Bruno Fernando,TOR,17,0.552,0.182,103.9,110.1,-6.1,100.37,0.1,2024-25,,,,,
1631121,Bryce McGowens,POR,13,0.391,0.244,89.9,97.1,-7.2,102.7,0.0,2024-25,,,,,
1642267,Bub Carrington,WAS,82,0.514,0.154,102.8,118.0,-15.2,103.06,0.071,2024-25,,,,,
1627741,Buddy Hield,GSW,82,0.56,0.196,112.3,110.1,2.2,100.82,0.085,2024-25,,,,,
203468,CJ McCollum,NOP,56,0.55,0.266,112.3,119.4,-7.1,101.56,0.097,2024-25,,,,,
1630595,Cade Cunningham,DET,70,0.565,0.323,115.0,112.2,2.8,101.57,0.152,2024-25,,,,,
1631216,Caleb Houstan,ORL,58,0.605,0.115,104.2,108.2,-4.1,96.82,0.061,2024-25,,,,,
1628997,Caleb Martin,DAL,45,0.513,0.143,106.5,112.8,-6.3,98.64,0.063,2024-25,,,,,
1642353,Cam Christie,LAC,13,0.349,0.192,97.6,105.6,-7.9,103.12,0.07,2024-25,,,,,
1629629,Cam Reddish,LAL,33,0.498,0.084,107.6,115.9,-8.4,100.53,0.04,2024-25,,,,,
1642285,Cam Spencer,MEM,25,0.587,0.148,116.4,109.6,6.8,103.04,0.087,2024-25,,,,,
1630560,Cam Thomas,BKN,25,0.575,0.328,114.9,120.6,-5.7,96.1,0.122,2024-25,,,,,
1641715,Cam Whitmore,HOU,51,0.549,0.231,113.4,112.3,1.1,100.93,0.108,2024-25,,,,,
1629661,Cameron Johnson,BKN,57,0.632,0.224,110.9,116.7,-5.8,97.41,0.124,2024-25,,,,,
1626166,Cameron Payne,NYK,72,0.532,0.2,116.6,107.5,9.1,100.23,0.089,2024-25,,,,,
1627747,Caris LeVert,ATL,64,0.582,0.191,120.5,113.4,7.2,103.21,0.094,2024-25,,,,,
1641717,Cason Wallace,OKC,68,0.562,0.124,117.2,107.1,10.1,101.87,0.075,2024-25,,,,,
1629646,Charles Bassey,SAS,36,0.597,0.164,101.6,117.5,-15.9,105.46,0.113,2024-25,,,,,
1631096,Chet Holmgren,OKC,32,0.599,0.214,121.7,105.6,16.1,103.83,0.122,2024-25,,,,,
1628449,Chris Boucher,TOR,50,0.615,0.208,113.3,113.5,-0.2,99.28,0.126,2024-25,,,,,
1630537,Chris Duarte,CHI,17,0.61,0.151,105.2,102.4,2.8,108.61,0.127,2024-25,,,,,
1641753,Chris Livingston,MIL,21,0.441,0.15,89.6,102.2,-12.6,104.34,0.099,2024-25,,,,,
101108,Chris Paul,SAS,82,0.58,0.137,114.2,115.0,-0.8,100.48,0.102,2024-25,,,,,
1631128,Christian Braun,DEN,79,0.665,0.155,122.7,114.5,8.2,101.04,0.096,2024-25,,,,,
1631132,Christian Koloko,LAL,37,0.624,0.104,104.7,106.0,-1.3,101.19,0.082,2024-25,,,,,
1629643,Chuma Okeke,CLE,9,0.641,0.093,115.8,122.1,-6.3,99.08,0.089,2024-25,,,,,
203991,Clint Capela,ATL,55,0.564,0.16,108.7,111.5,-2.7,105.23,0.117,2024-25,,,,,
1629632,Coby White,CHI,74,0.601,0.237,111.5,113.9,-2.5,105.37,0.103,2024-25,,,,,
1628998,Cody Martin,PHX,53,0.509,0.142,108.1,111.3,-3.2,101.2,0.08,2024-25,,,,,
1642262,Cody Williams,UTA,50,0.419,0.122,103.0,118.5,-15.5,103.19,0.021,2024-25,,,,,
1641732,Colby Jones,WAS,39,0.544,0.138,104.4,114.8,-10.4,99.47,0.078,2024-25,,,,,
1630175,Cole Anthony,MEM,67,0.531,0.238,107.7,109.0,-1.2,97.7,0.105,2024-25,,,,,
1631306,Cole Swider,IND,10,0.465,0.155,114.2,100.5,13.7,104.92,0.046,2024-25,,,,,
1630658,Colin Castleton,TOR,26,0.536,0.125,106.1,108.2,-2.1,102.22,0.074,2024-25,,,,,
1631221,Collin Gillespie,PHX,33,0.578,0.17,115.6,118.4,-2.8,98.66,0.105,2024-25,,,,,
1629012,Collin Sexton,UTA,63,0.593,0.264,110.4,117.9,-7.5,101.38,0.106,2024-25,,,,,
1630557,Corey Kispert,WAS,61,0.584,0.169,108.7,117.1,-8.5,102.68,0.074,2024-25,,,,,
202709,Cory Joseph,ORL,50,0.547,0.126,110.5,106.9,3.6,98.59,0.075,2024-25,,,,,
1641854,Craig Porter Jr.,CLE,51,0.61,0.155,108.3,113.5,-5.2,100.91,0.091,2024-25,,,,,
1642385,Cui Cui,BKN,5,0.19,0.296,80.8,76.0,4.8,118.62,-0.056,2024-25,,,,,
1626156,D'Angelo Russell,BKN,58,0.522,0.228,110.1,111.6,-1.5,99.59,0.098,2024-25,,,,,
1630618,D.J. Carton,TOR,4,0.202,0.122,109.0,96.1,12.9,110.7,0.007,2024-25,,,,,
1629610,DaQuan Jeffries,CHA,47,0.518,0.136,106.6,118.2,-11.6,98.04,0.046,2024-25,,,,,
1631342,Daeqwon Plowden,ATL,6,0.831,0.181,104.0,84.2,19.8,101.64,0.122,2024-25,,,,,
1630227,Daishen Nix,MIN,3,0.266,0.176,103.2,79.3,23.9,108.82,0.024,2024-25,,,,,
1630625,Dalano Banton,POR,67,0.497,0.237,110.2,111.8,-1.5,101.21,0.089,2024-25,,,,,
1631207,Dalen Terry,CHI,73,0.546,0.142,104.0,111.6,-7.6,106.51,0.056,2024-25,,,,,
1642261,Dalton Knecht,LAL,78,0.594,0.181,112.2,114.9,-2.8,98.26,0.087,2024-25,,,,,
203081,Damian Lillard,MIL,58,0.621,0.269,115.3,114.6,0.7,100.86,0.144,2024-25,,,,,
1641878,Damion Baugh,CHA,15,0.399,0.186,99.5,121.8,-22.3,99.5,0.051,2024-25,,,,,
1627814,Damion Lee,PHX,25,0.499,0.269,104.7,98.7,6.0,104.99,0.089,2024-25,,,,,
1629655,Daniel Gafford,DAL,57,0.716,0.186,114.9,113.4,1.5,101.73,0.141,2024-25,,,,,
1628464,Daniel Theis,NOP,38,0.558,0.111,109.3,115.2,-5.9,102.26,0.081,2024-25,,,,,
1642450,Daniss Jenkins,DET,7,0.322,0.231,102.3,108.2,-5.8,97.06,0.0,2024-25,,,,,
203957,Dante Exum,DAL,20,0.589,0.193,109.3,115.2,-6.0,101.4,0.083,2024-25,,,,,
203967,Dario Saric,DEN,16,0.449,0.157,97.3,108.7,-11.5,99.59,0.067,2024-25,,,,,
1641727,Dariq Whitehead,BKN,20,0.58,0.189,98.7,109.7,-11.1,103.67,0.065,2024-25,,,,,
1629636,Darius Garland,CLE,75,0.6,0.265,123.2,113.4,9.9,101.32,0.126,2024-25,,,,,
1630561,David Duke Jr.,SAS,6,0.538,0.207,128.4,91.8,36.6,104.64,0.087,2024-25,,,,,
1631223,David Roddy,HOU,33,0.561,0.159,106.4,114.6,-8.2,104.43,0.089,2024-25,,,,,
1630558,Davion Mitchell,MIA,74,0.573,0.135,111.0,110.7,0.3,98.76,0.069,2024-25,,,,,
1630549,Day'Ron Sharpe,BKN,50,0.568,0.186,109.2,107.1,2.1,97.35,0.134,2024-25,,,,,
1628368,De'Aaron Fox,SAS,62,0.56,0.274,113.7,114.9,-1.2,102.22,0.119,2024-25,,,,,
1629631,De'Andre Hunter,CLE,64,0.623,0.221,115.9,113.9,2.0,104.77,0.101,2024-25,,,,,
1629001,De'Anthony Melton,BKN,6,0.539,0.223,108.3,97.4,10.9,105.54,0.091,2024-25,,,,,
201599,DeAndre Jordan,DEN,56,0.621,0.126,108.8,112.1,-3.3,100.07,0.115,2024-25,,,,,
201942,DeMar DeRozan,SAC,77,0.569,0.244,116.8,115.3,1.5,99.35,0.112,2024-25,,,,,
1629731,Dean Wade,CLE,59,0.563,0.101,120.0,109.4,10.7,101.1,0.067,2024-25,,,,,
1629028,Deandre Ayton,POR,40,0.583,0.197,110.0,116.8,-6.9,98.94,0.125,2024-25,,,,,
1627749,Dejounte Murray,NOP,31,0.494,0.263,109.0,118.1,-9.1,102.86,0.118,2024-25,,,,,
1626153,Delon Wright,NYK,40,0.44,0.111,106.1,106.3,-0.2,98.84,0.061,2024-25,,,,,
1630166,Deni Avdija,POR,72,0.605,0.228,113.6,114.5,-0.9,99.86,0.126,2024-25,,,,,
203471,Dennis Schröder,DET,75,0.531,0.211,111.8,112.8,-0.9,100.49,0.091,2024-25,,,,,
1641726,Dereck Lively II,DAL,36,0.704,0.132,114.1,106.4,7.7,100.99,0.124,2024-25,,,,,
1627884,Derrick Jones Jr.,LAC,77,0.609,0.16,115.5,108.7,6.7,99.72,0.076,2024-25,,,,,
1628401,Derrick White,BOS,76,0.606,0.195,119.7,109.5,10.2,97.89,0.106,2024-25,,,,,
1630217,Desmond Bane,ORL,69,0.6,0.227,116.1,113.3,2.8,104.58,0.131,2024-25,,,,,
1626164,Devin Booker,PHX,75,0.589,0.285,115.3,118.5,-3.2,98.72,0.122,2024-25,,,,,
1642269,Devin Carter,SAC,36,0.471,0.169,113.1,109.3,3.9,100.14,0.07,2024-25,,,,,
1630170,Devin Vassell,SAS,64,0.553,0.217,111.9,118.1,-6.2,100.8,0.092,2024-25,,,,,
1628415,Dillon Brooks,HOU,75,0.555,0.176,113.5,108.8,4.7,98.94,0.067,2024-25,,,,,
1641794,Dillon Jones,OKC,54,0.464,0.131,108.9,102.9,6.0,101.09,0.066,2024-25,,,,,
1627734,Domantas Sabonis,SAC,70,0.655,0.213,116.5,113.9,2.6,99.78,0.164,2024-25,,,,,
1631230,Dominick Barlow,ATL,35,0.58,0.141,110.2,111.8,-1.6,104.7,0.082,2024-25,,,,,
1642270,Donovan Clingan,POR,67,0.574,0.135,109.9,109.7,0.2,101.68,0.105,2024-25,,,,,
1628378,Donovan Mitchell,CLE,71,0.575,0.298,119.7,109.1,10.5,102.21,0.137,2024-25,,,,,
1628978,Donte DiVincenzo,MIN,62,0.582,0.188,114.2,109.1,5.1,100.17,0.1,2024-25,,,,,
1627827,Dorian Finney-Smith,LAL,63,0.604,0.123,119.1,110.3,8.8,98.14,0.06,2024-25,,,,,
203926,Doug McDermott,SAC,42,0.617,0.15,111.5,109.9,1.6,101.3,0.051,2024-25,,,,,
203110,Draymond Green,GSW,68,0.534,0.157,115.4,108.8,6.6,101.35,0.088,2024-25,,,,,
1629234,Drew Eubanks,LAC,61,0.622,0.149,106.7,114.8,-8.1,102.72,0.111,2024-25,,,,,
1641809,Drew Peterson,BOS,25,0.601,0.121,115.7,102.9,12.8,96.96,0.078,2024-25,,,,,
1631166,Drew Timme,BKN,9,0.5,0.205,102.8,115.5,-12.6,100.3,0.086,2024-25,,,,,
1630696,Dru Smith,MIA,14,0.656,0.131,107.3,100.5,6.8,100.58,0.082,2024-25,,,,,
1629130,Duncan Robinson,MIA,74,0.595,0.187,110.1,109.9,0.2,97.68,0.078,2024-25,,,,,
1641871,Duop Reath,POR,46,0.552,0.162,108.0,114.5,-6.5,102.71,0.077,2024-25,,,,,
203939,Dwight Powell,DAL,55,0.713,0.073,108.6,109.7,-1.1,102.17,0.073,2024-25,,,,,
1630700,Dyson Daniels,ATL,76,0.545,0.178,113.3,114.2,-0.9,104.17,0.099,2024-25,,,,,
1630604,E.J. Liddell,CHI,12,0.661,0.13,117.9,126.4,-8.6,110.79,0.047,2024-25,,,,,
203901,Elfrid Payton,NOP,24,0.34,0.151,99.7,113.1,-13.4,101.3,0.079,2024-25,,,,,
1641989,Elijah Harkless,UTA,10,0.425,0.12,113.2,103.5,9.7,99.3,0.037,2024-25,,,,,
1641801,Emanuel Miller,CHI,6,0.563,0.143,120.4,130.4,-10.0,106.74,0.092,2024-25,,,,,
1641734,Emoni Bates,CLE,10,0.487,0.201,89.0,110.5,-21.5,104.3,0.08,2024-25,,,,,
1642402,Enrique Freeman,IND,22,0.507,0.109,104.4,110.7,-6.3,107.55,0.04,2024-25,,,,,
201569,Eric Gordon,PHI,39,0.591,0.14,111.0,116.4,-5.4,99.62,0.067,2024-25,,,,,
1630596,Evan Mobley,CLE,71,0.633,0.226,120.5,108.6,11.9,102.16,0.151,2024-25,,,,,
1630532,Franz Wagner,ORL,60,0.558,0.306,111.8,105.8,6.0,97.65,0.153,2024-25,,,,,
1627832,Fred VanVleet,HOU,60,0.515,0.176,115.0,108.8,6.2,98.18,0.093,2024-25,,,,,
1641713,GG Jackson,MEM,29,0.482,0.219,112.7,118.6,-5.9,102.73,0.064,2024-25,,,,,
1629216,Gabe Vincent,LAL,72,0.536,0.131,111.8,110.7,1.1,100.07,0.039,2024-25,,,,,
202066,Garrett Temple,TOR,28,0.406,0.129,106.6,111.1,-4.5,105.94,0.051,2024-25,,,,,
1629726,Garrison Mathews,ATL,47,0.606,0.153,107.9,111.4,-3.5,105.43,0.068,2024-25,,,,,
203914,Gary Harris,ORL,48,0.524,0.09,110.4,103.2,7.2,99.58,0.043,2024-25,,,,,
1627780,Gary Payton II,GSW,62,0.635,0.156,113.5,110.1,3.4,102.12,0.104,2024-25,,,,,
1629018,Gary Trent Jr.,MIL,74,0.591,0.168,115.9,114.0,1.9,100.75,0.07,2024-25,,,,,
1627777,Georges Niang,ATL,79,0.607,0.177,118.7,114.1,4.7,102.45,0.071,2024-25,,,,,
203507,Giannis Antetokounmpo,MIL,67,0.625,0.346,118.9,111.7,7.2,100.18,0.21,2024-25,,,,,
1629048,Goga Bitadze,ORL,70,0.631,0.142,110.1,107.4,2.7,95.8,0.134,2024-25,,,,,
1641711,Gradey Dick,TOR,54,0.543,0.209,110.3,116.1,-5.8,101.36,0.071,2024-25,,,,,
1629684,Grant Williams,CHA,16,0.596,0.146,114.9,113.3,1.6,99.95,0.076,2024-25,,,,,
1628960,Grayson Allen,PHX,64,0.631,0.169,114.7,118.0,-3.3,100.84,0.084,2024-25,,,,,
1627824,Guerschon Yabusele,PHI,70,0.616,0.163,113.5,116.7,-3.2,97.28,0.092,2024-25,,,,,
1630611,Gui Santos,GSW,56,0.575,0.126,117.8,107.3,10.6,99.78,0.073,2024-25,,,,,
203084,Harrison Barnes,SAS,82,0.656,0.157,114.5,115.6,-1.2,100.08,0.092,2024-25,,,,,
1631127,Harrison Ingram,SAS,5,0.5,0.06,132.0,92.0,40.0,103.6,0.08,2024-25,,,,,
1629312,Haywood Highsmith,MIA,74,0.583,0.111,111.8,110.4,1.4,97.33,0.057,2024-25,,,,,
1630529,Herbert Jones,NOP,20,0.541,0.146,111.8,112.5,-0.7,100.76,0.062,2024-25,,,,,
1641816,Hunter Tyson,DEN,51,0.506,0.146,98.5,108.7,-10.2,104.6,0.057,2024-25,,,,,
1630193,Immanuel Quickley,TOR,33,0.57,0.246,109.0,110.7,-1.6,101.44,0.128,2024-25,,,,,
1642403,Isaac Jones,SAC,40,0.678,0.152,104.6,115.1,-10.5,102.68,0.087,2024-25,,,,,
1630171,Isaac Okoro,CLE,55,0.587,0.124,122.1,109.7,12.5,100.08,0.057,2024-25,,,,,
1642268,Isaiah Collier,UTA,71,0.494,0.186,108.3,118.6,-10.4,102.44,0.077,2024-25,,,,,
1642384,Isaiah Crawford,SAC,15,0.509,0.122,112.0,92.7,19.3,103.01,0.07,2024-25,,,,,
1628392,Isaiah Hartenstein,OKC,57,0.599,0.165,118.3,105.3,13.0,101.56,0.138,2024-25,,,,,
1630543,Isaiah Jackson,IND,5,0.6,0.164,112.5,107.1,5.4,105.29,0.095,2024-25,,,,,
1630198,Isaiah Joe,OKC,74,0.617,0.166,119.9,104.1,15.8,102.23,0.089,2024-25,,,,,
1630600,Isaiah Mobley,PHI,1,0.381,0.17,92.7,110.0,-17.3,111.94,0.099,2024-25,,,,,
1641815,Isaiah Stevens,MIA,3,0.0,0.143,61.5,30.8,30.8,112.43,0.125,2024-25,,,,,
1630191,Isaiah Stewart,DET,72,0.616,0.121,109.1,108.6,0.5,101.75,0.096,2024-25,,,,,
1631209,Isaiah Wong,CHA,20,0.5,0.22,100.0,102.6,-2.6,98.35,0.077,2024-25,,,,,
1627826,Ivica Zubac,LAC,80,0.641,0.192,116.5,107.1,9.4,98.55,0.157,2024-25,,,,,
1631120,JD Davison,BOS,16,0.445,0.228,91.7,105.4,-13.7,94.28,0.079,2024-25,,,,,
1630550,JT Thor,WAS,20,0.517,0.132,95.3,115.3,-20.0,98.57,0.065,2024-25,,,,,
1629630,Ja Morant,MEM,50,0.563,0.312,116.4,109.6,6.8,105.74,0.141,2024-25,,,,,
1642266,Ja'Kobe Walter,TOR,52,0.523,0.179,108.6,111.1,-2.4,101.29,0.068,2024-25,,,,,
1631095,Jabari Smith Jr.,HOU,57,0.562,0.16,113.4,106.1,7.3,100.0,0.093,2024-25,,,,,
1631133,Jabari Walker,POR,60,0.601,0.156,108.1,107.6,0.5,103.86,0.107,2024-25,,,,,
1629098,Jack McVeigh,HOU,9,0.412,0.176,84.7,93.9,-9.2,109.32,0.02,2024-25,,,,,
1642050,Jackson Rowe,GSW,6,0.56,0.142,116.4,103.5,12.9,109.95,0.101,2024-25,,,,,
1631210,Jacob Toppin,ATL,17,0.523,0.14,89.9,104.4,-14.5,101.56,0.09,2024-25,,,,,
1630702,Jaden Hardy,DAL,57,0.549,0.244,108.3,111.6,-3.2,102.83,0.069,2024-25,,,,,
1631093,Jaden Ivey,DET,30,0.569,0.256,110.5,114.6,-4.1,99.52,0.099,2024-25,,,,,
1630183,Jaden McDaniels,MIN,82,0.562,0.16,113.9,109.9,4.0,98.07,0.086,2024-25,,,,,
1630531,Jaden Springer,UTA,43,0.511,0.139,105.6,108.9,-3.3,102.79,0.063,2024-25,,,,,
203109,Jae Crowder,SAC,9,0.467,0.113,101.9,109.2,-7.4,100.89,0.048,2024-25,,,,,
1630256,Jae'Sean Tate,HOU,52,0.557,0.126,111.0,104.7,6.3,103.16,0.071,2024-25,,,,,
1626143,Jahlil Okafor,IND,1,0.0,0.0,125.0,62.5,62.5,114.06,0.133,2024-25,,,,,
1642443,Jahmir Young,CHI,6,0.935,0.092,110.0,123.5,-13.5,111.64,0.1,2024-25,,,,,
1631170,Jaime Jaquez Jr.,MIA,66,0.543,0.194,107.9,113.9,-6.0,99.18,0.098,2024-25,,,,,
1631222,Jake LaRavia,SAC,66,0.591,0.14,115.0,111.2,3.8,103.86,0.081,2024-25,,,,,
1627751,Jakob Poeltl,TOR,57,0.641,0.184,111.2,111.9,-0.7,101.44,0.133,2024-25,,,,,
1641779,Jalen Bridges,PHX,8,0.514,0.197,98.4,88.7,9.7,98.77,0.026,2024-25,,,,,
1628973,Jalen Brunson,NYK,65,0.605,0.289,118.3,115.7,2.6,97.79,0.138,2024-25,,,,,
1631105,Jalen Duren,DET,78,0.703,0.161,115.5,114.0,1.5,101.29,0.14,2024-25,,,,,
1630224,Jalen Green,HOU,82,0.544,0.267,113.8,111.1,2.8,99.75,0.111,2024-25,,,,,
1641720,Jalen Hood-Schifino,PHI,15,0.494,0.164,107.2,123.5,-16.4,101.36,0.049,2024-25,,,,,
1630552,Jalen Johnson,ATL,36,0.569,0.214,111.8,110.2,1.6,106.68,0.135,2024-25,,,,,
1629667,Jalen McDaniels,SAC,4,0.0,0.0,81.3,77.8,3.5,111.25,0.114,2024-25,,,,,
1629618,Jalen Pickett,DEN,49,0.545,0.13,112.6,109.7,2.9,99.25,0.078,2024-25,,,,,
1630188,Jalen Smith,CHI,64,0.586,0.201,110.3,111.5,-1.2,106.06,0.133,2024-25,,,,,
1630591,Jalen Suggs,ORL,35,0.536,0.268,105.7,104.8,1.0,99.02,0.107,2024-25,,,,,
1631114,Jalen Williams,OKC,69,0.573,0.27,116.7,106.5,10.2,102.44,0.138,2024-25,,,,,
1630592,Jalen Wilson,BKN,79,0.541,0.161,106.9,113.7,-6.7,97.23,0.065,2024-25,,,,,
1631288,Jamal Cain,NOP,37,0.544,0.167,106.4,119.3,-12.9,100.49,0.067,2024-25,,,,,
1627750,Jamal Murray,DEN,67,0.584,0.235,122.0,115.5,6.5,100.72,0.111,2024-25,,,,,
1642347,Jamal Shead,TOR,75,0.499,0.179,105.5,113.3,-7.8,102.18,0.07,2024-25,,,,,
1631123,Jamaree Bouyea,MIL,5,0.581,0.163,118.5,117.8,0.6,100.75,0.067,2024-25,,,,,
201935,James Harden,LAC,79,0.582,0.286,115.4,109.2,6.2,98.82,0.145,2024-25,,,,,
201949,James Johnson,IND,12,0.35,0.165,97.4,110.5,-13.1,100.28,0.015,2024-25,,,,,
1630164,James Wiseman,IND,1,0.615,0.455,118.2,141.7,-23.5,119.14,0.156,2024-25,,,,,
1642419,Jamison Battle,TOR,59,0.59,0.147,105.0,113.4,-8.4,102.32,0.072,2024-25,,,,,
1641716,Jarace Walker,IND,75,0.59,0.165,107.0,112.1,-5.0,103.23,0.087,2024-25,,,,,
1630215,Jared Butler,PHI,60,0.549,0.222,108.5,114.5,-6.0,102.6,0.102,2024-25,,,,,
1642272,Jared McCain,PHI,23,0.589,0.243,109.3,111.4,-2.1,98.18,0.106,2024-25,,,,,
1631197,Jared Rhoden,TOR,14,0.602,0.183,118.1,103.4,14.7,103.89,0.106,2024-25,,,,,
1628991,Jaren Jackson Jr.,MEM,74,0.591,0.274,115.2,108.8,6.4,105.56,0.124,2024-25,,,,,
1629020,Jarred Vanderbilt,LAL,36,0.537,0.116,115.6,112.2,3.3,100.61,0.082,2024-25,,,,,
1628386,Jarrett Allen,CLE,82,0.724,0.156,121.9,111.3,10.5,101.43,0.148,2024-25,,,,,
1629750,Javonte Green,CLE,68,0.541,0.113,109.1,117.0,-7.8,101.97,0.064,2024-25,,,,,
1629637,Jaxson Hayes,LAL,56,0.72,0.12,112.3,109.8,2.5,100.51,0.097,2024-25,,,,,
1630643,Jay Huff,MEM,64,0.666,0.194,111.0,110.1,0.8,106.71,0.108,2024-25,,,,,
1627759,Jaylen Brown,BOS,63,0.555,0.282,121.1,111.7,9.5,98.57,0.114,2024-25,,,,,
1641740,Jaylen Clark,MIN,40,0.598,0.115,115.2,109.6,5.6,101.98,0.057,2024-25,,,,,
1641798,Jaylen Martin,WAS,16,0.497,0.155,93.6,120.7,-27.1,100.58,0.074,2024-25,,,,,
1629669,Jaylen Nowell,WAS,8,0.43,0.215,100.9,114.0,-13.1,96.24,0.06,2024-25,,,,,
1631301,Jaylen Sims,CHA,6,0.607,0.159,100.4,120.4,-20.0,100.89,0.057,2024-25,,,,,
1642377,Jaylen Wells,MEM,79,0.56,0.156,116.7,111.9,4.7,104.64,0.065,2024-25,,,,,
1631119,Jaylin Williams,OKC,47,0.594,0.141,121.0,103.0,17.9,102.7,0.124,2024-25,,,,,
1642281,Jaylon Tyson,CLE,47,0.523,0.164,108.4,108.8,-0.4,101.31,0.075,2024-25,,,,,
1628369,Jayson Tatum,BOS,72,0.582,0.301,119.6,109.8,9.8,98.14,0.158,2024-25,,,,,
1641789,Jazian Gortman,DAL,16,0.485,0.195,103.8,99.2,4.6,109.79,0.031,2024-25,,,,,
1630288,Jeff Dowtin Jr.,PHI,41,0.57,0.176,107.6,116.7,-9.2,99.32,0.106,2024-25,,,,,
201145,Jeff Green,HOU,32,0.649,0.144,112.2,116.1,-3.9,100.43,0.085,2024-25,,,,,
203924,Jerami Grant,POR,47,0.523,0.192,107.4,113.4,-6.1,100.41,0.07,2024-25,,,,,
1630526,Jeremiah Robinson-Earl,NOP,66,0.563,0.14,107.2,119.0,-11.8,100.95,0.087,2024-25,,,,,
1631110,Jeremy Sochan,SAS,54,0.589,0.184,111.9,114.5,-2.7,101.53,0.101,2024-25,,,,,
1630579,Jericho Sims,MIL,53,0.639,0.074,111.5,109.1,2.4,98.7,0.07,2024-25,,,,,
1642399,Jesse Edwards,MIN,2,0.0,0.0,72.7,150.0,-77.3,118.29,-0.043,2024-25,,,,,
1641724,Jett Howard,ORL,60,0.491,0.181,103.0,108.7,-5.7,99.92,0.045,2024-25,,,,,
1628975,Jevon Carter,CHI,36,0.509,0.2,114.8,111.5,3.3,106.46,0.082,2024-25,,,,,
202710,Jimmy Butler III,GSW,55,0.626,0.203,115.9,109.6,6.3,98.95,0.145,2024-25,,,,,
1629111,Jock Landale,HOU,42,0.59,0.148,110.5,112.6,-2.1,103.58,0.097,2024-25,,,,,
204060,Joe Ingles,MIN,19,0.326,0.113,108.9,113.1,-4.2,102.03,0.025,2024-25,,,,,
203954,Joel Embiid,PHI,19,0.58,0.342,104.0,109.5,-5.5,99.95,0.169,2024-25,,,,,
1628381,John Collins,UTA,40,0.628,0.234,112.4,113.3,-0.9,101.72,0.129,2024-25,,,,,
1629723,John Konchar,MEM,46,0.592,0.077,113.2,107.8,5.4,105.46,0.094,2024-25,,,,,
1631098,Johnny Davis,WAS,34,0.473,0.15,104.7,107.2,-2.5,106.66,0.067,2024-25,,,,,
1642277,Johnny Furphy,IND,50,0.506,0.118,106.1,105.4,0.6,105.49,0.059,2024-25,,,,,
1630548,Johnny Juzang,UTA,64,0.573,0.174,107.2,120.3,-13.1,102.1,0.071,2024-25,,,,,
202685,Jonas Valančiūnas,SAC,81,0.602,0.222,109.2,118.8,-9.6,101.28,0.147,2024-25,,,,,
1628371,Jonathan Isaac,ORL,71,0.512,0.155,105.9,106.6,-0.7,98.62,0.108,2024-25,,,,,
1630228,Jonathan Kuminga,GSW,47,0.535,0.271,110.0,108.9,1.0,100.21,0.11,2024-25,,,,,
1642367,Jonathan Mogbo,TOR,63,0.496,0.145,103.7,111.9,-8.2,102.69,0.083,2024-25,,,,,
203903,Jordan Clarkson,UTA,37,0.54,0.269,107.5,117.5,-10.0,102.16,0.102,2024-25,,,,,
1630692,Jordan Goodwin,LAL,29,0.541,0.134,111.2,112.4,-1.2,99.53,0.08,2024-25,,,,,
1641722,Jordan Hawkins,NOP,56,0.504,0.204,106.6,118.1,-11.4,101.14,0.066,2024-25,,,,,
1629162,Jordan McLaughlin,SAS,46,0.6,0.134,118.0,108.9,9.1,99.58,0.083,2024-25,,,,,
1641757,Jordan Miller,LAC,37,0.509,0.175,103.8,109.8,-6.0,100.15,0.07,2024-25,,,,,
1629673,Jordan Poole,WAS,68,0.591,0.281,104.8,117.9,-13.1,103.95,0.107,2024-25,,,,,
1641775,Jordan Walsh,BOS,52,0.464,0.11,111.8,108.0,3.8,98.14,0.045,2024-25,,,,,
1630631,Jose Alvarado,NOP,56,0.523,0.193,108.4,117.1,-8.7,99.89,0.09,2024-25,,,,,
1630528,Josh Christopher,MIA,14,0.416,0.235,105.7,108.2,-2.5,109.7,0.063,2024-25,,,,,
1630581,Josh Giddey,CHI,70,0.57,0.214,113.1,114.4,-1.4,104.47,0.13,2024-25,,,,,
1630182,Josh Green,CHA,68,0.559,0.115,105.3,114.2,-8.9,100.08,0.043,2024-25,,,,,
1628404,Josh Hart,NYK,77,0.611,0.151,117.9,114.3,3.6,97.79,0.119,2024-25,,,,,
1631169,Josh Minott,MIN,46,0.605,0.16,104.0,107.0,-3.0,104.77,0.095,2024-25,,,,,
1629006,Josh Okogie,CHA,40,0.567,0.185,108.8,109.3,-0.5,98.69,0.1,2024-25,,,,,
1626196,Josh Richardson,MIA,8,0.402,0.134,104.1,114.7,-10.6,100.82,0.015,2024-25,,,,,
201950,Jrue Holiday,BOS,62,0.565,0.156,116.6,107.7,8.9,99.38,0.088,2024-25,,,,,
1630577,Julian Champagnie,SAS,82,0.577,0.164,112.3,114.5,-2.1,102.25,0.079,2024-25,,,,,
1641763,Julian Phillips,CHI,79,0.571,0.126,112.9,111.1,1.8,104.0,0.055,2024-25,,,,,
1631124,Julian Strawther,DEN,65,0.559,0.173,111.9,114.4,-2.5,102.79,0.057,2024-25,,,,,
203944,Julius Randle,MIN,69,0.593,0.246,115.0,111.6,3.4,98.45,0.124,2024-25,,,,,
1630551,Justin Champagnie,WAS,62,0.614,0.15,107.1,116.8,-9.7,102.96,0.101,2024-25,,,,,
1642348,Justin Edwards,PHI,44,0.559,0.165,111.6,123.2,-11.6,99.43,0.062,2024-25,,,,,
1631303,Justin Minaya,POR,19,0.411,0.107,95.0,101.9,-6.9,103.22,0.02,2024-25,,,,,
203994,Jusuf Nurkić,CHA,51,0.555,0.202,106.1,115.1,-9.0,99.79,0.116,2024-25,,,,,
1630231,KJ Martin,UTA,43,0.618,0.112,109.3,117.4,-8.1,100.63,0.061,2024-25,,,,,
1642354,KJ Simpson,CHA,36,0.437,0.188,101.0,116.4,-15.4,99.1,0.06,2024-25,,,,,
1630539,Kai Jones,DAL,40,0.804,0.128,107.0,109.2,-2.3,99.77,0.131,2024-25,,,,,
1626157,Karl-Anthony Towns,NYK,72,0.63,0.265,119.4,112.7,6.8,99.25,0.161,2024-25,,,,,
1631255,Karlo Matković,NOP,42,0.639,0.155,109.4,114.1,-4.7,101.91,0.096,2024-25,,,,,
202695,Kawhi Leonard,LAC,37,0.589,0.28,120.3,107.9,12.4,97.26,0.134,2024-25,,,,,
1630811,Keaton Wallace,ATL,31,0.503,0.164,106.2,108.4,-2.2,102.77,0.074,2024-25,,,,,
1631099,Keegan Murray,SAC,76,0.553,0.148,114.8,113.4,1.5,100.09,0.075,2024-25,,,,,
1631232,Keion Brooks Jr.,NOP,14,0.581,0.169,100.7,121.2,-20.5,101.63,0.079,2024-25,,,,,
1642276,Kel'el Ware,MIA,64,0.603,0.169,112.8,110.9,1.9,98.6,0.119,2024-25,,,,,
1629640,Keldon Johnson,SAS,77,0.572,0.207,110.1,115.9,-5.8,102.06,0.103,2024-25,,,,,
203482,Kelly Olynyk,NOP,44,0.609,0.185,110.7,113.4,-2.7,100.28,0.098,2024-25,,,,,
1626162,Kelly Oubre Jr.,PHI,60,0.551,0.186,110.7,116.4,-5.7,98.68,0.084,2024-25,,,,,
1629026,Kenrich Williams,OKC,69,0.587,0.151,118.7,104.1,14.5,101.26,0.093,2024-25,,,,,
203484,Kentavious Caldwell-Pope,MEM,77,0.574,0.121,109.1,108.6,0.5,96.52,0.065,2024-25,,,,,
1631165,Keon Ellis,SAC,80,0.664,0.125,116.1,113.2,3.0,99.07,0.073,2024-25,,,,,
1630553,Keon Johnson,BKN,79,0.499,0.212,104.1,114.4,-10.3,98.77,0.07,2024-25,,,,,
1642352,Keshad Johnson,MIA,16,0.718,0.145,105.5,104.1,1.3,106.64,0.114,2024-25,,,,,
1630556,Kessler Edwards,DAL,40,0.597,0.11,110.0,122.3,-12.3,102.71,0.067,2024-25,,,,,
201142,Kevin Durant,PHX,62,0.642,0.283,116.5,117.4,-1.0,99.49,0.142,2024-25,,,,,
1628989,Kevin Huerter,CHI,69,0.544,0.171,114.5,111.7,2.8,102.32,0.073,2024-25,,,,,
1628995,Kevin Knox II,GSW,14,0.582,0.202,112.7,115.6,-2.9,103.28,0.104,2024-25,,,,,
201567,Kevin Love,MIA,23,0.488,0.23,108.7,112.3,-3.6,103.56,0.109,2024-25,,,,,
1641755,Kevin McCullar Jr.,NYK,4,0.381,0.118,93.8,96.9,-3.1,105.33,0.066,2024-25,,,,,
1629645,Kevin Porter Jr.,MIL,75,0.531,0.248,109.1,108.0,1.1,100.63,0.119,2024-25,,,,,
1626172,Kevon Looney,GSW,76,0.535,0.125,112.5,106.9,5.6,100.61,0.114,2024-25,,,,,
1641718,Keyonte George,UTA,67,0.539,0.237,110.1,122.0,-11.9,101.25,0.093,2024-25,,,,,
203114,Khris Middleton,WAS,37,0.588,0.208,114.1,112.6,1.5,104.75,0.114,2024-25,,,,,
1630165,Killian Hayes,BKN,6,0.559,0.145,109.9,115.6,-5.7,101.72,0.085,2024-25,,,,,
202691,Klay Thompson,DAL,72,0.552,0.214,112.8,115.2,-2.4,100.53,0.083,2024-25,,,,,
1641738,Kobe Brown,LAC,40,0.513,0.134,105.9,114.7,-8.7,98.21,0.083,2024-25,,,,,
1641723,Kobe Bufkin,ATL,10,0.483,0.203,95.3,103.3,-8.0,106.96,0.086,2024-25,,,,,
1627739,Kris Dunn,LAC,74,0.531,0.126,113.8,106.0,7.8,99.24,0.07,2024-25,,,,,
1631200,Kris Murray,POR,69,0.472,0.133,106.0,107.8,-1.8,102.7,0.061,2024-25,,,,,
204001,Kristaps Porziņģis,BOS,42,0.618,0.253,116.2,110.3,5.8,99.83,0.132,2024-25,,,,,
203937,Kyle Anderson,MIA,61,0.538,0.152,106.1,107.6,-1.5,100.06,0.108,2024-25,,,,,
1642271,Kyle Filipowski,UTA,72,0.594,0.184,107.7,118.9,-11.3,102.46,0.103,2024-25,,,,,
1628398,Kyle Kuzma,MIL,65,0.514,0.233,105.8,116.1,-10.3,102.96,0.08,2024-25,,,,,
200768,Kyle Lowry,PHI,35,0.525,0.1,103.8,109.6,-5.8,99.28,0.067,2024-25,,,,,
1630283,Kylor Kelley,LAL,11,0.644,0.097,101.4,130.5,-29.1,104.42,0.072,2024-25,,,,,
202681,Kyrie Irving,DAL,50,0.594,0.264,116.5,113.9,2.6,99.98,0.129,2024-25,,,,,
1642273,Kyshawn George,WAS,68,0.503,0.156,105.4,115.5,-10.1,102.7,0.058,2024-25,,,,,
1630163,LaMelo Ball,CHA,47,0.536,0.342,112.7,116.5,-3.9,101.33,0.127,2024-25,,,,,
1630205,Lamar Stevens,MEM,17,0.545,0.21,128.2,101.8,26.4,102.46,0.09,2024-25,,,,,
1629013,Landry Shamet,NYK,50,0.601,0.143,111.6,106.5,5.1,99.55,0.062,2024-25,,,,,
1626204,Larry Nance Jr.,ATL,24,0.632,0.155,107.5,116.5,-9.0,104.76,0.106,2024-25,,,,,
1628374,Lauri Markkanen,UTA,47,0.571,0.231,111.4,117.5,-6.1,101.64,0.103,2024-25,,,,,
2544,LeBron James,LAL,70,0.604,0.291,112.7,114.0,-1.3,100.62,0.169,2024-25,,,,,
1631159,Leonard Miller,MIN,13,0.54,0.239,79.2,98.6,-19.4,107.87,0.202,2024-25,,,,,
1631311,Lester Quinones,NOP,13,0.514,0.213,104.5,110.4,-5.9,105.49,0.065,2024-25,,,,,
1641857,Liam Robbins,MIL,13,0.363,0.128,80.3,85.6,-5.3,106.17,-0.025,2024-25,,,,,
1630322,Lindy Waters III,DET,52,0.504,0.145,111.6,110.2,1.4,99.37,0.061,2024-25,,,,,
1629022,Lonnie Walker IV,PHI,20,0.548,0.214,104.7,118.7,-14.1,101.6,0.091,2024-25,,,,,
1628366,Lonzo Ball,CHI,35,0.524,0.152,113.5,108.0,5.5,105.6,0.078,2024-25,,,,,
1629652,Luguentz Dort,OKC,71,0.586,0.133,120.4,107.3,13.1,101.75,0.063,2024-25,,,,,
1629029,Luka Dončić,LAL,50,0.587,0.328,119.6,110.5,9.1,100.22,0.17,2024-25,,,,,
1630568,Luka Garza,MIN,39,0.573,0.241,107.9,107.5,0.4,105.17,0.101,2024-25,,,,,
1628379,Luke Kennard,MEM,65,0.631,0.14,117.6,114.5,3.1,104.99,0.093,2024-25,,,,,
1628436,Luke Kornet,BOS,73,0.683,0.111,121.2,106.3,14.9,95.87,0.114,2024-25,,,,,
1631247,Luke Travers,CLE,12,0.287,0.132,109.1,109.7,-0.5,101.62,0.022,2024-25,,,,,
1630644,Mac McClung,ORL,2,0.0,0.087,119.0,128.6,-9.5,98.5,0.0,2024-25,,,,,
1630201,Malachi Flynn,SAS,4,0.512,0.196,112.8,109.1,3.7,95.6,0.084,2024-25,,,,,
1631103,Malaki Branham,SAS,47,0.575,0.233,106.1,109.8,-3.7,103.25,0.087,2024-25,,,,,
1627763,Malcolm Brogdon,WAS,24,0.544,0.231,106.5,116.9,-10.4,103.18,0.113,2024-25,,,,,
1642502,Malevy Leons,OKC,6,0.266,0.102,61.4,104.7,-43.3,99.59,-0.069,2024-25,,,,,
1627736,Malik Beasley,DET,82,0.59,0.215,113.3,110.2,3.1,102.76,0.091,2024-25,,,,,
1628370,Malik Monk,SAC,65,0.549,0.236,117.0,114.5,2.5,101.33,0.099,2024-25,,,,,
1630699,MarJon Beauchamp,NYK,35,0.535,0.222,94.8,92.0,2.9,106.73,0.123,2024-25,,,,,
1630542,Marcus Bagley,PHI,10,0.456,0.128,101.1,117.0,-15.9,102.58,0.077,2024-25,,,,,
1630585,Marcus Garrett,CHA,4,0.487,0.193,95.6,119.3,-23.6,97.05,0.057,2024-25,,,,,
1631204,Marcus Sasser,DET,57,0.589,0.187,110.4,107.5,2.9,102.0,0.095,2024-25,,,,,
203935,Marcus Smart,WAS,34,0.529,0.198,109.9,107.3,2.6,107.13,0.086,2024-25,,,,,
1631109,Mark Williams,CHA,44,0.647,0.21,106.3,118.9,-12.7,100.77,0.156,2024-25,,,,,
1628365,Markelle Fultz,SAC,21,0.452,0.196,109.3,105.7,3.6,99.36,0.065,2024-25,,,,,
202693,Markieff Morris,LAL,15,0.385,0.202,106.1,113.9,-7.8,100.86,0.045,2024-25,,,,,
1628963,Marvin Bagley III,MEM,31,0.56,0.2,108.2,108.8,-0.6,103.88,0.123,2024-25,,,,,
1630222,Mason Jones,SAC,10,0.569,0.193,107.4,105.3,2.2,99.93,0.159,2024-25,,,,,
203486,Mason Plumlee,PHX,74,0.645,0.105,115.2,115.0,0.2,100.08,0.098,2024-25,,,,,
1641824,Matas Buzelis,CHI,80,0.571,0.181,110.4,112.1,-1.7,105.38,0.079,2024-25,,,,,
1629680,Matisse Thybulle,POR,15,0.592,0.135,105.3,105.1,0.2,102.37,0.114,2024-25,,,,,
1630346,Matt Ryan,NOP,19,0.439,0.208,80.5,108.8,-28.3,104.75,0.062,2024-25,,,,,
1631108,Max Christie,DAL,78,0.57,0.15,112.6,114.3,-1.7,100.27,0.069,2024-25,,,,,
1629622,Max Strus,CLE,50,0.607,0.143,120.1,112.2,7.9,101.34,0.083,2024-25,,,,,
1628467,Maxi Kleber,LAL,34,0.489,0.085,111.9,112.3,-0.4,101.75,0.035,2024-25,,,,,
1641721,Maxwell Lewis,BKN,28,0.516,0.164,101.2,110.7,-9.6,99.39,0.066,2024-25,,,,,
1630695,Micah Potter,UTA,38,0.563,0.102,108.6,116.2,-7.6,101.29,0.063,2024-25,,,,,
1629008,Michael Porter Jr.,DEN,77,0.617,0.197,119.8,115.4,4.4,101.52,0.101,2024-25,,,,,
1628969,Mikal Bridges,NYK,82,0.585,0.192,118.4,112.9,5.6,98.1,0.09,2024-25,,,,,
201144,Mike Conley,MIN,71,0.573,0.141,115.5,109.0,6.5,97.92,0.092,2024-25,,,,,
1628970,Miles Bridges,CHA,64,0.541,0.273,108.2,113.6,-5.5,100.58,0.135,2024-25,,,,,
1630540,Miles McBride,NYK,64,0.531,0.162,116.8,109.7,7.1,99.2,0.077,2024-25,,,,,
1641936,Miles Norris,BOS,3,0.354,0.127,87.7,110.9,-23.2,88.67,0.088,2024-25,,,,,
1629011,Mitchell Robinson,NYK,17,0.676,0.109,113.8,108.2,5.7,96.37,0.122,2024-25,,,,,
1628964,Mo Bamba,NOP,32,0.557,0.15,103.5,112.5,-9.0,98.15,0.1,2024-25,,,,,
1628420,Monte Morris,PHX,45,0.546,0.173,111.1,108.3,2.8,99.99,0.096,2024-25,,,,,
1629021,Moritz Wagner,ORL,30,0.649,0.254,106.1,107.0,-0.9,99.97,0.165,2024-25,,,,,
1629650,Moses Brown,DAL,13,0.706,0.216,101.5,105.9,-4.4,108.49,0.154,2024-25,,,,,
1630541,Moses Moody,GSW,74,0.578,0.17,113.2,108.9,4.3,100.74,0.076,2024-25,,,,,
1631243,Mouhamed Gueye,ATL,33,0.52,0.155,113.4,104.7,8.8,103.84,0.085,2024-25,,,,,
1631217,Moussa Diabaté,CHA,71,0.609,0.13,106.9,110.3,-3.4,97.32,0.115,2024-25,,,,,
1626167,Myles Turner,IND,72,0.612,0.207,116.1,111.5,4.7,100.19,0.103,2024-25,,,,,
1642368,N'Faly Dante,HOU,4,0.789,0.133,114.9,123.5,-8.6,108.58,0.125,2024-25,,,,,
1641772,Nae'Qwan Tomlin,CLE,5,0.489,0.23,96.4,92.0,4.4,104.1,0.096,2024-25,,,,,
1630230,Naji Marshall,DAL,69,0.584,0.197,111.5,114.7,-3.2,101.27,0.105,2024-25,,,,,
1631466,Nate Williams,HOU,20,0.496,0.212,110.6,116.8,-6.2,108.85,0.038,2024-25,,,,,
1629675,Naz Reid,MIN,80,0.577,0.21,116.2,108.8,7.4,99.34,0.11,2024-25,,,,,
1629674,Neemias Queta,BOS,62,0.674,0.136,117.4,108.3,9.1,95.52,0.102,2024-25,,,,,
1629651,Nic Claxton,BKN,70,0.569,0.166,103.6,116.2,-12.6,97.38,0.115,2024-25,,,,,
1630208,Nick Richards,PHX,57,0.634,0.169,112.3,120.9,-8.7,98.62,0.107,2024-25,,,,,
1641733,Nick Smith Jr.,CHA,60,0.502,0.205,102.1,116.4,-14.3,99.74,0.064,2024-25,,,,,
1629638,Nickeil Alexander-Walker,MIN,82,0.579,0.155,115.1,108.5,6.6,99.57,0.081,2024-25,,,,,
201587,Nicolas Batum,LAC,78,0.633,0.087,110.5,104.7,5.9,100.22,0.069,2024-25,,,,,
203999,Nikola Jokić,DEN,70,0.663,0.285,125.6,115.1,10.5,101.99,0.206,2024-25,,,,,
1631107,Nikola Jović,MIA,46,0.595,0.178,109.6,110.7,-1.1,98.48,0.098,2024-25,,,,,
202696,Nikola Vučević,CHI,73,0.611,0.221,113.6,116.0,-2.4,104.11,0.136,2024-25,,,,,
1641730,Noah Clowney,BKN,46,0.516,0.185,103.0,115.2,-12.3,97.91,0.061,2024-25,,,,,
1626181,Norman Powell,LAC,60,0.615,0.255,116.2,107.4,8.8,99.69,0.11,2024-25,,,,,
1628384,OG Anunoby,NYK,74,0.591,0.195,117.7,112.3,5.4,97.73,0.093,2024-25,,,,,
1630167,Obi Toppin,IND,79,0.642,0.191,113.6,116.1,-2.6,103.97,0.115,2024-25,,,,,
1630534,Ochai Agbaji,TOR,64,0.601,0.144,106.4,112.2,-5.7,101.93,0.081,2024-25,,,,,
1641765,Olivier-Maxence Prosper,DAL,52,0.484,0.158,101.8,109.5,-7.7,103.43,0.082,2024-25,,,,,
1630168,Onyeka Okongwu,ATL,74,0.634,0.169,114.9,113.7,1.1,104.52,0.122,2024-25,,,,,
1631115,Orlando Robinson,TOR,44,0.519,0.177,104.5,109.2,-4.8,102.45,0.088,2024-25,,,,,
1631131,Oscar Tshiebwe,UTA,14,0.64,0.144,113.4,115.8,-2.5,101.2,0.14,2024-25,,,,,
1629052,Oshae Brissett,PHI,6,0.576,0.154,113.6,124.3,-10.7,101.4,0.05,2024-25,,,,,
1642345,Oso Ighodaro,PHX,61,0.61,0.103,109.4,110.0,-0.6,99.05,0.073,2024-25,,,,,
1631172,Ousmane Dieng,OKC,37,0.538,0.152,104.3,99.2,5.1,102.86,0.088,2024-25,,,,,
200782,P.J. Tucker,NYK,3,0.643,0.059,106.1,127.4,-21.3,94.56,0.015,2024-25,,,,,
1629023,P.J. Washington,DAL,57,0.556,0.198,114.2,113.2,1.1,101.66,0.097,2024-25,,,,,
1628408,PJ Dozier,MIN,9,0.621,0.082,98.8,107.8,-9.0,107.91,0.054,2024-25,,,,,
1641790,PJ Hall,DEN,19,0.641,0.176,91.9,91.3,0.5,99.0,0.168,2024-25,,,,,
1642359,Pacôme Dadiet,NYK,18,0.446,0.142,103.8,113.0,-9.2,100.38,0.047,2024-25,,,,,
1631094,Paolo Banchero,ORL,46,0.551,0.33,109.1,109.6,-0.6,97.29,0.157,2024-25,,,,,
1627783,Pascal Siakam,IND,78,0.599,0.237,114.5,108.9,5.5,101.43,0.13,2024-25,,,,,
1626192,Pat Connaughton,MIL,41,0.567,0.151,111.7,114.6,-2.9,99.41,0.088,2024-25,,,,,
1630311,Pat Spencer,GSW,39,0.455,0.204,105.0,107.8,-2.8,103.26,0.093,2024-25,,,,,
1631116,Patrick Baldwin Jr.,LAC,24,0.721,0.151,114.6,102.1,12.4,104.77,0.122,2024-25,,,,,
1630172,Patrick Williams,CHI,63,0.512,0.165,108.7,113.5,-4.8,105.94,0.062,2024-25,,,,,
201988,Patty Mills,LAC,29,0.543,0.15,104.6,108.0,-3.4,103.29,0.055,2024-25,,,,,
202331,Paul George,PHI,41,0.543,0.233,108.3,112.2,-3.8,98.87,0.106,2024-25,,,,,
1630194,Paul Reed,DET,45,0.573,0.179,111.3,105.7,5.6,101.81,0.115,2024-25,,,,,
1630202,Payton Pritchard,BOS,80,0.633,0.186,118.4,108.9,9.5,96.45,0.116,2024-25,,,,,
1641796,Pelle Larsson,MIA,55,0.546,0.141,111.1,108.7,2.4,98.71,0.055,2024-25,,,,,
1631250,Pete Nance,MIL,13,0.578,0.116,107.8,114.8,-7.0,97.1,0.054,2024-25,,,,,
1631212,Peyton Watson,DEN,68,0.564,0.138,113.9,113.9,0.0,101.83,0.066,2024-25,,,,,
1630762,Phillip Wheeler,PHI,5,0.183,0.221,110.0,96.6,13.4,96.76,-0.005,2024-25,,,,,
1630173,Precious Achiuwa,NYK,57,0.53,0.143,110.2,111.4,-1.2,100.16,0.092,2024-25,,,,,
1629656,Quentin Grimes,PHI,75,0.595,0.218,111.9,118.1,-6.2,100.7,0.105,2024-25,,,,,
1631245,Quenton Jackson,IND,28,0.58,0.167,110.9,110.1,0.8,104.12,0.089,2024-25,,,,,
1642439,Quincy Olivari,LAL,2,0.3,0.231,68.2,150.0,-81.8,102.52,-0.022,2024-25,,,,,
1642366,Quinten Post,GSW,42,0.595,0.197,111.5,109.1,2.4,100.02,0.095,2024-25,,,,,
1629628,RJ Barrett,TOR,58,0.547,0.281,110.1,113.4,-3.4,102.74,0.121,2024-25,,,,,
1642484,RayJ Dennis,IND,11,0.443,0.212,113.5,86.3,27.3,105.02,0.11,2024-25,,,,,
1641712,Rayan Rupert,POR,52,0.499,0.156,100.6,109.8,-9.2,104.66,0.055,2024-25,,,,,
1641736,Reece Beekman,BKN,36,0.4,0.122,98.5,110.4,-12.0,99.16,0.051,2024-25,,,,,
1642263,Reed Sheppard,HOU,52,0.465,0.171,108.5,111.1,-2.7,104.93,0.06,2024-25,,,,,
202704,Reggie Jackson,PHI,31,0.496,0.17,108.3,111.8,-3.5,98.88,0.067,2024-25,,,,,
1626158,Richaun Holmes,WAS,31,0.695,0.143,110.2,114.5,-4.3,100.78,0.135,2024-25,,,,,
1641741,Ricky Council IV,PHI,73,0.502,0.196,109.9,116.0,-6.1,99.93,0.08,2024-25,,,,,
1642434,Riley Minix,SAS,1,0.0,0.063,93.3,93.3,0.0,106.67,0.039,2024-25,,,,,
1642265,Rob Dillingham,MIN,49,0.503,0.215,112.3,111.1,1.2,101.82,0.078,2024-25,,,,,
1629057,Robert Williams III,POR,20,0.679,0.12,106.3,108.3,-2.0,100.69,0.137,2024-25,,,,,
1631199,Ron Harper Jr.,DET,1,0.225,0.205,120.6,116.7,3.9,98.82,0.071,2024-25,,,,,
1641842,Ronald Holland II,DET,81,0.556,0.177,109.8,110.9,-1.0,101.0,0.078,2024-25,,,,,
1626220,Royce O'Neale,PHX,75,0.585,0.151,112.1,116.4,-4.2,100.27,0.085,2024-25,,,,,
203497,Rudy Gobert,MIN,72,0.687,0.129,114.3,107.6,6.7,97.63,0.126,2024-25,,,,,
1629060,Rui Hachimura,LAL,59,0.619,0.156,114.8,110.9,3.9,99.44,0.086,2024-25,,,,,
201566,Russell Westbrook,DEN,75,0.532,0.23,115.7,116.2,-0.6,103.3,0.093,2024-25,,,,,
1642346,Ryan Dunn,PHX,74,0.517,0.161,110.4,115.1,-4.7,98.59,0.059,2024-25,,,,,
1631157,Ryan Rollins,MIL,56,0.6,0.179,114.0,108.6,5.4,101.74,0.088,2024-25,,,,,
1630573,Sam Hauser,BOS,71,0.632,0.14,119.8,109.8,10.0,96.4,0.083,2024-25,,,,,
1630241,Sam Merrill,CLE,71,0.583,0.14,117.4,107.1,10.3,101.26,0.069,2024-25,,,,,
1630572,Sandro Mamukelashvili,SAS,61,0.628,0.202,111.6,112.9,-1.4,102.07,0.124,2024-25,,,,,
1630583,Santi Aldama,MEM,65,0.588,0.179,116.1,112.6,3.5,105.41,0.121,2024-25,,,,,
1630703,Scoot Henderson,POR,66,0.54,0.22,112.5,113.7,-1.3,100.99,0.084,2024-25,,,,,
1630567,Scottie Barnes,TOR,65,0.523,0.262,107.4,110.1,-2.7,102.48,0.139,2024-25,,,,,
1630590,Scotty Pippen Jr.,MEM,79,0.582,0.188,111.0,109.7,1.3,105.6,0.106,2024-25,,,,,
203552,Seth Curry,CHA,68,0.616,0.151,106.2,114.1,-8.0,99.1,0.083,2024-25,,,,,
1631101,Shaedon Sharpe,POR,72,0.551,0.25,111.4,114.4,-3.0,99.88,0.102,2024-25,,,,,
1628983,Shai Gilgeous-Alexander,OKC,76,0.637,0.336,122.4,105.7,16.7,101.91,0.199,2024-25,,,,,
1629003,Shake Milton,LAL,57,0.563,0.162,106.2,113.1,-6.9,98.81,0.081,2024-25,,,,,
1631321,Sidy Cissoko,POR,22,0.471,0.156,91.2,89.0,2.1,103.79,0.057,2024-25,,,,,
1631323,Simone Fontecchio,DET,75,0.544,0.152,110.7,109.5,1.2,103.26,0.068,2024-25,,,,,
1627746,Skal Labissiere,SAC,4,0.625,0.129,114.8,128.0,-13.2,104.35,0.092,2024-25,,,,,
203915,Spencer Dinwiddie,DAL,79,0.553,0.175,110.1,115.1,-5.0,101.4,0.089,2024-25,,,,,
1642461,Spencer Jones,DEN,20,0.368,0.128,89.4,107.4,-18.0,104.76,0.013,2024-25,,,,,
1630649,Stanley Umude,MIL,22,0.27,0.137,85.6,95.8,-10.1,107.72,0.022,2024-25,,,,,
201939,Stephen Curry,GSW,70,0.618,0.286,118.4,112.7,5.7,101.72,0.145,2024-25,,,,,
1642264,Stephon Castle,SAS,81,0.522,0.253,111.8,116.6,-4.7,101.89,0.087,2024-25,,,,,
203500,Steven Adams,HOU,58,0.541,0.127,115.3,105.9,9.4,99.77,0.109,2024-25,,,,,
1629004,Svi Mykhailiuk,UTA,38,0.526,0.198,110.3,117.7,-7.4,101.83,0.067,2024-25,,,,,
204456,T.J. McConnell,IND,79,0.547,0.226,111.1,113.8,-2.7,103.69,0.129,2024-25,,,,,
201959,Taj Gibson,CHA,37,0.515,0.132,96.6,110.4,-13.8,99.38,0.068,2024-25,,,,,
1629659,Talen Horton-Tucker,CHI,58,0.567,0.208,111.4,109.8,1.7,106.82,0.09,2024-25,,,,,
1631106,Tari Eason,HOU,57,0.567,0.185,114.8,109.2,5.6,101.55,0.117,2024-25,,,,,
1627752,Taurean Prince,MIL,80,0.613,0.123,114.0,114.5,-0.4,100.95,0.064,2024-25,,,,,
1641707,Taylor Hendricks,UTA,3,0.354,0.113,95.7,109.2,-13.5,105.0,0.036,2024-25,,,,,
1631386,Taze Moore,POR,2,0.276,0.224,58.7,77.3,-18.6,108.82,0.105,2024-25,,,,,
1629611,Terance Mann,ATL,67,0.584,0.145,112.9,115.2,-2.3,100.43,0.074,2024-25,,,,,
1629056,Terence Davis,SAC,1,0.0,0.111,86.7,106.7,-20.0,91.33,0.0,2024-25,,,,,
1630545,Terrence Shannon Jr.,MIN,32,0.56,0.166,107.8,107.0,0.8,103.77,0.082,2024-25,,,,,
1626179,Terry Rozier,MIA,64,0.497,0.195,107.3,112.3,-4.9,99.13,0.078,2024-25,,,,,
1630678,Terry Taylor,SAC,3,0.0,0.067,135.7,71.4,64.3,106.11,0.043,2024-25,,,,,
1628418,Thomas Bryant,IND,66,0.614,0.162,109.9,113.4,-3.5,102.45,0.11,2024-25,,,,,
1642275,Tidjane Salaün,CHA,60,0.457,0.15,99.4,111.2,-11.9,98.5,0.065,2024-25,,,,,
203501,Tim Hardaway Jr.,DET,77,0.567,0.151,113.8,114.2,-0.5,100.66,0.066,2024-25,,,,,
202699,Tobias Harris,DET,73,0.571,0.173,114.7,110.8,3.9,100.89,0.1,2024-25,,,,,
1642449,Tolu Smith,DET,1,0.678,0.2,117.4,104.4,12.9,97.72,0.149,2024-25,,,,,
1628396,Tony Bradley,IND,14,0.64,0.182,112.6,93.6,19.0,105.38,0.16,2024-25,,,,,
1628470,Torrey Craig,BOS,26,0.567,0.139,104.9,109.8,-5.0,98.16,0.08,2024-25,,,,,
1641787,Tosan Evbuomwan,BKN,28,0.53,0.183,103.4,108.4,-5.0,97.96,0.087,2024-25,,,,,
1641739,Toumani Camara,POR,78,0.572,0.143,111.5,113.3,-1.8,99.38,0.076,2024-25,,,,,
1629027,Trae Young,ATL,76,0.567,0.285,115.2,114.6,0.6,105.51,0.129,2024-25,,,,,
1631218,Trayce Jackson-Davis,GSW,62,0.587,0.164,107.8,111.3,-3.5,101.53,0.12,2024-25,,,,,
1630200,Tre Jones,CHI,46,0.617,0.136,112.0,113.5,-1.5,103.35,0.11,2024-25,,,,,
1630544,Tre Mann,CHA,13,0.537,0.25,107.0,114.4,-7.3,99.0,0.098,2024-25,,,,,
1630570,Trendon Watford,BKN,44,0.557,0.226,105.1,109.4,-4.4,97.8,0.101,2024-25,,,,,
1642280,Trentyn Flowers,LAC,6,0.446,0.194,88.5,101.7,-13.2,108.62,0.029,2024-25,,,,,
1630243,Trevelin Queen,ORL,31,0.486,0.176,101.9,111.1,-9.2,98.95,0.071,2024-25,,,,,
1641725,Trey Alexander,DEN,24,0.374,0.165,94.2,105.1,-10.9,105.44,0.029,2024-25,,,,,
1641998,Trey Jemison III,LAL,38,0.537,0.121,105.6,107.8,-2.2,99.06,0.044,2024-25,,,,,
1626168,Trey Lyles,SAC,69,0.551,0.139,111.8,113.8,-2.0,100.04,0.087,2024-25,,,,,
1630530,Trey Murphy III,NOP,53,0.598,0.229,109.0,118.7,-9.7,102.03,0.11,2024-25,,,,,
202684,Tristan Thompson,CLE,40,0.41,0.123,97.2,109.8,-12.5,100.56,0.083,2024-25,,,,,
1641774,Tristan Vukcevic,WAS,35,0.608,0.252,102.6,114.3,-11.7,102.79,0.127,2024-25,,,,,
1641783,Tristan da Silva,ORL,74,0.522,0.149,106.1,110.3,-4.2,96.97,0.074,2024-25,,,,,
1641803,Tristen Newton,MIN,8,0.178,0.185,83.3,97.6,-14.2,123.38,-0.068,2024-25,,,,,
1629660,Ty Jerome,CLE,70,0.643,0.229,120.3,110.4,9.9,101.92,0.134,2024-25,,,,,
1631102,TyTy Washington Jr.,PHX,16,0.367,0.187,109.2,105.7,3.5,98.56,0.049,2024-25,,,,,
1629639,Tyler Herro,MIA,77,0.605,0.271,113.9,112.6,1.3,97.78,0.139,2024-25,,,,,
1642278,Tyler Kolek,NYK,41,0.453,0.152,104.1,104.4,-0.3,102.35,0.072,2024-25,,,,,
1641890,Tyler Smith,MIL,23,0.626,0.205,103.4,96.3,7.1,105.22,0.123,2024-25,,,,,
1630169,Tyrese Haliburton,IND,73,0.616,0.21,117.7,114.2,3.5,100.82,0.143,2024-25,,,,,
1631213,Tyrese Martin,BKN,60,0.533,0.179,103.2,113.4,-10.2,98.64,0.084,2024-25,,,,,
1630178,Tyrese Maxey,PHI,52,0.562,0.293,113.8,117.4,-3.5,98.34,0.127,2024-25,,,,,
1630623,Tyson Etienne,BKN,7,0.488,0.177,98.8,119.3,-20.5,105.16,0.024,2024-25,,,,,
1626145,Tyus Jones,PHX,81,0.585,0.16,113.6,116.1,-2.5,99.19,0.099,2024-25,,,,,
1642279,Ulrich Chomche,TOR,7,0.425,0.108,96.9,140.3,-43.4,94.73,0.02,2024-25,,,,,
203995,Vasilije Micic,PHX,41,0.462,0.199,102.2,109.4,-7.2,97.45,0.061,2024-25,,,,,
1641705,Victor Wembanyama,SAS,46,0.594,0.3,112.5,110.0,2.6,100.98,0.168,2024-25,,,,,
1631246,Vince Williams Jr.,MEM,27,0.504,0.166,117.4,116.2,1.2,105.23,0.065,2024-25,,,,,
1628427,Vlatko Čančar,DEN,13,0.462,0.109,93.5,100.3,-6.9,102.84,0.062,2024-25,,,,,
1630249,Vít Krejčí,ATL,57,0.661,0.131,109.7,111.6,-1.9,102.63,0.086,2024-25,,,,,
1631117,Walker Kessler,UTA,58,0.66,0.133,109.2,118.3,-9.1,100.8,0.127,2024-25,,,,,
1628976,Wendell Carter Jr.,ORL,68,0.544,0.159,107.8,107.8,0.0,97.19,0.099,2024-25,,,,,
1631111,Wendell Moore Jr.,CHA,36,0.553,0.133,99.6,112.0,-12.4,100.73,0.083,2024-25,,,,,
1630214,Xavier Tillman,BOS,33,0.31,0.125,106.6,108.9,-2.3,97.6,0.022,2024-25,,,,,
1642530,Yuki Kawamura,MEM,22,0.53,0.167,114.6,102.5,12.1,106.19,0.086,2024-25,,,,,
1641879,Yuri Collins,GSW,2,0.333,0.068,94.4,111.4,-17.0,104.54,0.048,2024-25,,,,,
1642274,Yves Missi,NOP,73,0.572,0.141,107.8,120.5,-12.7,99.85,0.09,2024-25,,,,,
1642258,Zaccharie Risacher,ATL,75,0.558,0.203,112.3,115.0,-2.7,104.57,0.071,2024-25,,,,,
1628380,Zach Collins,CHI,64,0.605,0.166,109.4,109.9,-0.4,102.77,0.106,2024-25,,,,,
1641744,Zach Edey,MEM,66,0.624,0.156,116.8,111.5,5.3,104.2,0.111,2024-25,,,,,
203897,Zach LaVine,SAC,74,0.639,0.251,115.4,116.8,-1.4,101.28,0.115,2024-25,,,,,
1630192,Zeke Nnaji,DEN,57,0.574,0.119,107.3,108.9,-1.6,102.16,0.063,2024-25,,,,,
1630533,Ziaire Williams,BKN,63,0.55,0.179,106.5,116.2,-9.7,97.77,0.081,2024-25,,,,,
1629627,Zion Williamson,NOP,30,0.6,0.325,113.7,115.5,-1.8,103.3,0.167,2024-25,,,,,
1642389,Zyon Pullin,MEM,3,0.0,0.167,83.3,66.7,16.7,110.7,-0.087,2024-25,,,,,
1630639,A.J. Lawson,TOR,20,0.622,0.169,107.9,111.6,-3.6,99.74,0.094,2025-26,,,,,
1631260,AJ Green,MIL,74,0.615,0.131,113.1,116.5,-3.5,99.49,0.054,2025-26,,,,,
1642358,AJ Johnson,DAL,44,0.401,0.18,103.5,107.2,-3.7,102.03,0.047,2025-26,,,,,
203932,Aaron Gordon,DEN,35,0.622,0.215,124.2,111.9,12.2,99.99,0.119,2025-26,,,,,
1628988,Aaron Holiday,HOU,53,0.565,0.163,113.1,107.6,5.6,99.17,0.06,2025-26,,,,,
1630174,Aaron Nesmith,IND,45,0.554,0.19,111.1,118.4,-7.3,103.09,0.067,2025-26,,,,,
1630598,Aaron Wiggins,OKC,61,0.539,0.195,113.3,105.9,7.4,101.41,0.083,2025-26,,,,,
1642846,Ace Bailey,UTA,70,0.537,0.207,109.6,120.9,-11.3,104.26,0.069,2025-26,,,,,
1642380,Adama Bal,MEM,6,0.56,0.13,101.1,129.3,-28.2,104.04,0.038,2025-26,,,,,
1641737,Adem Bona,PHI,68,0.642,0.109,113.9,113.0,0.9,102.32,0.07,2025-26,,,,,
1642876,Adou Thiero,LAL,21,0.532,0.124,109.6,117.0,-7.4,100.33,0.043,2025-26,,,,,
1642349,Ajay Mitchell,OKC,55,0.588,0.211,118.1,102.7,15.4,102.58,0.117,2025-26,,,,,
201143,Al Horford,GSW,43,0.554,0.162,112.8,113.8,-1.0,101.15,0.104,2025-26,,,,,
1630828,Alex Antetokounmpo,MIL,4,0.452,0.226,82.8,93.1,-10.3,112.97,0.057,2025-26,,,,,
1627936,Alex Caruso,OKC,54,0.537,0.152,117.0,99.2,17.8,102.76,0.094,2025-26,,,,,
1631457,Alex Morales,ORL,2,0.333,0.147,128.6,78.6,50.0,97.16,0.012,2025-26,,,,,
1642259,Alex Sarr,WAS,48,0.544,0.252,108.0,120.4,-12.4,103.35,0.121,2025-26,,,,,
1642918,Alijah Martin,TOR,21,0.462,0.176,104.5,104.2,0.3,97.81,0.079,2025-26,,,,,
1631214,Alondes Williams,WAS,4,0.745,0.141,122.5,106.9,15.6,103.59,0.133,2025-26,,,,,
1630578,Alperen Sengun,HOU,69,0.572,0.26,117.3,114.1,3.2,97.83,0.143,2025-26,,,,,
1642873,Amari Williams,BOS,21,0.556,0.104,90.0,106.2,-16.2,102.36,0.081,2025-26,,,,,
1641708,Amen Thompson,HOU,76,0.589,0.193,117.1,110.4,6.7,98.28,0.125,2025-26,,,,,
1629599,Amir Coffey,PHX,43,0.593,0.109,107.3,109.8,-2.5,98.64,0.067,2025-26,,,,,
1643158,Andersson Garcia,UTA,5,0.394,0.094,105.8,115.6,-9.8,103.68,0.052,2025-26,,,,,
203083,Andre Drummond,PHI,60,0.538,0.144,109.5,115.5,-5.9,100.37,0.111,2025-26,,,,,
1641748,Andre Jackson Jr.,MIL,44,0.438,0.172,102.4,109.2,-6.8,99.93,0.047,2025-26,,,,,
1629614,Andrew Nembhard,IND,57,0.564,0.233,109.3,119.3,-10.0,102.27,0.111,2025-26,,,,,
203952,Andrew Wiggins,MIA,64,0.587,0.193,113.4,113.5,-0.1,105.32,0.095,2025-26,,,,,
1629014,Anfernee Simons,CHI,55,0.576,0.227,116.9,114.0,3.0,97.42,0.096,2025-26,,,,,
1641710,Anthony Black,ORL,61,0.551,0.219,113.6,113.2,0.4,100.83,0.091,2025-26,,,,,
203076,Anthony Davis,WAS,20,0.551,0.272,110.0,114.6,-4.6,101.27,0.151,2025-26,,,,,
1630162,Anthony Edwards,MIN,60,0.617,0.308,117.7,114.1,3.6,101.5,0.146,2025-26,,,,,
1630264,Anthony Gill,WAS,51,0.672,0.117,107.9,120.9,-13.0,103.95,0.08,2025-26,,,,,
1641810,Antonio Reeves,CHA,10,0.675,0.133,115.0,95.4,19.7,93.27,0.099,2025-26,,,,,
1630574,Ariel Hukporti,NYK,52,0.612,0.099,106.4,104.0,2.4,100.93,0.08,2025-26,,,,,
1642854,Asa Newell,ATL,42,0.63,0.161,110.0,111.7,-1.7,105.57,0.074,2025-26,,,,,
1641709,Ausar Thompson,DET,70,0.541,0.168,118.0,106.9,11.1,100.87,0.1,2025-26,,,,,
1630559,Austin Reaves,LAL,51,0.641,0.258,117.3,112.3,5.0,100.41,0.137,2025-26,,,,,
1630245,Ayo Dosunmu,MIN,67,0.629,0.195,111.0,113.1,-2.1,103.18,0.114,2025-26,,,,,
1628389,Bam Adebayo,MIA,69,0.55,0.25,116.6,110.4,6.2,104.17,0.138,2025-26,,,,,
1631248,Baylor Scheierman,BOS,73,0.595,0.112,116.0,108.7,7.3,96.61,0.081,2025-26,,,,,
1642879,Ben Saraf,BKN,40,0.471,0.196,104.3,115.4,-11.1,100.49,0.054,2025-26,,,,,
1641767,Ben Sheppard,IND,65,0.561,0.131,107.1,116.0,-8.8,104.23,0.066,2025-26,,,,,
1631097,Bennedict Mathurin,LAC,50,0.582,0.246,111.6,115.4,-3.8,101.23,0.106,2025-26,,,,,
1643016,Bez Mbeng,UTA,12,0.461,0.084,105.2,123.7,-18.5,104.17,0.036,2025-26,,,,,
1641731,Bilal Coulibaly,WAS,54,0.521,0.191,108.6,121.0,-12.5,104.37,0.078,2025-26,,,,,
202687,Bismack Biyombo,SAS,24,0.615,0.078,95.0,124.6,-29.6,100.08,0.021,2025-26,,,,,
1642396,Blake Hinson,UTA,11,0.711,0.161,114.4,110.2,4.3,99.46,0.096,2025-26,,,,,
1631104,Blake Wesley,POR,28,0.519,0.186,104.8,113.5,-8.8,106.07,0.077,2025-26,,,,,
1626171,Bobby Portis,MIL,67,0.587,0.225,110.2,118.4,-8.2,98.78,0.122,2025-26,,,,,
1641752,Bobi Klintman,DET,12,0.388,0.18,92.5,96.8,-4.3,106.92,0.039,2025-26,,,,,
203992,Bogdan Bogdanović,LAC,22,0.5,0.184,107.4,113.5,-6.1,96.75,0.064,2025-26,,,,,
1630538,Bones Hyland,MIN,69,0.595,0.195,113.3,108.3,5.0,102.77,0.1,2025-26,,,,,
203078,Bradley Beal,LAC,6,0.476,0.224,119.1,128.5,-9.3,97.65,0.018,2025-26,,,,,
1642382,Branden Carlson,OKC,39,0.609,0.178,112.9,110.3,2.7,102.31,0.102,2025-26,,,,,
1641764,Brandin Podziemski,GSW,78,0.579,0.193,110.0,110.3,-0.3,101.55,0.113,2025-26,,,,,
1629634,Brandon Clarke,MEM,2,0.372,0.193,87.8,110.0,-22.2,116.25,0.023,2025-26,,,,,
1627742,Brandon Ingram,TOR,73,0.567,0.264,114.1,113.8,0.2,99.02,0.118,2025-26,,,,,
1641706,Brandon Miller,CHA,62,0.574,0.272,120.1,111.2,8.9,98.62,0.113,2025-26,,,,,
1630314,Brandon Williams,DAL,66,0.572,0.242,111.2,115.5,-4.4,105.54,0.115,2025-26,,,,,
1641729,Brice Sensabaugh,UTA,73,0.592,0.241,112.0,120.4,-8.5,104.8,0.091,2025-26,,,,,
1642355,Bronny James,LAL,38,0.505,0.158,108.0,115.5,-7.5,100.18,0.052,2025-26,,,,,
201572,Brook Lopez,LAC,71,0.548,0.17,114.3,112.0,2.3,97.74,0.075,2025-26,,,,,
1642964,Brooks Barnhizer,OKC,37,0.438,0.092,101.7,112.6,-10.9,101.0,0.059,2025-26,,,,,
1628971,Bruce Brown,DEN,79,0.555,0.141,113.6,115.1,-1.5,100.23,0.067,2025-26,,,,,
1631121,Bryce McGowens,NOP,42,0.61,0.136,115.3,118.9,-3.6,103.45,0.067,2025-26,,,,,
1642267,Bub Carrington,WAS,78,0.548,0.171,107.1,122.6,-15.5,103.81,0.07,2025-26,,,,,
1631205,Buddy Boeheim,OKC,4,0.5,0.158,84.4,72.4,12.0,97.58,0.028,2025-26,,,,,
1627741,Buddy Hield,ATL,50,0.552,0.188,109.1,114.1,-5.0,103.86,0.08,2025-26,,,,,
1643047,CJ Huntley,PHX,2,0.5,0.1,94.1,76.5,17.6,116.85,0.049,2025-26,,,,,
203468,CJ McCollum,ATL,74,0.564,0.247,113.5,112.3,1.2,103.03,0.104,2025-26,,,,,
1630595,Cade Cunningham,DET,61,0.567,0.298,119.7,108.9,10.9,101.01,0.161,2025-26,,,,,
1631216,Caleb Houstan,ATL,18,0.769,0.168,97.6,98.2,-0.6,106.86,0.103,2025-26,,,,,
1631126,Caleb Love,POR,47,0.498,0.228,108.6,114.5,-5.9,102.87,0.08,2025-26,,,,,
1628997,Caleb Martin,DAL,58,0.526,0.122,102.9,112.1,-9.2,105.2,0.063,2025-26,,,,,
1642353,Cam Christie,LAC,52,0.487,0.169,107.4,107.7,-0.4,97.66,0.073,2025-26,,,,,
1642285,Cam Spencer,MEM,72,0.649,0.166,112.4,116.0,-3.6,101.59,0.12,2025-26,,,,,
1630560,Cam Thomas,MIL,42,0.53,0.295,111.7,123.8,-12.1,96.65,0.089,2025-26,,,,,
1641715,Cam Whitmore,WAS,21,0.528,0.225,104.4,124.0,-19.6,105.84,0.082,2025-26,,,,,
1629661,Cameron Johnson,DEN,53,0.627,0.143,124.3,114.9,9.4,101.26,0.074,2025-26,,,,,
1626166,Cameron Payne,PHI,22,0.514,0.183,105.5,113.6,-8.1,104.63,0.096,2025-26,,,,,
1627747,Caris LeVert,DET,57,0.517,0.178,107.9,107.4,0.5,101.13,0.08,2025-26,,,,,
1642868,Carter Bryant,SAS,68,0.501,0.159,108.1,108.4,-0.3,101.96,0.065,2025-26,,,,,
1641717,Cason Wallace,OKC,75,0.541,0.141,115.9,104.0,11.8,101.93,0.078,2025-26,,,,,
1642907,Cedric Coward,MEM,61,0.581,0.205,113.4,113.6,-0.1,104.31,0.108,2025-26,,,,,
1643052,Chaney Johnson,BKN,15,0.654,0.156,106.8,116.1,-9.4,101.37,0.097,2025-26,,,,,
1629646,Charles Bassey,GSW,9,0.651,0.15,98.5,114.1,-15.6,104.1,0.13,2025-26,,,,,
1642404,Chaz Lanier,DET,31,0.428,0.146,107.3,104.9,2.5,102.95,0.043,2025-26,,,,,
1631096,Chet Holmgren,OKC,67,0.649,0.213,117.9,102.6,15.3,101.22,0.151,2025-26,,,,,
1628449,Chris Boucher,BOS,9,0.392,0.128,114.3,109.9,4.4,97.12,0.04,2025-26,,,,,
1641753,Chris Livingston,CLE,3,0.605,0.189,113.9,86.8,27.0,101.91,0.104,2025-26,,,,,
1643024,Chris Mañon,LAL,6,0.347,0.063,94.3,102.0,-7.7,97.59,0.074,2025-26,,,,,
101108,Chris Paul,LAC,16,0.413,0.135,99.4,116.6,-17.3,98.62,0.064,2025-26,,,,,
1642959,Chris Youngblood,POR,33,0.527,0.164,106.7,104.9,1.8,101.78,0.061,2025-26,,,,,
1631128,Christian Braun,DEN,43,0.605,0.142,123.6,114.0,9.6,101.45,0.076,2025-26,,,,,
1631132,Christian Koloko,ATL,26,0.467,0.104,107.0,106.0,1.0,104.82,0.05,2025-26,,,,,
1642935,Chucky Hepburn,TOR,2,0.0,0.219,73.1,120.7,-47.6,99.75,-0.1,2025-26,,,,,
203991,Clint Capela,HOU,71,0.533,0.129,111.1,104.3,6.8,98.62,0.109,2025-26,,,,,
1629632,Coby White,CHA,48,0.592,0.282,117.2,113.9,3.3,101.75,0.111,2025-26,,,,,
1628998,Cody Martin,IND,4,0.277,0.119,79.0,99.2,-20.2,105.26,0.045,2025-26,,,,,
1642262,Cody Williams,UTA,64,0.531,0.155,110.8,122.5,-11.6,104.29,0.057,2025-26,,,,,
1641732,Colby Jones,DET,1,0.333,0.158,133.3,53.3,80.0,105.62,0.256,2025-26,,,,,
1630175,Cole Anthony,MIL,35,0.483,0.244,103.4,113.1,-9.7,101.99,0.082,2025-26,,,,,
1630658,Colin Castleton,ORL,2,0.333,0.179,120.8,70.8,50.0,94.81,0.094,2025-26,,,,,
1631221,Collin Gillespie,PHX,77,0.578,0.182,113.8,109.9,3.9,99.7,0.109,2025-26,,,,,
1642867,Collin Murray-Boyles,TOR,54,0.615,0.151,110.4,109.8,0.6,99.4,0.096,2025-26,,,,,
1629012,Collin Sexton,CHI,64,0.623,0.248,110.9,113.9,-3.0,102.68,0.114,2025-26,,,,,
1642843,Cooper Flagg,DAL,66,0.552,0.261,109.1,114.8,-5.7,102.86,0.128,2025-26,,,,,
1630557,Corey Kispert,ATL,55,0.604,0.178,109.0,115.0,-6.0,104.31,0.088,2025-26,,,,,
1642504,Cormac Ryan,MIL,7,0.748,0.188,122.5,123.8,-1.4,94.64,0.099,2025-26,,,,,
1641854,Craig Porter Jr.,CLE,62,0.517,0.119,115.6,111.4,4.2,102.18,0.092,2025-26,,,,,
1642938,Curtis Jones,DEN,7,0.321,0.203,110.4,103.0,7.4,97.47,0.036,2025-26,,,,,
1626156,D'Angelo Russell,WAS,26,0.511,0.261,107.9,111.2,-3.3,104.05,0.098,2025-26,,,,,
1629610,DaQuan Jeffries,SAC,3,0.731,0.141,121.5,120.7,0.8,96.96,0.078,2025-26,,,,,
1641747,DaRon Holmes II,DEN,22,0.7,0.169,107.6,111.5,-4.0,95.52,0.091,2025-26,,,,,
1631342,Daeqwon Plowden,SAC,29,0.565,0.155,110.0,121.9,-11.9,101.07,0.055,2025-26,,,,,
1630625,Dalano Banton,BOS,5,0.506,0.207,114.6,131.4,-16.8,94.47,0.076,2025-26,,,,,
1631207,Dalen Terry,PHI,47,0.522,0.14,107.0,109.4,-2.4,104.86,0.075,2025-26,,,,,
1642261,Dalton Knecht,LAL,50,0.547,0.167,104.5,113.6,-9.1,100.42,0.064,2025-26,,,,,
1629655,Daniel Gafford,DAL,55,0.677,0.151,105.9,113.0,-7.1,104.6,0.114,2025-26,,,,,
1642450,Daniss Jenkins,DET,69,0.533,0.208,112.8,106.6,6.2,101.36,0.102,2025-26,,,,,
1642874,Danny Wolf,BKN,57,0.521,0.201,102.9,111.9,-9.0,98.09,0.096,2025-26,,,,,
203967,Dario Saric,SAC,5,0.363,0.1,104.7,104.7,0.0,98.91,0.015,2025-26,,,,,
1641727,Dariq Whitehead,MEM,3,0.485,0.22,103.4,127.3,-23.9,107.29,0.05,2025-26,,,,,
1642468,Darius Brown,CLE,1,0.0,0.167,100.0,180.0,-80.0,90.0,0.0,2025-26,,,,,
1629636,Darius Garland,LAC,42,0.59,0.265,118.2,115.8,2.4,102.02,0.113,2025-26,,,,,
1642357,David Jones Garcia,SAS,11,0.579,0.18,123.1,100.0,23.1,109.45,0.133,2025-26,,,,,
1631223,David Roddy,DEN,3,0.34,0.171,66.7,115.2,-48.5,114.09,0.129,2025-26,,,,,
1630558,Davion Mitchell,MIA,67,0.579,0.136,117.3,112.3,5.1,104.21,0.082,2025-26,,,,,
1630549,Day'Ron Sharpe,BKN,62,0.638,0.19,107.3,111.7,-4.3,98.86,0.141,2025-26,,,,,
1628368,De'Aaron Fox,SAS,69,0.579,0.241,118.6,108.4,10.2,103.76,0.116,2025-26,,,,,
1629631,De'Andre Hunter,SAC,45,0.545,0.218,114.1,115.0,-0.9,103.39,0.077,2025-26,,,,,
1629001,De'Anthony Melton,GSW,45,0.512,0.247,115.5,110.1,5.4,101.89,0.086,2025-26,,,,,
201599,DeAndre Jordan,NOP,12,0.671,0.098,110.0,112.3,-2.4,100.68,0.119,2025-26,,,,,
1630610,DeJon Jarreau,MEM,11,0.473,0.211,99.2,122.2,-23.0,103.18,0.073,2025-26,,,,,
201942,DeMar DeRozan,SAC,77,0.594,0.222,110.6,122.3,-11.7,101.26,0.111,2025-26,,,,,
1629731,Dean Wade,CLE,57,0.571,0.099,117.3,110.6,6.7,101.7,0.074,2025-26,,,,,
1629028,Deandre Ayton,LAL,68,0.676,0.163,115.6,116.3,-0.6,99.96,0.116,2025-26,,,,,
1627749,Dejounte Murray,NOP,14,0.58,0.267,116.2,114.9,1.3,100.83,0.138,2025-26,,,,,
1630166,Deni Avdija,POR,63,0.597,0.283,115.2,115.5,-0.3,103.06,0.148,2025-26,,,,,
203471,Dennis Schröder,CLE,68,0.527,0.211,111.2,116.7,-5.4,100.23,0.095,2025-26,,,,,
1641726,Dereck Lively II,DAL,7,0.67,0.113,108.6,102.3,6.3,107.02,0.094,2025-26,,,,,
1642852,Derik Queen,NOP,78,0.543,0.212,112.1,119.0,-6.8,102.77,0.107,2025-26,,,,,
1627884,Derrick Jones Jr.,LAC,46,0.606,0.145,118.1,113.4,4.8,99.11,0.074,2025-26,,,,,
1628401,Derrick White,BOS,74,0.528,0.219,119.1,107.9,11.2,96.49,0.11,2025-26,,,,,
1630217,Desmond Bane,ORL,79,0.609,0.226,113.5,111.9,1.6,102.03,0.112,2025-26,,,,,
1626164,Devin Booker,PHX,62,0.583,0.306,115.6,112.0,3.6,100.86,0.14,2025-26,,,,,
1642269,Devin Carter,SAC,35,0.508,0.227,109.7,117.7,-8.0,101.23,0.093,2025-26,,,,,
1630170,Devin Vassell,SAS,64,0.575,0.176,121.3,109.4,12.0,101.47,0.088,2025-26,,,,,
1628415,Dillon Brooks,PHX,53,0.543,0.279,113.7,114.7,-1.0,100.84,0.089,2025-26,,,,,
1641794,Dillon Jones,NYK,6,0.451,0.116,116.9,107.0,9.9,102.02,0.071,2025-26,,,,,
1627734,Domantas Sabonis,SAC,19,0.59,0.223,110.0,123.9,-13.9,102.46,0.131,2025-26,,,,,
1631230,Dominick Barlow,PHI,68,0.602,0.126,113.0,112.9,0.1,101.07,0.078,2025-26,,,,,
1642270,Donovan Clingan,POR,74,0.6,0.163,113.7,113.5,0.2,102.04,0.139,2025-26,,,,,
1628378,Donovan Mitchell,CLE,69,0.612,0.312,119.2,112.3,7.0,103.03,0.151,2025-26,,,,,
1628978,Donte DiVincenzo,MIN,78,0.567,0.163,116.1,109.7,6.4,102.08,0.084,2025-26,,,,,
1627827,Dorian Finney-Smith,HOU,36,0.449,0.102,108.8,108.9,-0.1,99.03,0.033,2025-26,,,,,
203926,Doug McDermott,SAC,26,0.59,0.141,104.5,116.0,-11.5,101.4,0.057,2025-26,,,,,
1642962,Drake Powell,BKN,60,0.543,0.145,101.4,116.4,-15.0,98.55,0.056,2025-26,,,,,
203110,Draymond Green,GSW,65,0.54,0.159,109.3,113.3,-4.0,101.95,0.084,2025-26,,,,,
1629234,Drew Eubanks,SAC,42,0.605,0.161,106.4,117.8,-11.4,102.17,0.082,2025-26,,,,,
1641809,Drew Peterson,CHA,6,0.148,0.108,103.1,110.7,-7.6,97.84,0.0,2025-26,,,,,
1631166,Drew Timme,LAL,23,0.666,0.141,110.5,112.4,-1.9,98.96,0.089,2025-26,,,,,
1630696,Dru Smith,MIA,70,0.532,0.142,107.1,110.3,-3.2,107.22,0.091,2025-26,,,,,
1629130,Duncan Robinson,DET,74,0.623,0.151,120.3,109.4,10.9,101.19,0.076,2025-26,,,,,
1641871,Duop Reath,POR,32,0.613,0.13,103.0,109.4,-6.4,104.4,0.067,2025-26,,,,,
203939,Dwight Powell,DAL,59,0.705,0.084,110.0,109.7,0.3,104.62,0.071,2025-26,,,,,
1642928,Dylan Cardwell,SAC,41,0.591,0.108,108.6,111.1,-2.5,100.09,0.09,2025-26,,,,,
1642844,Dylan Harper,SAS,66,0.577,0.211,116.8,107.0,9.7,101.49,0.115,2025-26,,,,,
1630700,Dyson Daniels,ATL,74,0.542,0.157,116.7,110.9,5.8,103.22,0.105,2025-26,,,,,
1630604,E.J. Liddell,BKN,22,0.508,0.145,110.4,112.7,-2.3,100.78,0.057,2025-26,,,,,
1642856,Egor Dëmin,BKN,52,0.561,0.182,109.5,115.4,-5.9,99.16,0.081,2025-26,,,,,
1641989,Elijah Harkless,UTA,26,0.471,0.162,113.5,116.0,-2.5,103.83,0.055,2025-26,,,,,
1641801,Emanuel Miller,SAS,5,0.54,0.169,88.9,116.9,-28.0,103.84,0.093,2025-26,,,,,
1642402,Enrique Freeman,MIN,2,0.0,0.0,110.0,73.7,36.3,117.24,0.117,2025-26,,,,,
201569,Eric Gordon,PHI,6,0.754,0.137,102.6,120.1,-17.6,102.51,0.083,2025-26,,,,,
1630679,Ethan Thompson,IND,28,0.485,0.145,110.9,110.8,0.1,101.34,0.038,2025-26,,,,,
1630596,Evan Mobley,CLE,63,0.599,0.22,117.3,111.6,5.8,101.71,0.135,2025-26,,,,,
1630532,Franz Wagner,ORL,31,0.586,0.253,114.0,111.5,2.5,104.17,0.136,2025-26,,,,,
1641713,GG Jackson,MEM,55,0.591,0.23,114.0,117.5,-3.5,102.85,0.108,2025-26,,,,,
1629216,Gabe Vincent,ATL,51,0.498,0.119,117.2,116.2,0.9,101.96,0.032,2025-26,,,,,
202066,Garrett Temple,TOR,21,0.39,0.156,89.1,93.8,-4.7,102.48,0.03,2025-26,,,,,
1629726,Garrison Mathews,IND,15,0.628,0.134,107.3,108.0,-0.7,103.91,0.072,2025-26,,,,,
203914,Gary Harris,MIL,46,0.611,0.08,107.0,115.4,-8.4,98.94,0.048,2025-26,,,,,
1627780,Gary Payton II,GSW,69,0.623,0.179,111.0,113.7,-2.7,102.98,0.112,2025-26,,,,,
1629018,Gary Trent Jr.,MIL,64,0.54,0.164,108.1,120.1,-12.1,99.63,0.049,2025-26,,,,,
203507,Giannis Antetokounmpo,MIL,36,0.658,0.358,119.4,114.9,4.4,99.9,0.213,2025-26,,,,,
1629048,Goga Bitadze,ORL,61,0.697,0.126,111.9,111.5,0.4,102.14,0.116,2025-26,,,,,
1641711,Gradey Dick,TOR,72,0.536,0.176,110.9,106.3,4.6,103.25,0.07,2025-26,,,,,
1641761,Grant Nelson,BKN,4,0.634,0.222,112.7,122.5,-9.9,97.34,0.1,2025-26,,,,,
1629684,Grant Williams,CHA,33,0.614,0.135,119.8,105.2,14.6,99.69,0.09,2025-26,,,,,
1628960,Grayson Allen,PHX,49,0.568,0.231,114.0,113.4,0.6,99.29,0.105,2025-26,,,,,
1627824,Guerschon Yabusele,CHI,65,0.544,0.155,106.8,116.2,-9.4,103.86,0.077,2025-26,,,,,
1630611,Gui Santos,GSW,66,0.616,0.181,111.5,110.7,0.7,100.85,0.097,2025-26,,,,,
203084,Harrison Barnes,SAS,74,0.605,0.143,118.2,110.5,7.7,101.71,0.075,2025-26,,,,,
1631127,Harrison Ingram,SAS,6,0.917,0.127,102.1,113.0,-10.9,108.97,0.118,2025-26,,,,,
1629312,Haywood Highsmith,PHX,6,0.729,0.123,116.6,115.1,1.4,92.33,0.116,2025-26,,,,,
1630529,Herbert Jones,NOP,56,0.491,0.153,113.5,114.4,-0.9,101.08,0.053,2025-26,,,,,
1642864,Hugo González,BOS,73,0.557,0.114,117.5,105.7,11.7,97.52,0.067,2025-26,,,,,
1630621,Hunter Dickinson,NOP,2,0.333,0.273,50.0,150.0,-100.0,105.46,-0.127,2025-26,,,,,
1642282,Hunter Sallis,PHI,7,0.595,0.169,89.5,112.3,-22.8,106.57,0.024,2025-26,,,,,
1641816,Hunter Tyson,DEN,21,0.398,0.166,100.0,107.5,-7.5,98.58,0.065,2025-26,,,,,
1630193,Immanuel Quickley,TOR,67,0.579,0.208,114.5,112.0,2.5,100.16,0.119,2025-26,,,,,
1642403,Isaac Jones,DET,6,0.509,0.115,79.6,117.0,-37.4,98.27,0.056,2025-26,,,,,
1630171,Isaac Okoro,CHI,62,0.573,0.136,112.0,121.1,-9.0,103.1,0.049,2025-26,,,,,
1642268,Isaiah Collier,UTA,59,0.567,0.204,109.4,122.6,-13.2,104.25,0.102,2025-26,,,,,
1642384,Isaiah Crawford,HOU,13,0.43,0.124,98.1,100.0,-1.9,96.31,0.057,2025-26,,,,,
1628392,Isaiah Hartenstein,OKC,45,0.629,0.154,118.4,103.0,15.5,100.74,0.144,2025-26,,,,,
1630543,Isaiah Jackson,LAC,55,0.653,0.152,111.8,114.7,-2.9,102.07,0.104,2025-26,,,,,
1630198,Isaiah Joe,OKC,69,0.647,0.177,116.2,105.6,10.6,101.51,0.097,2025-26,,,,,
1630587,Isaiah Livers,PHX,36,0.469,0.094,109.4,108.3,1.1,101.64,0.05,2025-26,,,,,
1641815,Isaiah Stevens,SAC,3,0.571,0.107,110.2,123.3,-13.0,97.61,0.093,2025-26,,,,,
1630191,Isaiah Stewart,DET,55,0.626,0.162,112.6,110.7,1.8,101.02,0.095,2025-26,,,,,
1627826,Ivica Zubac,IND,48,0.622,0.186,115.6,117.9,-2.4,97.51,0.13,2025-26,,,,,
1631120,JD Davison,HOU,27,0.494,0.149,106.9,109.4,-2.4,96.77,0.077,2025-26,,,,,
1629630,Ja Morant,MEM,20,0.521,0.305,109.5,113.9,-4.4,106.6,0.128,2025-26,,,,,
1642266,Ja'Kobe Walter,TOR,68,0.603,0.136,110.8,110.9,-0.1,101.02,0.068,2025-26,,,,,
1631095,Jabari Smith Jr.,HOU,74,0.571,0.178,116.8,111.9,4.9,97.6,0.094,2025-26,,,,,
1631133,Jabari Walker,PHI,62,0.561,0.141,113.0,111.9,1.2,102.43,0.072,2025-26,,,,,
1631210,Jacob Toppin,ATL,5,0.667,0.14,102.7,71.4,31.3,102.45,0.181,2025-26,,,,,
1630702,Jaden Hardy,WAS,56,0.568,0.24,112.0,116.2,-4.1,103.45,0.068,2025-26,,,,,
1631093,Jaden Ivey,CHI,37,0.571,0.192,110.3,108.2,2.1,101.98,0.091,2025-26,,,,,
1630183,Jaden McDaniels,MIN,71,0.617,0.18,115.4,111.9,3.4,102.02,0.088,2025-26,,,,,
1630256,Jae'Sean Tate,HOU,43,0.552,0.128,104.3,110.4,-6.1,97.94,0.062,2025-26,,,,,
1642942,Jahmai Mashack,MEM,28,0.464,0.151,109.8,118.5,-8.8,102.85,0.037,2025-26,,,,,
1642443,Jahmir Young,MIA,11,0.437,0.182,108.7,120.2,-11.5,110.34,0.029,2025-26,,,,,
1643141,Jahmyl Telfort,LAC,8,0.087,0.093,94.0,102.9,-8.9,101.14,-0.064,2025-26,,,,,
1631170,Jaime Jaquez Jr.,MIA,71,0.564,0.215,114.3,111.2,3.1,105.69,0.112,2025-26,,,,,
1631222,Jake LaRavia,LAL,78,0.571,0.14,116.0,116.8,-0.8,100.86,0.066,2025-26,,,,,
1627751,Jakob Poeltl,TOR,42,0.701,0.147,114.3,112.7,1.6,100.79,0.116,2025-26,,,,,
1628973,Jalen Brunson,NYK,72,0.578,0.296,120.1,114.0,6.1,98.42,0.135,2025-26,,,,,
1631105,Jalen Duren,DET,68,0.684,0.231,119.5,108.0,11.5,100.84,0.177,2025-26,,,,,
1630224,Jalen Green,PHX,30,0.521,0.312,113.8,112.6,1.1,99.63,0.11,2025-26,,,,,
1630552,Jalen Johnson,ATL,70,0.583,0.264,115.5,112.6,3.0,103.51,0.162,2025-26,,,,,
1629618,Jalen Pickett,DEN,47,0.546,0.143,110.7,113.0,-2.3,97.51,0.084,2025-26,,,,,
1641771,Jalen Slawson,IND,9,0.561,0.14,113.5,113.9,-0.4,100.74,0.092,2025-26,,,,,
1630188,Jalen Smith,CHI,53,0.608,0.183,116.4,113.0,3.4,103.79,0.109,2025-26,,,,,
1630591,Jalen Suggs,ORL,54,0.555,0.221,113.4,109.0,4.4,104.47,0.11,2025-26,,,,,
1631114,Jalen Williams,OKC,32,0.557,0.252,117.6,106.2,11.4,102.84,0.135,2025-26,,,,,
1630592,Jalen Wilson,BKN,50,0.546,0.176,104.7,114.5,-9.8,98.49,0.062,2025-26,,,,,
1631288,Jamal Cain,ORL,37,0.615,0.16,118.6,113.9,4.7,100.43,0.076,2025-26,,,,,
1627750,Jamal Murray,DEN,74,0.621,0.269,124.2,117.7,6.6,99.85,0.142,2025-26,,,,,
1642347,Jamal Shead,TOR,78,0.492,0.15,113.6,108.6,5.0,100.48,0.079,2025-26,,,,,
1631123,Jamaree Bouyea,PHX,42,0.533,0.175,106.6,104.9,1.8,96.95,0.105,2025-26,,,,,
201935,James Harden,CLE,68,0.614,0.277,119.5,117.0,2.5,98.11,0.144,2025-26,,,,,
1630164,James Wiseman,IND,4,0.597,0.114,92.9,102.4,-9.5,103.04,0.01,2025-26,,,,,
1642364,Jamir Watkins,WAS,46,0.561,0.141,109.7,114.9,-5.3,102.91,0.068,2025-26,,,,,
1642419,Jamison Battle,TOR,57,0.639,0.133,114.1,105.5,8.6,101.89,0.078,2025-26,,,,,
1641716,Jarace Walker,IND,73,0.547,0.197,106.8,118.3,-11.5,104.37,0.09,2025-26,,,,,
1642272,Jared McCain,OKC,63,0.549,0.194,114.3,108.2,6.1,102.71,0.078,2025-26,,,,,
1628991,Jaren Jackson Jr.,UTA,48,0.576,0.253,108.7,110.8,-2.0,103.6,0.107,2025-26,,,,,
1629020,Jarred Vanderbilt,LAL,61,0.55,0.117,114.0,115.0,-0.9,100.39,0.079,2025-26,,,,,
1628386,Jarrett Allen,CLE,55,0.671,0.195,119.6,113.1,6.5,102.47,0.144,2025-26,,,,,
1642859,Jase Richardson,ORL,52,0.571,0.16,112.0,112.3,-0.3,100.98,0.072,2025-26,,,,,
1642914,Javon Small,MEM,40,0.621,0.178,112.4,116.9,-4.5,104.26,0.11,2025-26,,,,,
1631451,Javonte Cooke,POR,19,0.275,0.205,74.3,102.9,-28.6,107.36,0.019,2025-26,,,,,
1629750,Javonte Green,DET,79,0.599,0.144,112.4,105.5,6.9,102.98,0.093,2025-26,,,,,
1629637,Jaxson Hayes,LAL,66,0.758,0.124,115.5,113.1,2.4,100.49,0.109,2025-26,,,,,
1630643,Jay Huff,IND,78,0.593,0.179,107.5,113.7,-6.2,102.96,0.091,2025-26,,,,,
1627759,Jaylen Brown,BOS,69,0.572,0.351,119.2,113.2,6.0,97.73,0.153,2025-26,,,,,
1641740,Jaylen Clark,MIN,64,0.54,0.127,112.8,107.8,5.0,103.25,0.055,2025-26,,,,,
1642377,Jaylen Wells,MEM,69,0.559,0.189,113.4,117.8,-4.4,102.14,0.069,2025-26,,,,,
1631119,Jaylin Williams,OKC,63,0.597,0.155,114.6,103.3,11.3,102.22,0.114,2025-26,,,,,
1642281,Jaylon Tyson,CLE,64,0.614,0.185,117.5,113.5,4.0,101.35,0.092,2025-26,,,,,
1643257,Jayson Kent,POR,3,0.776,0.13,95.0,87.8,7.2,100.12,0.253,2025-26,,,,,
1628369,Jayson Tatum,BOS,14,0.541,0.291,120.4,107.8,12.7,99.37,0.166,2025-26,,,,,
201145,Jeff Green,HOU,29,0.497,0.17,103.3,115.6,-12.3,96.87,0.068,2025-26,,,,,
203924,Jerami Grant,POR,57,0.608,0.228,114.9,115.2,-0.3,104.02,0.094,2025-26,,,,,
1642847,Jeremiah Fears,NOP,79,0.521,0.241,111.1,117.9,-6.8,102.35,0.09,2025-26,,,,,
1630526,Jeremiah Robinson-Earl,DAL,22,0.468,0.129,109.3,119.5,-10.2,104.82,0.069,2025-26,,,,,
1631110,Jeremy Sochan,NYK,42,0.559,0.139,107.9,111.0,-3.0,101.86,0.077,2025-26,,,,,
1630579,Jericho Sims,MIL,63,0.783,0.091,110.4,119.8,-9.4,97.84,0.08,2025-26,,,,,
1641724,Jett Howard,ORL,55,0.561,0.166,112.6,118.1,-5.5,100.55,0.07,2025-26,,,,,
1628975,Jevon Carter,ORL,50,0.524,0.17,109.3,115.4,-6.1,101.7,0.072,2025-26,,,,,
202710,Jimmy Butler III,GSW,38,0.646,0.226,116.6,109.2,7.3,101.73,0.155,2025-26,,,,,
1642866,Joan Beringer,MIN,36,0.668,0.148,116.1,110.2,5.9,106.26,0.096,2025-26,,,,,
1629111,Jock Landale,ATL,68,0.595,0.177,114.6,116.8,-2.2,101.83,0.098,2025-26,,,,,
204060,Joe Ingles,MIN,25,0.684,0.083,107.6,114.5,-6.9,114.14,0.069,2025-26,,,,,
203954,Joel Embiid,PHI,38,0.605,0.336,119.1,113.2,5.8,100.69,0.163,2025-26,,,,,
1628381,John Collins,LAC,65,0.651,0.186,115.1,115.2,-0.1,97.83,0.099,2025-26,,,,,
1629723,John Konchar,UTA,53,0.562,0.089,105.1,112.8,-7.6,104.04,0.087,2025-26,,,,,
1642967,John Poulakidas,DAL,9,0.546,0.135,107.0,111.4,-4.4,108.39,0.046,2025-26,,,,,
1642910,John Tonje,BOS,5,0.347,0.097,95.8,111.1,-15.3,99.47,0.075,2025-26,,,,,
1641780,Johni Broome,PHI,11,0.188,0.226,88.9,102.5,-13.6,103.43,-0.02,2025-26,,,,,
1642277,Johnny Furphy,IND,35,0.547,0.125,110.1,114.8,-4.6,102.22,0.066,2025-26,,,,,
1630548,Johnny Juzang,MIN,21,0.518,0.2,105.3,109.9,-4.6,111.66,0.085,2025-26,,,,,
202685,Jonas Valančiūnas,DEN,62,0.626,0.257,114.1,117.8,-3.8,97.14,0.145,2025-26,,,,,
1628371,Jonathan Isaac,ORL,52,0.498,0.119,104.7,106.1,-1.3,102.61,0.078,2025-26,,,,,
1630228,Jonathan Kuminga,ATL,34,0.559,0.223,111.7,108.6,3.1,102.76,0.108,2025-26,,,,,
1642367,Jonathan Mogbo,TOR,36,0.573,0.102,96.3,105.8,-9.6,104.42,0.099,2025-26,,,,,
203903,Jordan Clarkson,NYK,69,0.551,0.202,115.4,111.7,3.7,99.11,0.068,2025-26,,,,,
1630692,Jordan Goodwin,PHX,68,0.521,0.167,113.3,110.1,3.2,99.32,0.096,2025-26,,,,,
1641722,Jordan Hawkins,NOP,48,0.46,0.162,106.1,116.6,-10.5,102.28,0.044,2025-26,,,,,
1629162,Jordan McLaughlin,SAS,41,0.531,0.143,98.9,113.4,-14.4,102.1,0.087,2025-26,,,,,
1641757,Jordan Miller,LAC,56,0.62,0.18,114.9,114.6,0.3,98.61,0.105,2025-26,,,,,
1629673,Jordan Poole,NOP,37,0.524,0.232,108.9,116.3,-7.4,103.42,0.072,2025-26,,,,,
1641775,Jordan Walsh,BOS,64,0.622,0.114,119.0,113.1,5.9,95.23,0.08,2025-26,,,,,
1630631,Jose Alvarado,NYK,67,0.542,0.164,112.0,110.7,1.3,99.91,0.086,2025-26,,,,,
1630581,Josh Giddey,CHI,54,0.562,0.238,112.1,117.1,-5.0,104.46,0.142,2025-26,,,,,
1630182,Josh Green,CHA,55,0.642,0.105,119.0,106.0,13.0,98.24,0.059,2025-26,,,,,
1628404,Josh Hart,NYK,64,0.608,0.162,117.8,112.6,5.2,99.28,0.119,2025-26,,,,,
1631169,Josh Minott,BKN,49,0.653,0.162,111.7,111.7,-0.1,98.94,0.104,2025-26,,,,,
1629006,Josh Okogie,HOU,74,0.558,0.112,115.0,110.0,5.0,98.01,0.057,2025-26,,,,,
201950,Jrue Holiday,POR,50,0.578,0.227,115.1,108.8,6.3,103.64,0.127,2025-26,,,,,
1630577,Julian Champagnie,SAS,79,0.612,0.147,120.4,107.6,12.8,102.54,0.092,2025-26,,,,,
1641763,Julian Phillips,MIN,45,0.549,0.124,107.0,109.1,-2.1,105.52,0.053,2025-26,,,,,
1642882,Julian Reese,WAS,9,0.566,0.164,112.4,122.7,-10.3,101.54,0.092,2025-26,,,,,
1631124,Julian Strawther,DEN,54,0.583,0.182,114.2,113.1,1.2,101.53,0.079,2025-26,,,,,
203944,Julius Randle,MIN,78,0.585,0.258,116.9,113.2,3.7,102.35,0.128,2025-26,,,,,
1630551,Justin Champagnie,WAS,66,0.601,0.159,110.6,120.1,-9.5,103.27,0.108,2025-26,,,,,
1642348,Justin Edwards,PHI,61,0.576,0.153,111.6,116.9,-5.3,103.92,0.067,2025-26,,,,,
203994,Jusuf Nurkić,UTA,41,0.548,0.186,109.5,117.4,-7.9,105.32,0.121,2025-26,,,,,
1642354,KJ Simpson,DEN,18,0.424,0.214,110.5,111.6,-1.1,99.98,0.064,2025-26,,,,,
1642955,Kadary Richmond,WAS,3,0.722,0.114,110.6,106.6,4.0,108.86,0.129,2025-26,,,,,
1642880,Kam Jones,IND,33,0.481,0.139,105.8,116.9,-11.0,104.4,0.062,2025-26,,,,,
1626157,Karl-Anthony Towns,NYK,73,0.617,0.251,118.7,111.8,6.9,99.71,0.153,2025-26,,,,,
1631255,Karlo Matković,NOP,62,0.696,0.128,107.2,111.6,-4.4,102.42,0.108,2025-26,,,,,
1642857,Kasparas Jakučionis,MIA,49,0.607,0.131,114.7,112.5,2.2,107.08,0.072,2025-26,,,,,
202695,Kawhi Leonard,LAC,62,0.63,0.327,120.5,112.4,8.1,97.47,0.187,2025-26,,,,,
1630811,Keaton Wallace,ATL,51,0.545,0.159,102.5,108.4,-6.0,102.2,0.084,2025-26,,,,,
1631099,Keegan Murray,SAC,23,0.499,0.182,107.6,118.4,-10.7,100.29,0.078,2025-26,,,,,
1642276,Kel'el Ware,MIA,73,0.613,0.174,113.3,113.8,-0.5,105.58,0.136,2025-26,,,,,
1629640,Keldon Johnson,SAS,79,0.614,0.199,115.8,108.4,7.4,102.25,0.117,2025-26,,,,,
203482,Kelly Olynyk,SAS,42,0.59,0.16,104.2,111.1,-6.9,100.81,0.096,2025-26,,,,,
1626162,Kelly Oubre Jr.,PHI,47,0.579,0.178,115.7,117.5,-1.7,100.23,0.081,2025-26,,,,,
1631113,Kennedy Chandler,UTA,9,0.479,0.188,112.1,127.5,-15.4,105.35,0.066,2025-26,,,,,
1629026,Kenrich Williams,OKC,52,0.601,0.173,114.1,107.8,6.3,100.71,0.101,2025-26,,,,,
203484,Kentavious Caldwell-Pope,MEM,51,0.533,0.173,110.8,115.3,-4.5,102.31,0.083,2025-26,,,,,
1631165,Keon Ellis,CLE,70,0.583,0.129,110.9,115.0,-4.1,100.37,0.059,2025-26,,,,,
1642352,Keshad Johnson,MIA,28,0.543,0.179,114.9,108.0,6.9,110.88,0.076,2025-26,,,,,
1642933,Keshon Gilbert,ATL,3,0.521,0.109,90.0,138.4,-48.4,98.98,0.022,2025-26,,,,,
201142,Kevin Durant,HOU,75,0.64,0.264,117.8,112.3,5.5,98.04,0.149,2025-26,,,,,
1628989,Kevin Huerter,DET,67,0.55,0.184,112.9,110.9,2.0,103.02,0.091,2025-26,,,,,
201567,Kevin Love,UTA,37,0.568,0.161,115.8,122.5,-6.7,104.18,0.103,2025-26,,,,,
1641755,Kevin McCullar Jr.,NYK,20,0.471,0.159,98.2,111.3,-13.2,102.43,0.055,2025-26,,,,,
1629645,Kevin Porter Jr.,MIL,38,0.567,0.236,111.4,116.1,-4.7,99.18,0.132,2025-26,,,,,
1626172,Kevon Looney,NOP,19,0.452,0.104,103.2,116.4,-13.2,100.65,0.09,2025-26,,,,,
1641718,Keyonte George,UTA,54,0.609,0.275,115.1,123.6,-8.6,103.25,0.122,2025-26,,,,,
1642863,Khaman Maluach,PHX,42,0.591,0.141,104.9,104.1,0.8,98.1,0.09,2025-26,,,,,
203114,Khris Middleton,DAL,59,0.532,0.2,110.0,121.0,-11.0,103.78,0.073,2025-26,,,,,
1630165,Killian Hayes,SAC,20,0.388,0.179,109.9,111.1,-1.1,100.74,0.065,2025-26,,,,,
202691,Klay Thompson,DAL,67,0.546,0.211,106.1,110.8,-4.7,106.04,0.077,2025-26,,,,,
1641738,Kobe Brown,IND,58,0.592,0.154,109.0,119.5,-10.4,100.26,0.077,2025-26,,,,,
1641723,Kobe Bufkin,LAL,14,0.384,0.218,94.8,127.1,-32.2,103.4,0.026,2025-26,,,,,
1642920,Kobe Sanders,LAC,64,0.59,0.154,113.2,113.2,0.0,99.21,0.059,2025-26,,,,,
1642886,Koby Brea,PHX,9,0.615,0.194,95.0,102.6,-7.6,94.91,0.127,2025-26,,,,,
1642851,Kon Knueppel,CHA,78,0.64,0.216,119.4,112.9,6.5,99.84,0.117,2025-26,,,,,
1627739,Kris Dunn,LAC,78,0.589,0.122,114.7,113.9,0.8,98.16,0.075,2025-26,,,,,
1631200,Kris Murray,POR,54,0.538,0.104,110.4,110.0,0.3,102.27,0.06,2025-26,,,,,
204001,Kristaps Porziņģis,GSW,30,0.588,0.266,114.2,112.0,2.2,103.74,0.126,2025-26,,,,,
203937,Kyle Anderson,MIN,40,0.568,0.13,106.4,110.2,-3.8,103.76,0.091,2025-26,,,,,
1642271,Kyle Filipowski,UTA,76,0.588,0.197,113.8,120.2,-6.4,103.92,0.106,2025-26,,,,,
1628398,Kyle Kuzma,MIL,68,0.579,0.212,110.2,116.7,-6.4,100.6,0.096,2025-26,,,,,
200768,Kyle Lowry,PHI,13,0.375,0.094,99.2,115.6,-16.4,104.59,0.026,2025-26,,,,,
1642273,Kyshawn George,WAS,48,0.559,0.222,108.3,119.7,-11.5,103.49,0.09,2025-26,,,,,
1643018,LJ Cryer,GSW,17,0.586,0.195,109.5,109.4,0.1,98.86,0.07,2025-26,,,,,
1630163,LaMelo Ball,CHA,69,0.543,0.304,123.9,114.0,9.9,99.69,0.133,2025-26,,,,,
1642950,Lachlan Olbrich,CHI,33,0.498,0.126,107.4,105.6,1.8,103.16,0.065,2025-26,,,,,
1629013,Landry Shamet,NYK,49,0.6,0.152,115.4,107.0,8.4,99.72,0.071,2025-26,,,,,
1626204,Larry Nance Jr.,CLE,33,0.484,0.137,109.1,109.7,-0.6,101.61,0.059,2025-26,,,,,
1628374,Lauri Markkanen,UTA,42,0.608,0.269,113.6,115.2,-1.5,104.48,0.139,2025-26,,,,,
1643133,Lawson Lovering,MEM,2,0.574,0.106,110.5,110.6,-0.1,110.59,0.07,2025-26,,,,,
2544,LeBron James,LAL,57,0.591,0.258,114.6,113.4,1.2,100.38,0.149,2025-26,,,,,
1641778,Leaky Black,WAS,11,0.543,0.102,112.3,117.9,-5.6,102.91,0.061,2025-26,,,,,
1631159,Leonard Miller,CHI,42,0.62,0.178,112.5,114.2,-1.7,106.0,0.102,2025-26,,,,,
1642862,Liam McNeeley,CHA,30,0.594,0.144,112.1,109.6,2.5,98.78,0.08,2025-26,,,,,
1630322,Lindy Waters III,SAS,40,0.532,0.141,107.1,108.7,-1.6,101.17,0.052,2025-26,,,,,
1628366,Lonzo Ball,CLE,35,0.432,0.13,111.0,109.7,1.3,104.87,0.077,2025-26,,,,,
1631351,Lucas Williamson,MEM,4,0.457,0.145,116.2,128.5,-12.3,105.04,0.028,2025-26,,,,,
1629652,Luguentz Dort,OKC,65,0.523,0.139,116.1,107.8,8.2,100.69,0.048,2025-26,,,,,
1629029,Luka Dončić,LAL,64,0.616,0.368,119.4,115.6,3.8,100.73,0.188,2025-26,,,,,
1630568,Luka Garza,BOS,67,0.689,0.163,119.8,114.0,5.8,96.92,0.101,2025-26,,,,,
1628379,Luke Kennard,LAL,74,0.693,0.128,114.1,114.1,0.0,102.14,0.086,2025-26,,,,,
1628436,Luke Kornet,SAS,66,0.688,0.1,114.2,110.7,3.6,102.49,0.108,2025-26,,,,,
1631247,Luke Travers,CLE,12,0.35,0.161,97.3,110.5,-13.2,105.69,0.071,2025-26,,,,,
1630644,Mac McClung,CHI,7,0.479,0.218,111.2,123.3,-12.1,104.43,0.055,2025-26,,,,,
1641869,Malachi Smith,BKN,11,0.602,0.148,107.6,115.8,-8.3,102.51,0.104,2025-26,,,,,
1631103,Malaki Branham,WAS,28,0.604,0.177,102.5,111.3,-8.8,102.37,0.099,2025-26,,,,,
1642502,Malevy Leons,GSW,21,0.475,0.127,112.1,118.6,-6.5,100.5,0.052,2025-26,,,,,
1628370,Malik Monk,SAC,60,0.565,0.234,110.2,118.8,-8.6,102.02,0.093,2025-26,,,,,
1630699,MarJon Beauchamp,PHI,13,0.565,0.201,108.2,111.5,-3.3,104.55,0.086,2025-26,,,,,
1631204,Marcus Sasser,DET,35,0.545,0.196,116.5,102.6,13.8,101.95,0.082,2025-26,,,,,
203935,Marcus Smart,LAL,60,0.547,0.15,117.4,110.9,6.4,100.0,0.058,2025-26,,,,,
1641813,Mark Sears,MIL,7,0.666,0.344,123.2,101.8,21.4,103.06,0.078,2025-26,,,,,
1631109,Mark Williams,PHX,58,0.675,0.167,111.2,113.0,-1.8,101.21,0.141,2025-26,,,,,
1628365,Markelle Fultz,TOR,5,0.182,0.163,90.4,130.6,-40.2,112.73,0.0,2025-26,,,,,
1628963,Marvin Bagley III,DAL,57,0.655,0.178,110.2,118.9,-8.6,103.14,0.121,2025-26,,,,,
203486,Mason Plumlee,SAS,19,0.757,0.078,115.6,116.5,-0.9,102.79,0.088,2025-26,,,,,
1641824,Matas Buzelis,CHI,76,0.59,0.222,111.0,116.9,-6.0,104.16,0.097,2025-26,,,,,
1629680,Matisse Thybulle,POR,27,0.626,0.146,109.5,99.5,10.0,103.59,0.1,2025-26,,,,,
1631108,Max Christie,DAL,73,0.599,0.16,108.0,115.4,-7.4,103.12,0.078,2025-26,,,,,
1642917,Max Shulga,BOS,9,0.41,0.167,65.5,79.3,-13.8,108.05,-0.1,2025-26,,,,,
1629622,Max Strus,CLE,9,0.674,0.169,120.8,115.8,5.0,103.55,0.103,2025-26,,,,,
1628467,Maxi Kleber,LAL,39,0.529,0.091,115.3,111.3,3.9,101.02,0.042,2025-26,,,,,
1642875,Maxime Raynaud,SAC,71,0.612,0.177,109.6,121.3,-11.6,101.58,0.107,2025-26,,,,,
1642877,Micah Peavy,NOP,58,0.434,0.136,108.8,114.3,-5.5,101.93,0.044,2025-26,,,,,
1630695,Micah Potter,IND,43,0.69,0.167,108.3,116.3,-7.9,105.48,0.113,2025-26,,,,,
1629008,Michael Porter Jr.,BKN,52,0.595,0.292,113.0,119.6,-6.6,97.97,0.141,2025-26,,,,,
1628969,Mikal Bridges,NYK,79,0.584,0.171,117.7,112.0,5.6,99.07,0.099,2025-26,,,,,
201144,Mike Conley,MIN,52,0.5,0.113,111.0,112.3,-1.3,102.65,0.06,2025-26,,,,,
1628970,Miles Bridges,CHA,74,0.571,0.223,118.8,114.9,3.9,98.86,0.113,2025-26,,,,,
1642939,Miles Kelly,DAL,14,0.484,0.144,101.3,106.5,-5.1,106.07,0.064,2025-26,,,,,
1630540,Miles McBride,NYK,39,0.578,0.171,120.2,110.3,9.9,98.92,0.083,2025-26,,,,,
1629011,Mitchell Robinson,NYK,59,0.676,0.101,117.7,109.7,7.9,98.37,0.124,2025-26,,,,,
1628964,Mo Bamba,UTA,4,0.455,0.123,101.1,114.4,-13.3,98.08,0.091,2025-26,,,,,
1642885,Mohamed Diawara,NYK,67,0.566,0.171,112.2,106.3,5.9,99.78,0.078,2025-26,,,,,
1628420,Monte Morris,IND,6,0.414,0.141,83.3,104.2,-20.9,106.6,0.076,2025-26,,,,,
1629021,Moritz Wagner,ORL,35,0.551,0.235,107.3,116.4,-9.1,101.78,0.106,2025-26,,,,,
1630541,Moses Moody,GSW,60,0.6,0.174,111.1,108.9,2.2,102.6,0.083,2025-26,,,,,
1631243,Mouhamed Gueye,ATL,75,0.538,0.121,111.9,110.9,1.0,102.51,0.074,2025-26,,,,,
1630619,Moussa Cisse,DAL,35,0.567,0.129,109.4,108.4,1.0,104.29,0.083,2025-26,,,,,
1631217,Moussa Diabaté,CHA,70,0.654,0.113,122.7,111.2,11.5,97.97,0.109,2025-26,,,,,
1626167,Myles Turner,MIL,70,0.585,0.181,109.1,116.0,-6.9,100.55,0.086,2025-26,,,,,
1642066,Myron Gardner,MIA,41,0.609,0.139,114.4,107.7,6.7,106.83,0.094,2025-26,,,,,
1642368,N'Faly Dante,ATL,4,0.338,0.119,109.1,86.7,22.4,98.08,0.116,2025-26,,,,,
1641772,Nae'Qwan Tomlin,CLE,62,0.539,0.15,113.6,110.4,3.2,101.83,0.065,2025-26,,,,,
1630230,Naji Marshall,DAL,73,0.595,0.2,110.0,114.3,-4.3,104.33,0.107,2025-26,,,,,
1631466,Nate Williams,GSW,12,0.583,0.183,111.3,123.3,-12.1,100.31,0.054,2025-26,,,,,
1629675,Naz Reid,MIN,75,0.562,0.212,112.8,110.0,2.7,102.64,0.112,2025-26,,,,,
1629674,Neemias Queta,BOS,73,0.668,0.146,118.2,105.1,13.1,96.3,0.129,2025-26,,,,,
1629651,Nic Claxton,BKN,69,0.592,0.175,107.4,120.3,-12.9,98.37,0.117,2025-26,,,,,
1630208,Nick Richards,CHI,48,0.562,0.176,108.9,117.2,-8.4,102.27,0.079,2025-26,,,,,
1641733,Nick Smith Jr.,LAL,26,0.526,0.204,110.1,114.3,-4.1,101.3,0.06,2025-26,,,,,
1629638,Nickeil Alexander-Walker,ATL,76,0.609,0.231,116.1,112.3,3.9,104.31,0.105,2025-26,,,,,
201587,Nicolas Batum,LAC,71,0.596,0.092,113.1,113.6,-0.6,98.98,0.058,2025-26,,,,,
1628502,Nigel Hayes-Davis,PHX,27,0.356,0.116,95.1,112.8,-17.7,99.83,0.028,2025-26,,,,,
203999,Nikola Jokić,DEN,63,0.669,0.29,125.7,115.2,10.4,102.6,0.213,2025-26,,,,,
1631107,Nikola Jović,MIA,47,0.48,0.203,109.3,110.1,-0.8,107.64,0.073,2025-26,,,,,
1642260,Nikola Topić,OKC,7,0.503,0.189,102.7,108.8,-6.2,97.74,0.06,2025-26,,,,,
202696,Nikola Vučević,BOS,61,0.576,0.214,112.9,115.0,-2.1,102.14,0.127,2025-26,,,,,
1642363,Nique Clifford,SAC,72,0.499,0.163,111.0,115.5,-4.5,100.96,0.06,2025-26,,,,,
1642855,Noa Essengue,CHI,2,0.0,0.188,60.0,171.4,-111.4,115.36,-0.095,2025-26,,,,,
1641730,Noah Clowney,BKN,66,0.554,0.202,109.7,118.3,-8.7,98.49,0.072,2025-26,,,,,
1642869,Noah Penda,ORL,57,0.513,0.141,110.4,112.9,-2.5,101.55,0.078,2025-26,,,,,
1642849,Nolan Traore,BKN,54,0.477,0.222,108.1,119.6,-11.5,98.25,0.053,2025-26,,,,,
1641807,Norchad Omier,LAC,4,0.888,0.149,107.7,159.5,-51.8,95.41,0.16,2025-26,,,,,
1626181,Norman Powell,MIA,55,0.611,0.261,114.9,113.4,1.5,105.85,0.114,2025-26,,,,,
1628384,OG Anunoby,NYK,65,0.622,0.195,119.5,110.3,9.2,100.04,0.1,2025-26,,,,,
1630167,Obi Toppin,IND,20,0.627,0.23,114.2,118.8,-4.5,102.72,0.136,2025-26,,,,,
1630534,Ochai Agbaji,BKN,62,0.525,0.142,106.4,109.0,-2.7,100.34,0.057,2025-26,,,,,
1630846,Olivier Sarr,CLE,2,0.568,0.059,118.8,146.7,-27.9,136.51,-0.077,2025-26,,,,,
1641765,Olivier-Maxence Prosper,MEM,53,0.662,0.183,110.7,120.4,-9.7,104.7,0.103,2025-26,,,,,
1630209,Omer Yurtseven,GSW,9,0.501,0.167,108.4,114.1,-5.7,104.58,0.054,2025-26,,,,,
1630168,Onyeka Okongwu,ATL,72,0.592,0.191,113.7,111.4,2.3,104.39,0.104,2025-26,,,,,
1631115,Orlando Robinson,ORL,4,0.7,0.081,122.4,144.9,-22.4,94.78,0.074,2025-26,,,,,
1631131,Oscar Tshiebwe,UTA,24,0.625,0.149,110.3,121.9,-11.6,102.38,0.113,2025-26,,,,,
1642345,Oso Ighodaro,PHX,78,0.637,0.119,115.2,109.8,5.4,98.47,0.089,2025-26,,,,,
1631172,Ousmane Dieng,MIL,53,0.522,0.187,107.7,116.7,-9.0,100.08,0.077,2025-26,,,,,
1629023,P.J. Washington,DAL,56,0.537,0.194,107.0,114.4,-7.3,103.86,0.093,2025-26,,,,,
1641790,PJ Hall,CHA,19,0.599,0.17,108.4,113.9,-5.4,101.68,0.098,2025-26,,,,,
1642359,Pacôme Dadiet,NYK,27,0.452,0.151,99.1,95.1,4.0,102.39,0.094,2025-26,,,,,
1631094,Paolo Banchero,ORL,69,0.567,0.274,113.9,114.7,-0.9,100.79,0.138,2025-26,,,,,
1627783,Pascal Siakam,IND,62,0.562,0.292,111.5,117.2,-5.6,102.95,0.13,2025-26,,,,,
1626192,Pat Connaughton,CHA,40,0.599,0.148,97.4,102.4,-4.9,97.14,0.12,2025-26,,,,,
1630311,Pat Spencer,GSW,62,0.524,0.185,111.9,113.9,-2.1,100.3,0.091,2025-26,,,,,
1631116,Patrick Baldwin Jr.,SAC,9,0.549,0.142,100.0,117.2,-17.2,100.24,0.052,2025-26,,,,,
1630172,Patrick Williams,CHI,68,0.485,0.159,103.3,115.6,-12.3,105.42,0.052,2025-26,,,,,
202331,Paul George,PHI,34,0.574,0.23,115.9,111.6,4.3,100.01,0.119,2025-26,,,,,
1630194,Paul Reed,DET,62,0.635,0.199,111.7,105.2,6.4,101.75,0.145,2025-26,,,,,
1630202,Payton Pritchard,BOS,76,0.582,0.209,119.8,112.2,7.5,95.83,0.119,2025-26,,,,,
1642362,Payton Sandfort,OKC,2,0.34,0.368,75.0,143.8,-68.8,110.77,-0.172,2025-26,,,,,
1641796,Pelle Larsson,MIA,67,0.609,0.162,115.8,112.8,3.0,105.79,0.085,2025-26,,,,,
1631250,Pete Nance,MIL,45,0.661,0.132,113.9,117.0,-3.1,97.99,0.081,2025-26,,,,,
1631212,Peyton Watson,DEN,54,0.594,0.204,123.7,117.6,6.2,99.45,0.087,2025-26,,,,,
1630173,Precious Achiuwa,SAC,70,0.568,0.168,110.8,118.2,-7.3,100.63,0.102,2025-26,,,,,
1629656,Quentin Grimes,PHI,72,0.586,0.181,112.6,113.0,-0.4,101.29,0.091,2025-26,,,,,
1631245,Quenton Jackson,IND,45,0.6,0.196,109.8,113.8,-4.0,105.09,0.095,2025-26,,,,,
1642366,Quinten Post,GSW,67,0.56,0.183,112.4,110.2,2.3,101.7,0.089,2025-26,,,,,
1629628,RJ Barrett,TOR,54,0.585,0.253,117.7,113.9,3.8,101.03,0.113,2025-26,,,,,
1642853,Rasheer Fleming,PHX,51,0.519,0.158,112.8,106.9,5.8,96.96,0.059,2025-26,,,,,
1642484,RayJ Dennis,ATL,16,0.416,0.198,94.7,104.8,-10.2,105.02,0.056,2025-26,,,,,
1641712,Rayan Rupert,MEM,62,0.5,0.14,104.7,116.3,-11.6,102.13,0.053,2025-26,,,,,
1642263,Reed Sheppard,HOU,78,0.566,0.209,115.8,111.3,4.4,98.57,0.102,2025-26,,,,,
1642434,Riley Minix,CLE,7,0.792,0.197,123.0,111.7,11.3,116.63,0.17,2025-26,,,,,
1642265,Rob Dillingham,CHI,61,0.451,0.213,105.7,113.9,-8.2,105.14,0.055,2025-26,,,,,
1629057,Robert Williams III,POR,56,0.724,0.128,110.8,108.2,2.6,102.91,0.161,2025-26,,,,,
1642911,Rocco Zikarsky,MIN,4,0.6,0.135,118.2,121.9,-3.7,96.0,0.107,2025-26,,,,,
1631199,Ron Harper Jr.,BOS,27,0.531,0.138,111.8,109.1,2.7,94.97,0.071,2025-26,,,,,
1641842,Ronald Holland II,DET,75,0.52,0.184,109.4,104.3,5.1,102.08,0.084,2025-26,,,,,
1626220,Royce O'Neale,PHX,75,0.595,0.139,112.1,115.2,-3.2,100.69,0.081,2025-26,,,,,
203497,Rudy Gobert,MIN,75,0.666,0.127,113.0,108.1,5.0,101.51,0.122,2025-26,,,,,
1629060,Rui Hachimura,LAL,64,0.617,0.146,116.5,115.4,1.0,101.15,0.071,2025-26,,,,,
201566,Russell Westbrook,SAC,64,0.528,0.252,110.0,122.1,-12.1,102.15,0.105,2025-26,,,,,
1642346,Ryan Dunn,PHX,66,0.531,0.136,110.8,108.7,2.1,98.2,0.079,2025-26,,,,,
1641750,Ryan Kalkbrenner,CHA,66,0.755,0.114,112.2,111.3,0.9,100.54,0.108,2025-26,,,,,
1642948,Ryan Nembhard,DAL,56,0.488,0.174,109.8,113.2,-3.4,101.7,0.082,2025-26,,,,,
1631157,Ryan Rollins,MIL,73,0.584,0.235,113.1,116.1,-3.1,99.59,0.111,2025-26,,,,,
1630180,Saddiq Bey,NOP,72,0.579,0.213,113.3,116.8,-3.6,102.05,0.112,2025-26,,,,,
1630573,Sam Hauser,BOS,75,0.587,0.141,119.4,110.9,8.5,97.32,0.078,2025-26,,,,,
1630241,Sam Merrill,CLE,51,0.642,0.169,120.3,112.5,7.8,101.54,0.082,2025-26,,,,,
1630572,Sandro Mamukelashvili,TOR,76,0.637,0.181,114.1,110.3,3.8,101.24,0.123,2025-26,,,,,
1630583,Santi Aldama,MEM,43,0.572,0.191,113.6,116.0,-2.4,103.47,0.115,2025-26,,,,,
1630703,Scoot Henderson,POR,27,0.555,0.253,111.8,109.5,2.3,103.83,0.088,2025-26,,,,,
1630567,Scottie Barnes,TOR,76,0.573,0.227,114.4,110.3,4.1,101.15,0.137,2025-26,,,,,
1630590,Scotty Pippen Jr.,MEM,10,0.537,0.255,107.1,118.7,-11.5,104.78,0.086,2025-26,,,,,
1642951,Sean Pedulla,LAC,5,0.5,0.22,92.3,114.8,-22.5,96.18,0.07,2025-26,,,,,
203552,Seth Curry,GSW,7,0.711,0.161,111.4,116.5,-5.1,102.21,0.118,2025-26,,,,,
1631101,Shaedon Sharpe,POR,48,0.55,0.293,112.2,113.8,-1.6,103.92,0.11,2025-26,,,,,
1628983,Shai Gilgeous-Alexander,OKC,66,0.665,0.323,121.2,105.5,15.7,101.99,0.207,2025-26,,,,,
1630536,Sharife Cooper,WAS,37,0.582,0.196,108.8,119.3,-10.4,103.33,0.087,2025-26,,,,,
1631321,Sidy Cissoko,POR,72,0.512,0.123,109.5,111.0,-1.5,102.52,0.036,2025-26,,,,,
1631323,Simone Fontecchio,MIA,69,0.567,0.183,113.4,110.2,3.2,105.34,0.088,2025-26,,,,,
1642883,Sion James,CHA,79,0.542,0.107,113.3,109.8,3.5,99.19,0.063,2025-26,,,,,
1627746,Skal Labissiere,WAS,3,0.65,0.117,110.4,106.4,4.0,99.07,0.124,2025-26,,,,,
1642461,Spencer Jones,DEN,64,0.619,0.097,116.9,115.3,1.6,99.33,0.045,2025-26,,,,,
1630649,Stanley Umude,SAS,2,0.5,0.143,57.1,166.7,-109.5,105.99,0.029,2025-26,,,,,
201939,Stephen Curry,GSW,40,0.637,0.312,118.1,115.5,2.6,103.84,0.146,2025-26,,,,,
1642264,Stephon Castle,SAS,67,0.576,0.244,118.5,108.2,10.3,102.24,0.117,2025-26,,,,,
203500,Steven Adams,HOU,32,0.535,0.116,117.3,105.5,11.8,97.69,0.1,2025-26,,,,,
1629004,Svi Mykhailiuk,UTA,50,0.626,0.143,114.9,117.9,-3.0,103.74,0.074,2025-26,,,,,
204456,T.J. McConnell,IND,56,0.567,0.227,109.1,116.7,-7.6,103.65,0.15,2025-26,,,,,
1643007,Taelon Peter,IND,34,0.522,0.16,102.1,112.6,-10.5,104.66,0.058,2025-26,,,,,
201959,Taj Gibson,MEM,8,0.647,0.119,99.4,101.2,-1.8,107.49,0.109,2025-26,,,,,
1631106,Tari Eason,HOU,56,0.509,0.183,115.4,110.0,5.4,98.71,0.081,2025-26,,,,,
1627752,Taurean Prince,MIL,22,0.623,0.145,114.5,117.8,-3.3,100.72,0.063,2025-26,,,,,
1641707,Taylor Hendricks,MEM,58,0.558,0.156,107.8,119.4,-11.5,103.15,0.075,2025-26,,,,,
1629611,Terance Mann,BKN,63,0.564,0.133,109.6,117.8,-8.2,98.07,0.066,2025-26,,,,,
1630545,Terrence Shannon Jr.,MIN,39,0.548,0.147,108.5,119.2,-10.7,102.62,0.05,2025-26,,,,,
203648,Thanasis Antetokounmpo,MIL,32,0.535,0.159,93.5,90.0,3.5,102.01,0.117,2025-26,,,,,
1628418,Thomas Bryant,CLE,60,0.625,0.182,114.4,110.7,3.6,102.45,0.115,2025-26,,,,,
1642275,Tidjane Salaün,CHA,36,0.632,0.147,113.5,110.9,2.6,99.14,0.104,2025-26,,,,,
203501,Tim Hardaway Jr.,DEN,78,0.625,0.177,119.2,115.0,4.2,101.26,0.085,2025-26,,,,,
202699,Tobias Harris,DET,60,0.567,0.181,117.9,108.6,9.3,100.87,0.111,2025-26,,,,,
1643253,Toby Okani,MEM,3,0.319,0.125,108.1,126.7,-18.6,105.08,-0.014,2025-26,,,,,
1642449,Tolu Smith,DET,13,0.574,0.17,107.2,102.6,4.6,97.75,0.115,2025-26,,,,,
1628396,Tony Bradley,ATL,39,0.595,0.138,104.9,116.7,-11.8,101.81,0.074,2025-26,,,,,
1641787,Tosan Evbuomwan,CHA,5,0.0,0.048,50.0,100.0,-50.0,108.9,-0.043,2025-26,,,,,
1641739,Toumani Camara,POR,79,0.582,0.16,114.0,112.9,1.1,102.53,0.073,2025-26,,,,,
1629027,Trae Young,WAS,15,0.612,0.262,116.1,124.1,-8.1,108.13,0.128,2025-26,,,,,
1631218,Trayce Jackson-Davis,TOR,51,0.576,0.142,102.7,110.8,-8.2,103.68,0.1,2025-26,,,,,
1642848,Tre Johnson,WAS,60,0.535,0.22,108.7,119.9,-11.2,104.38,0.068,2025-26,,,,,
1630200,Tre Jones,CHI,61,0.636,0.181,111.0,115.6,-4.5,105.96,0.123,2025-26,,,,,
1630544,Tre Mann,CHA,51,0.466,0.23,106.2,116.0,-9.8,97.58,0.063,2025-26,,,,,
1630570,Trendon Watford,PHI,52,0.572,0.17,106.9,115.2,-8.3,103.12,0.094,2025-26,,,,,
1642280,Trentyn Flowers,CHI,2,0.667,0.25,81.8,100.0,-18.2,95.14,0.128,2025-26,,,,,
1630286,Trevon Scott,BKN,2,0.592,0.094,110.3,120.5,-10.3,104.53,0.102,2025-26,,,,,
1631211,Trevor Keels,MIA,4,0.0,0.222,13.3,100.0,-86.7,148.05,-0.2,2025-26,,,,,
1641725,Trey Alexander,NOP,6,0.731,0.122,112.8,117.6,-4.7,98.46,0.09,2025-26,,,,,
1641998,Trey Jemison III,NYK,11,0.605,0.086,97.0,108.3,-11.3,104.68,0.033,2025-26,,,,,
1630530,Trey Murphy III,NOP,66,0.613,0.223,113.6,117.2,-3.6,101.71,0.122,2025-26,,,,,
1642400,Tristan Enaruna,CLE,7,0.407,0.177,116.3,89.0,27.3,96.49,0.072,2025-26,,,,,
1641774,Tristan Vukcevic,WAS,49,0.603,0.259,103.5,118.5,-15.1,105.7,0.11,2025-26,,,,,
1641783,Tristan da Silva,ORL,74,0.576,0.16,113.1,112.0,1.0,100.81,0.084,2025-26,,,,,
1629660,Ty Jerome,MEM,15,0.616,0.332,122.2,127.2,-5.0,99.63,0.162,2025-26,,,,,
1631102,TyTy Washington Jr.,LAC,13,0.553,0.131,103.3,122.8,-19.5,96.26,0.08,2025-26,,,,,
1631174,Tyler Burton,MEM,12,0.521,0.18,102.0,124.3,-22.3,103.12,0.061,2025-26,,,,,
1629639,Tyler Herro,MIA,30,0.605,0.252,114.4,116.3,-1.9,103.78,0.122,2025-26,,,,,
1642278,Tyler Kolek,NYK,62,0.533,0.173,111.7,105.7,6.0,100.53,0.101,2025-26,,,,,
1641890,Tyler Smith,DAL,8,0.392,0.144,105.1,106.0,-0.9,112.4,0.045,2025-26,,,,,
1631213,Tyrese Martin,PHI,45,0.501,0.179,106.0,116.7,-10.8,97.81,0.077,2025-26,,,,,
1630178,Tyrese Maxey,PHI,67,0.588,0.285,115.4,114.0,1.4,100.11,0.151,2025-26,,,,,
1642878,Tyrese Proctor,CLE,48,0.535,0.205,111.1,113.0,-1.8,100.65,0.076,2025-26,,,,,
1630623,Tyson Etienne,BKN,20,0.642,0.188,109.5,114.3,-4.8,101.74,0.081,2025-26,,,,,
1626145,Tyus Jones,DEN,65,0.443,0.101,106.6,113.6,-7.0,101.11,0.064,2025-26,,,,,
1642845,VJ Edgecombe,PHI,72,0.542,0.196,115.2,114.9,0.3,100.26,0.091,2025-26,,,,,
1641705,Victor Wembanyama,SAS,63,0.624,0.314,120.2,103.2,17.0,102.23,0.207,2025-26,,,,,
1631246,Vince Williams Jr.,UTA,40,0.478,0.19,108.7,108.4,0.3,102.34,0.085,2025-26,,,,,
1642884,Vladislav Goldin,MIA,5,0.667,0.098,84.8,117.1,-32.3,117.59,0.092,2025-26,,,,,
1630249,Vít Krejčí,POR,64,0.611,0.142,110.0,111.2,-1.2,103.22,0.068,2025-26,,,,,
1631117,Walker Kessler,UTA,5,0.786,0.167,118.8,114.0,4.8,98.04,0.138,2025-26,,,,,
1642383,Walter Clayton Jr.,MEM,68,0.52,0.18,111.2,121.5,-10.2,103.22,0.072,2025-26,,,,,
1628976,Wendell Carter Jr.,ORL,75,0.623,0.156,113.5,111.7,1.8,101.54,0.098,2025-26,,,,,
1631111,Wendell Moore Jr.,DET,5,0.635,0.072,131.6,92.2,39.3,101.34,0.072,2025-26,,,,,
1642954,Will Richard,GSW,67,0.603,0.124,110.0,113.0,-3.0,103.05,0.065,2025-26,,,,,
1642860,Will Riley,WAS,70,0.569,0.193,108.1,121.4,-13.3,102.77,0.083,2025-26,,,,,
1630214,Xavier Tillman,CHA,29,0.449,0.127,105.7,110.7,-5.0,98.86,0.064,2025-26,,,,,
1642905,Yang Hansen,POR,41,0.413,0.198,95.5,110.5,-15.0,104.95,0.027,2025-26,,,,,
1642949,Yanic Konan Niederhäuser,LAC,41,0.691,0.153,113.9,109.4,4.5,98.96,0.098,2025-26,,,,,
1642530,Yuki Kawamura,CHI,14,0.546,0.124,113.8,116.4,-2.5,106.9,0.091,2025-26,,,,,
1642274,Yves Missi,NOP,66,0.556,0.122,112.7,114.1,-1.3,100.7,0.087,2025-26,,,,,
1642258,Zaccharie Risacher,ATL,65,0.559,0.168,113.0,112.3,0.7,105.44,0.069,2025-26,,,,,
1628380,Zach Collins,CHI,10,0.666,0.177,115.0,111.6,3.4,104.24,0.123,2025-26,,,,,
1641744,Zach Edey,MEM,11,0.669,0.2,112.8,94.5,18.3,101.72,0.157,2025-26,,,,,
203897,Zach LaVine,SAC,39,0.614,0.234,109.3,121.9,-12.6,100.47,0.096,2025-26,,,,,
1630192,Zeke Nnaji,DEN,49,0.562,0.136,106.8,112.6,-5.7,99.12,0.072,2025-26,,,,,
1630533,Ziaire Williams,BKN,56,0.579,0.179,103.1,113.2,-10.1,100.4,0.079,2025-26,,,,,
1629627,Zion Williamson,NOP,62,0.644,0.25,113.0,114.9,-1.9,103.58,0.141,2025-26,,,,,
1642389,Zyon Pullin,MIN,3,1.064,0.25,110.0,126.3,-16.3,109.9,0.082,2025-26,,,,,
