PLAYER_ID,PLAYER_NAME,TEAM,GP,MPG,PPG,RPG,APG,SPG,BPG,TOV,FG_PCT,3P_PCT,FT_PCT,SEASON
203932,Aaron Gordon,DEN,75,31.7,15.0,5.9,2.5,0.6,0.6,1.8,0.52,0.335,0.743,2021-22
1630565,Aaron Henry,PHI,6,2.8,0.3,0.2,0.0,0.0,0.3,0.3,0.2,0.0,0.0,2021-22
1628988,Aaron Holiday,PHX,63,16.2,6.3,1.9,2.4,0.7,0.1,1.1,0.447,0.379,0.868,2021-22
1630174,Aaron Nesmith,BOS,52,11.0,3.8,1.7,0.4,0.4,0.1,0.6,0.396,0.27,0.808,2021-22
1630598,Aaron Wiggins,OKC,50,24.2,8.3,3.6,1.4,0.6,0.2,1.1,0.463,0.304,0.729,2021-22
1627846,Abdel Nader,PHX,14,10.4,2.4,1.9,0.5,0.6,0.3,0.8,0.343,0.286,0.6,2021-22
1630278,Ade Murkey,SAC,1,1.5,0.0,0.0,0.0,0.0,0.0,0.0,0.0,0.0,0.0,2021-22
1629678,Admiral Schofield,ORL,38,12.3,3.8,2.3,0.7,0.1,0.1,0.6,0.419,0.329,0.8,2021-22
1629958,Ahmad Caver,IND,1,0.8,2.0,0.0,0.0,0.0,0.0,0.0,1.0,0.0,0.0,2021-22
201143,Al Horford,BOS,69,29.1,10.2,7.7,3.4,0.7,1.3,0.9,0.467,0.336,0.842,2021-22
202692,Alec Burks,NYK,81,28.6,11.7,4.9,3.0,1.0,0.3,1.1,0.391,0.404,0.822,2021-22
1630758,Aleem Ford,ORL,5,14.7,2.8,3.0,0.4,0.2,0.0,0.8,0.3,0.133,0.0,2021-22
1630197,Aleksej Pokusevski,OKC,61,20.2,7.6,5.2,2.1,0.6,0.6,1.5,0.408,0.289,0.7,2021-22
1627936,Alex Caruso,CHI,41,28.0,7.4,3.6,4.0,1.7,0.4,1.4,0.398,0.333,0.795,2021-22
203458,Alex Len,SAC,39,15.9,6.0,4.1,1.2,0.3,0.6,1.1,0.534,0.286,0.651,2021-22
1628035,Alfonzo McKinnie,CHI,17,12.1,3.5,1.9,0.3,0.1,0.2,0.4,0.393,0.333,0.25,2021-22
1628993,Alize Johnson,NOP,23,7.3,1.8,2.7,0.4,0.2,0.0,0.5,0.436,0.0,0.583,2021-22
1630578,Alperen Sengun,HOU,72,20.7,9.6,5.5,2.6,0.8,0.9,2.0,0.474,0.248,0.711,2021-22
1629599,Amir Coffey,LAC,69,22.7,9.0,2.9,1.8,0.6,0.2,0.7,0.453,0.378,0.863,2021-22
203083,Andre Drummond,BKN,73,19.7,7.9,9.3,1.8,1.1,0.9,1.6,0.57,0.0,0.524,2021-22
2738,Andre Iguodala,GSW,31,19.4,4.0,3.2,3.7,0.9,0.7,0.9,0.38,0.23,0.75,2021-22
203952,Andrew Wiggins,GSW,73,31.9,17.2,4.5,2.2,1.0,0.7,1.5,0.466,0.393,0.634,2021-22
1629014,Anfernee Simons,POR,57,29.5,17.3,2.6,3.9,0.5,0.1,2.0,0.443,0.405,0.888,2021-22
203076,Anthony Davis,LAL,40,35.1,23.2,9.9,3.1,1.2,2.3,2.1,0.532,0.186,0.713,2021-22
1630162,Anthony Edwards,MIN,72,34.2,21.3,4.8,3.8,1.5,0.6,2.6,0.441,0.357,0.786,2021-22
1630264,Anthony Gill,WAS,44,10.5,4.1,1.9,0.6,0.1,0.3,0.4,0.569,0.538,0.808,2021-22
1630237,Anthony Lamb,HOU,2,3.8,0.0,0.5,1.0,0.0,0.0,0.0,0.0,0.0,0.0,2021-22
1629717,Armoni Brooks,TOR,54,15.6,5.3,1.9,1.1,0.5,0.2,0.5,0.339,0.297,0.857,2021-22
1629083,Arnoldas Kulboka,CHA,2,2.7,0.0,0.0,0.0,0.0,0.0,0.0,0.0,0.0,0.0,2021-22
1630559,Austin Reaves,LAL,61,23.2,7.3,3.2,1.8,0.5,0.3,0.7,0.459,0.317,0.839,2021-22
203085,Austin Rivers,DEN,67,22.1,6.0,1.7,1.3,0.8,0.1,0.8,0.417,0.342,0.727,2021-22
202340,Avery Bradley,LAL,62,22.7,6.4,2.2,0.8,0.9,0.1,0.6,0.423,0.39,0.889,2021-22
1630245,Ayo Dosunmu,CHI,77,27.4,8.8,2.8,3.3,0.8,0.4,1.4,0.52,0.376,0.679,2021-22
1629168,BJ Johnson,ORL,4,16.1,6.5,3.8,0.0,0.0,0.3,0.0,0.44,0.4,0.0,2021-22
1628389,Bam Adebayo,MIA,56,32.6,19.1,10.1,3.4,1.4,0.8,2.6,0.557,0.0,0.753,2021-22
203463,Ben McLemore,POR,64,20.1,10.2,1.6,0.9,0.6,0.2,0.9,0.401,0.362,0.818,2021-22
202687,Bismack Biyombo,PHX,36,14.1,5.8,4.6,0.6,0.3,0.7,0.7,0.593,0.0,0.535,2021-22
201933,Blake Griffin,BKN,56,17.1,6.4,4.1,1.9,0.5,0.3,0.6,0.425,0.262,0.724,2021-22
1626246,Boban Marjanovic,DAL,23,5.6,4.3,1.7,0.1,0.0,0.1,0.7,0.6,0.25,0.591,2021-22
1626171,Bobby Portis,MIL,72,28.2,14.6,9.1,1.2,0.7,0.7,1.3,0.479,0.393,0.752,2021-22
203992,Bogdan Bogdanović,ATL,63,29.3,15.1,4.0,3.1,1.1,0.2,1.1,0.431,0.368,0.843,2021-22
202711,Bojan Bogdanovic,UTA,69,30.9,18.1,4.3,1.7,0.5,0.0,1.7,0.455,0.387,0.858,2021-22
1629626,Bol Bol,ORL,14,5.8,2.4,1.4,0.4,0.1,0.1,0.3,0.556,0.25,0.4,2021-22
1630538,Bones Hyland,DEN,69,19.0,10.1,2.7,2.8,0.6,0.3,1.2,0.403,0.366,0.856,2021-22
202954,Brad Wanamaker,WAS,23,13.9,3.6,1.7,2.4,0.3,0.3,1.0,0.364,0.235,0.92,2021-22
203078,Bradley Beal,WAS,40,36.0,23.2,4.7,6.6,0.9,0.4,3.4,0.451,0.3,0.833,2021-22
1630527,Brandon Boston,LAC,51,14.9,6.7,2.2,1.0,0.5,0.3,0.6,0.385,0.306,0.819,2021-22
1629634,Brandon Clarke,MEM,64,19.5,10.4,5.3,1.3,0.6,1.1,0.5,0.644,0.227,0.654,2021-22
1629164,Brandon Goodwin,CLE,36,13.9,4.8,1.9,2.5,0.7,0.0,1.0,0.416,0.345,0.632,2021-22
1627742,Brandon Ingram,NOP,55,34.0,22.7,5.8,5.6,0.6,0.5,2.7,0.461,0.327,0.826,2021-22
202688,Brandon Knight,DAL,5,12.9,6.4,1.6,1.6,0.2,0.0,0.8,0.4,0.235,1.0,2021-22
1630314,Brandon Williams,POR,24,26.7,12.9,3.1,3.9,1.0,0.4,2.4,0.372,0.292,0.701,2021-22
1630296,Braxton Key,DET,11,17.9,7.2,4.5,1.0,0.9,1.0,1.0,0.458,0.286,0.538,2021-22
1630271,Brodric Thomas,BOS,12,5.0,1.8,0.8,0.9,0.1,0.1,0.5,0.444,0.222,0.6,2021-22
201572,Brook Lopez,MIL,13,23.0,12.4,4.1,0.5,0.6,1.2,0.9,0.466,0.358,0.87,2021-22
1628971,Bruce Brown,BKN,72,24.6,9.0,4.8,2.1,1.1,0.7,0.8,0.506,0.404,0.758,2021-22
1628981,Bruno Fernando,HOU,30,5.1,2.9,1.8,0.2,0.0,0.4,0.5,0.655,0.5,0.625,2021-22
1627854,Bryn Forbes,DEN,75,17.1,8.8,1.2,1.0,0.3,0.1,0.7,0.429,0.414,0.908,2021-22
1627741,Buddy Hield,IND,81,30.8,15.6,4.4,2.8,0.9,0.3,1.9,0.406,0.366,0.874,2021-22
1629604,CJ Elleby,POR,58,20.2,5.8,3.9,1.5,0.6,0.3,1.0,0.393,0.294,0.714,2021-22
203468,CJ McCollum,NOP,62,34.6,22.1,4.3,5.1,1.1,0.4,2.0,0.46,0.388,0.682,2021-22
101139,CJ Miles,BOS,1,2.0,0.0,0.0,0.0,0.0,0.0,0.0,0.0,0.0,0.0,2021-22
1630595,Cade Cunningham,DET,64,32.6,17.4,5.5,5.6,1.2,0.7,3.7,0.416,0.314,0.845,2021-22
1628997,Caleb Martin,MIA,60,22.9,9.2,3.8,1.1,1.0,0.5,0.9,0.507,0.413,0.763,2021-22
1629629,Cam Reddish,NYK,49,20.7,10.1,2.1,1.0,1.0,0.3,1.2,0.404,0.359,0.902,2021-22
1630560,Cam Thomas,BKN,67,17.6,8.5,2.4,1.2,0.5,0.1,0.8,0.433,0.27,0.829,2021-22
1629661,Cameron Johnson,PHX,66,26.2,12.5,4.1,1.5,0.9,0.2,0.7,0.46,0.425,0.86,2021-22
1630787,Cameron McGriff,POR,3,15.3,4.7,5.0,1.0,0.0,0.3,0.0,0.357,0.333,1.0,2021-22
1628419,Cameron Oliver,ATL,2,21.7,11.5,3.0,1.5,0.5,0.5,0.0,0.667,0.333,0.667,2021-22
1626166,Cameron Payne,PHX,58,22.0,10.8,3.0,4.9,0.7,0.3,1.8,0.409,0.336,0.843,2021-22
1627747,Caris LeVert,CLE,58,30.7,17.0,3.7,4.3,0.9,0.4,1.9,0.444,0.32,0.756,2021-22
1630637,Carlik Jones,DEN,5,4.7,0.8,0.6,1.0,0.2,0.0,0.6,0.111,0.0,1.0,2021-22
2546,Carmelo Anthony,LAL,69,26.0,13.3,4.2,1.0,0.7,0.8,0.9,0.441,0.375,0.83,2021-22
1629035,Carsen Edwards,DET,4,19.8,5.8,1.5,3.5,0.5,0.0,1.3,0.3,0.25,1.0,2021-22
1630199,Cassius Stanley,DET,9,17.2,5.8,2.1,0.4,0.6,0.2,0.7,0.413,0.235,1.0,2021-22
1630216,Cassius Winston,WAS,7,5.6,2.0,0.1,1.0,0.0,0.0,0.4,0.364,0.333,1.0,2021-22
1627760,Cat Barber,ATL,3,4.3,0.0,1.0,1.0,0.0,0.0,0.3,0.0,0.0,0.0,2021-22
1626224,Cedi Osman,CLE,66,22.1,10.7,2.2,2.0,0.8,0.2,1.0,0.432,0.357,0.664,2021-22
1628990,Chandler Hutchison,PHX,6,3.7,0.7,0.8,0.3,0.0,0.0,0.7,0.5,0.0,1.0,2021-22
1629646,Charles Bassey,PHI,23,7.3,3.0,2.7,0.3,0.2,0.7,0.3,0.638,0.0,0.75,2021-22
1629718,Charlie Brown Jr.,PHI,22,8.1,1.4,1.5,0.3,0.5,0.2,0.2,0.256,0.083,0.9,2021-22
1630602,Chaundee Brown Jr.,ATL,5,20.7,6.2,3.2,0.8,0.4,0.0,0.2,0.313,0.333,0.833,2021-22
1627767,Cheick Diallo,DET,3,10.2,3.7,4.0,0.0,0.3,0.0,0.3,0.375,0.0,0.833,2021-22
1629002,Chimezie Metu,SAC,60,21.3,8.9,5.6,1.0,0.9,0.5,1.0,0.452,0.306,0.78,2021-22
1628449,Chris Boucher,TOR,80,21.1,9.4,6.2,0.3,0.6,0.9,0.5,0.464,0.297,0.777,2021-22
1629185,Chris Chiozza,GSW,34,10.9,2.0,1.1,1.9,0.4,0.0,0.9,0.296,0.321,0.667,2021-22
1630537,Chris Duarte,IND,55,28.0,13.1,4.1,2.1,1.0,0.2,1.6,0.432,0.369,0.804,2021-22
101108,Chris Paul,PHX,65,32.9,14.7,4.4,10.8,1.9,0.3,2.4,0.493,0.317,0.837,2021-22
1629735,Chris Silva,MIA,10,9.1,2.6,3.6,0.7,0.0,0.1,0.8,0.533,0.0,0.833,2021-22
1626174,Christian Wood,HOU,68,30.8,17.9,10.1,2.3,0.8,1.0,1.9,0.501,0.39,0.623,2021-22
1629643,Chuma Okeke,ORL,70,25.0,8.6,5.0,1.7,1.4,0.6,0.8,0.376,0.318,0.846,2021-22
203991,Clint Capela,ATL,74,27.6,11.1,11.9,1.2,0.7,1.3,0.6,0.613,0.0,0.473,2021-22
1629632,Coby White,CHI,61,27.5,12.7,3.0,2.9,0.5,0.2,1.1,0.433,0.385,0.857,2021-22
1628998,Cody Martin,CHA,71,26.3,7.7,4.0,2.5,1.2,0.5,0.9,0.482,0.384,0.701,2021-22
203469,Cody Zeller,POR,27,13.1,5.2,4.6,0.8,0.3,0.2,0.7,0.567,0.0,0.776,2021-22
1630175,Cole Anthony,ORL,65,31.7,16.3,5.4,5.7,0.7,0.3,2.6,0.391,0.338,0.854,2021-22
1629012,Collin Sexton,CLE,11,28.8,16.0,3.3,2.1,0.9,0.0,2.8,0.45,0.244,0.744,2021-22
1630557,Corey Kispert,WAS,77,23.4,8.2,2.7,1.1,0.5,0.3,0.6,0.455,0.35,0.871,2021-22
202709,Cory Joseph,DET,65,24.6,8.0,2.7,3.6,0.6,0.3,1.3,0.445,0.414,0.885,2021-22
1628591,Craig Sword,WAS,3,6.3,2.0,0.0,0.3,1.3,0.0,0.3,0.75,0.0,0.0,2021-22
1626156,D'Angelo Russell,MIN,65,31.9,18.1,3.3,7.1,1.0,0.3,2.5,0.411,0.34,0.825,2021-22
201571,D.J. Augustin,LAL,55,16.1,5.3,1.2,1.9,0.3,0.0,1.0,0.423,0.415,0.884,2021-22
1628391,D.J. Wilson,TOR,4,13.5,7.5,4.0,1.3,1.3,0.3,0.5,0.733,0.0,0.8,2021-22
1629610,DaQuan Jeffries,MEM,3,2.9,0.7,0.7,0.3,0.0,0.0,0.0,0.5,0.0,0.0,2021-22
1630227,Daishen Nix,HOU,24,10.9,3.2,1.4,1.7,0.6,0.0,1.1,0.403,0.269,0.533,2021-22
1629751,Dakota Mathias,MEM,6,2.7,1.0,0.3,0.2,0.2,0.0,0.0,0.333,0.333,0.0,2021-22
1630625,Dalano Banton,TOR,64,10.9,3.2,1.9,1.5,0.4,0.2,0.8,0.411,0.255,0.591,2021-22
1627745,Damian Jones,SAC,56,18.2,8.1,4.4,1.2,0.5,0.8,1.1,0.658,0.345,0.718,2021-22
203081,Damian Lillard,POR,29,36.4,24.0,4.1,7.3,0.6,0.4,2.9,0.402,0.324,0.878,2021-22
1627814,Damion Lee,GSW,63,19.9,7.4,3.2,1.0,0.6,0.1,0.6,0.441,0.337,0.88,2021-22
1628422,Damyean Dotson,NYK,2,10.3,2.0,1.0,0.5,0.0,0.0,0.0,0.5,0.0,0.0,2021-22
1629655,Daniel Gafford,WAS,72,20.1,9.4,5.7,0.9,0.4,1.4,0.9,0.693,0.0,0.699,2021-22
1630187,Daniel Oturu,TOR,3,9.1,3.0,1.7,0.0,0.0,0.7,0.0,0.5,0.0,0.6,2021-22
1628464,Daniel Theis,BOS,47,20.8,8.2,4.9,0.9,0.4,0.7,1.0,0.519,0.308,0.681,2021-22
201568,Danilo Gallinari,ATL,66,25.3,11.7,4.7,1.5,0.4,0.2,0.6,0.434,0.381,0.904,2021-22
201980,Danny Green,PHI,62,21.8,5.9,2.5,1.0,1.0,0.6,0.7,0.394,0.38,0.786,2021-22
1627863,Danuel House Jr.,UTA,42,17.3,5.9,2.6,1.0,0.5,0.4,0.8,0.404,0.376,0.759,2021-22
1629647,Darius Bazley,OKC,69,27.9,10.8,6.3,1.4,0.8,1.0,1.3,0.422,0.297,0.688,2021-22
1629636,Darius Garland,CLE,68,35.7,21.7,3.3,8.6,1.3,0.1,3.6,0.462,0.383,0.892,2021-22
201954,Darren Collison,LAL,3,12.4,1.3,1.3,0.7,0.3,0.0,0.3,0.286,0.0,0.0,2021-22
1630561,David Duke Jr.,BKN,22,15.5,4.7,3.0,0.8,0.6,0.3,0.4,0.361,0.243,0.81,2021-22
1630525,David Johnson,TOR,2,1.0,0.0,0.0,0.0,0.0,0.0,0.0,0.0,0.0,0.0,2021-22
1628021,David Nwaba,HOU,46,13.2,5.1,3.3,0.8,0.6,0.4,0.5,0.483,0.306,0.716,2021-22
1630558,Davion Mitchell,SAC,75,27.7,11.5,2.2,4.2,0.7,0.3,1.5,0.418,0.316,0.659,2021-22
202722,Davis Bertans,DAL,56,14.4,5.6,2.1,0.6,0.3,0.2,0.3,0.36,0.335,0.9,2021-22
1628432,Davon Reed,DEN,48,13.9,4.4,2.3,1.1,0.5,0.2,0.3,0.503,0.43,0.667,2021-22
1630549,Day'Ron Sharpe,BKN,32,12.2,6.2,5.0,0.5,0.3,0.5,0.9,0.577,0.286,0.585,2021-22
1628368,De'Aaron Fox,SAC,59,35.3,23.2,3.9,5.6,1.2,0.4,2.8,0.473,0.297,0.75,2021-22
1629631,De'Andre Hunter,ATL,53,29.8,13.4,3.3,1.3,0.7,0.4,1.3,0.442,0.379,0.765,2021-22
1629001,De'Anthony Melton,MEM,73,22.7,10.8,4.5,2.7,1.4,0.5,1.5,0.404,0.374,0.75,2021-22
201599,DeAndre Jordan,PHI,48,13.0,4.3,5.5,0.4,0.3,0.7,0.8,0.643,0.0,0.55,2021-22
1627761,DeAndre' Bembry,MIL,56,18.3,5.1,2.9,1.2,0.9,0.4,0.6,0.561,0.417,0.6,2021-22
1630610,DeJon Jarreau,IND,1,0.9,0.0,0.0,0.0,0.0,0.0,0.0,0.0,0.0,0.0,2021-22
201942,DeMar DeRozan,CHI,76,36.1,27.9,5.2,4.9,0.9,0.3,2.4,0.504,0.352,0.877,2021-22
202326,DeMarcus Cousins,DEN,48,14.9,9.0,5.6,1.5,0.7,0.4,1.8,0.46,0.303,0.76,2021-22
1629731,Dean Wade,CLE,51,19.2,5.3,2.9,1.0,0.6,0.1,0.3,0.456,0.359,0.667,2021-22
1629028,Deandre Ayton,PHX,58,29.5,17.2,10.2,1.4,0.7,0.7,1.6,0.634,0.368,0.746,2021-22
1629686,Deividas Sirvydis,DET,3,8.9,1.0,2.0,0.3,1.0,0.3,0.0,0.1,0.143,0.0,2021-22
1627749,Dejounte Murray,SAS,68,34.8,21.1,8.3,9.2,2.0,0.3,2.6,0.462,0.327,0.794,2021-22
1626153,Delon Wright,ATL,77,18.9,4.4,2.9,2.4,1.2,0.2,0.6,0.454,0.379,0.857,2021-22
1630166,Deni Avdija,WAS,82,24.2,8.4,5.2,2.0,0.7,0.5,1.1,0.432,0.317,0.757,2021-22
203471,Dennis Schröder,HOU,64,28.7,13.5,3.3,4.6,0.8,0.1,2.2,0.431,0.344,0.853,2021-22
1628372,Dennis Smith Jr.,POR,37,17.3,5.6,2.4,3.6,1.2,0.3,1.4,0.418,0.222,0.656,2021-22
1627756,Denzel Valentine,UTA,24,9.2,2.9,1.8,0.5,0.3,0.0,0.5,0.379,0.404,0.0,2021-22
202324,Derrick Favors,OKC,39,16.7,5.3,4.7,0.6,0.4,0.3,0.2,0.516,0.125,0.64,2021-22
1627884,Derrick Jones Jr.,CHI,51,17.6,5.6,3.3,0.6,0.5,0.6,0.6,0.538,0.328,0.8,2021-22
201565,Derrick Rose,NYK,26,24.5,12.0,3.0,4.0,0.8,0.5,1.5,0.445,0.402,0.968,2021-22
1628476,Derrick Walton Jr.,DET,3,36.1,6.3,3.3,7.0,2.3,1.3,3.7,0.231,0.231,1.0,2021-22
1628401,Derrick White,BOS,75,29.3,13.2,3.5,4.9,0.9,0.8,1.6,0.421,0.312,0.864,2021-22
1630217,Desmond Bane,MEM,76,29.8,18.2,4.4,2.7,1.2,0.4,1.5,0.461,0.436,0.903,2021-22
1626164,Devin Booker,PHX,68,34.5,26.8,5.0,4.8,1.1,0.4,2.4,0.466,0.383,0.868,2021-22
1629962,Devin Cannady,ORL,5,28.9,10.0,1.2,2.0,1.0,0.6,1.0,0.341,0.405,0.714,2021-22
1630170,Devin Vassell,SAS,71,27.3,12.3,4.3,1.9,1.1,0.6,0.8,0.427,0.361,0.838,2021-22
1629653,Devon Dotson,CHI,11,7.7,2.6,0.8,1.4,0.1,0.0,0.5,0.478,0.222,0.556,2021-22
1629719,Devontae Cacok,SAS,15,8.1,3.1,2.8,0.4,0.5,0.5,0.2,0.677,0.0,0.571,2021-22
1628984,Devonte' Graham,NOP,76,28.4,11.9,2.3,4.2,0.9,0.2,1.4,0.363,0.341,0.843,2021-22
203473,Dewayne Dedmon,MIA,67,15.9,6.3,5.8,0.7,0.4,0.6,1.0,0.566,0.404,0.75,2021-22
1629712,Didi Louzada,POR,9,14.4,3.9,1.9,0.6,0.2,0.2,0.6,0.364,0.391,1.0,2021-22
1628415,Dillon Brooks,MEM,32,27.7,18.4,3.2,2.8,1.1,0.3,1.6,0.432,0.309,0.849,2021-22
1627734,Domantas Sabonis,SAC,62,34.4,18.9,12.1,5.2,1.0,0.4,3.1,0.573,0.312,0.741,2021-22
1628378,Donovan Mitchell,UTA,67,33.8,25.9,4.2,5.3,1.5,0.2,3.0,0.448,0.355,0.853,2021-22
1628978,Donte DiVincenzo,SAC,42,23.9,9.0,4.0,2.8,1.1,0.2,1.7,0.351,0.339,0.843,2021-22
1627827,Dorian Finney-Smith,DAL,80,33.0,11.0,4.7,1.9,1.1,0.5,1.0,0.471,0.395,0.675,2021-22
203926,Doug McDermott,SAS,51,24.0,11.3,2.3,1.3,0.3,0.1,0.8,0.462,0.422,0.784,2021-22
203110,Draymond Green,GSW,46,28.9,7.5,7.3,7.0,1.3,1.1,3.0,0.525,0.296,0.659,2021-22
1629234,Drew Eubanks,POR,71,17.5,7.7,5.4,1.2,0.4,0.6,1.1,0.596,0.217,0.762,2021-22
1630613,Duane Washington Jr.,IND,48,20.2,9.9,1.7,1.8,0.5,0.1,1.2,0.405,0.377,0.754,2021-22
1629130,Duncan Robinson,MIA,79,25.9,10.9,2.6,1.6,0.5,0.2,0.8,0.399,0.372,0.836,2021-22
2730,Dwight Howard,LAL,60,16.2,6.2,5.9,0.6,0.6,0.6,0.8,0.612,0.533,0.658,2021-22
203939,Dwight Powell,DAL,82,21.9,8.7,4.9,1.2,0.5,0.5,0.8,0.671,0.351,0.783,2021-22
1629685,Dylan Windler,CLE,50,9.2,2.2,1.8,0.7,0.3,0.1,0.3,0.378,0.3,0.833,2021-22
202334,Ed Davis,CLE,31,6.5,0.9,2.1,0.2,0.1,0.3,0.2,0.688,0.0,0.429,2021-22
203901,Elfrid Payton,PHX,50,11.0,3.0,1.8,2.0,0.5,0.1,0.9,0.383,0.222,0.375,2021-22
1630190,Elijah Hughes,POR,36,12.1,3.5,1.6,0.6,0.4,0.2,0.5,0.326,0.263,0.778,2021-22
1629150,Emanuel Terry,PHX,3,6.1,0.0,5.0,0.7,0.3,0.0,1.7,0.0,0.0,0.0,2021-22
1626144,Emmanuel Mudiay,SAC,2,5.5,1.5,0.0,2.0,0.5,0.0,0.5,0.0,0.0,0.75,2021-22
202683,Enes Freedom,BOS,35,11.8,3.7,4.6,0.2,0.1,0.4,0.6,0.526,0.4,0.857,2021-22
202339,Eric Bledsoe,POR,54,25.2,9.9,3.4,4.2,1.3,0.4,2.1,0.421,0.313,0.761,2021-22
201569,Eric Gordon,HOU,57,29.3,13.4,2.0,2.7,0.5,0.3,1.9,0.475,0.412,0.778,2021-22
1629672,Eric Paschall,UTA,58,12.7,5.8,1.8,0.6,0.2,0.1,0.5,0.485,0.37,0.767,2021-22
1630647,Eugene Omoruyi,DAL,4,4.5,1.8,1.8,0.5,0.0,0.0,0.0,0.4,0.5,0.5,2021-22
203095,Evan Fournier,NYK,80,29.5,14.1,2.6,2.1,1.0,0.3,1.3,0.417,0.389,0.708,2021-22
1630596,Evan Mobley,CLE,69,33.8,15.0,8.3,2.5,0.8,1.7,1.9,0.508,0.25,0.663,2021-22
1630267,Facundo Campazzo,DEN,65,18.2,5.1,1.8,3.4,1.0,0.4,1.0,0.361,0.301,0.769,2021-22
1630624,Feron Hunt,NYK,2,4.2,0.0,0.5,0.5,0.5,0.0,0.5,0.0,0.0,0.0,2021-22
1628402,Frank Jackson,DET,53,22.0,10.6,1.6,1.0,0.5,0.2,0.7,0.402,0.308,0.827,2021-22
1626163,Frank Kaminsky,PHX,9,20.1,10.6,4.6,1.4,0.9,0.8,0.6,0.545,0.333,0.9,2021-22
1628373,Frank Ntilikina,DAL,58,11.8,4.1,1.4,1.2,0.5,0.1,0.5,0.399,0.342,0.96,2021-22
1630532,Franz Wagner,ORL,79,30.7,15.2,4.5,2.9,0.9,0.4,1.5,0.468,0.354,0.863,2021-22
1627832,Fred VanVleet,TOR,65,37.9,20.3,4.4,6.7,1.7,0.5,2.6,0.403,0.377,0.874,2021-22
1630273,Freddie Gillespie,ORL,9,13.2,2.3,4.0,0.6,0.3,1.0,0.6,0.409,0.0,0.429,2021-22
1627788,Furkan Korkmaz,PHI,67,21.1,7.6,2.6,1.9,0.5,0.1,0.7,0.387,0.289,0.81,2021-22
1629216,Gabe Vincent,MIA,68,23.4,8.7,1.9,3.1,0.9,0.2,1.4,0.417,0.368,0.815,2021-22
1628221,Gabe York,IND,2,10.7,4.0,1.0,2.0,1.0,0.5,0.5,0.286,0.167,0.6,2021-22
1630466,Gabriel Deck,OKC,7,7.9,2.6,0.9,0.7,0.1,0.0,0.3,0.571,0.5,0.0,2021-22
1630994,Gabriel Lundberg,PHX,4,11.1,3.3,1.8,2.8,0.8,0.0,0.8,0.263,0.375,0.0,2021-22
202066,Garrett Temple,NOP,59,18.6,5.2,2.4,1.3,0.7,0.4,0.7,0.376,0.319,0.683,2021-22
1629726,Garrison Mathews,HOU,65,26.3,10.0,2.9,1.0,0.9,0.4,0.6,0.399,0.36,0.794,2021-22
1629109,Gary Clark,NOP,38,10.0,2.7,2.4,0.5,0.3,0.2,0.3,0.375,0.4,0.7,2021-22
203914,Gary Harris,ORL,61,28.4,11.1,2.0,1.8,1.0,0.1,1.0,0.434,0.384,0.874,2021-22
1627780,Gary Payton II,GSW,71,17.6,7.1,3.5,0.9,1.4,0.3,0.6,0.616,0.358,0.603,2021-22
1629018,Gary Trent Jr.,TOR,70,35.0,18.3,2.7,2.0,1.7,0.3,1.0,0.414,0.383,0.853,2021-22
201588,George Hill,MIL,54,23.2,6.2,2.9,2.2,0.8,0.1,0.8,0.429,0.306,0.919,2021-22
1628994,George King,DAL,4,4.8,0.3,1.3,0.0,0.0,0.0,0.3,0.0,0.0,0.5,2021-22
1627777,Georges Niang,PHI,76,22.8,9.2,2.7,1.3,0.4,0.2,0.8,0.437,0.403,0.881,2021-22
1630686,Georgios Kalaitzakis,OKC,13,16.4,6.6,1.6,0.9,0.8,0.2,1.5,0.463,0.385,0.467,2021-22
203507,Giannis Antetokounmpo,MIL,67,32.9,29.9,11.6,5.8,1.1,1.4,3.3,0.553,0.293,0.722,2021-22
1629048,Goga Bitadze,IND,50,14.6,7.0,3.5,1.1,0.4,0.8,0.9,0.52,0.288,0.681,2021-22
201609,Goran Dragic,BKN,21,23.7,7.5,3.1,4.1,0.9,0.2,1.6,0.377,0.254,0.818,2021-22
202330,Gordon Hayward,CHA,49,31.9,15.9,4.6,3.6,1.0,0.4,1.7,0.459,0.391,0.846,2021-22
203476,Gorgui Dieng,ATL,44,8.4,3.5,2.8,0.8,0.3,0.3,0.5,0.473,0.426,0.731,2021-22
1629684,Grant Williams,BOS,77,24.4,7.8,3.6,1.0,0.5,0.7,0.8,0.475,0.411,0.905,2021-22
1628960,Grayson Allen,MIL,66,27.3,11.1,3.4,1.5,0.7,0.3,0.7,0.448,0.409,0.865,2021-22
1630535,Greg Brown III,POR,48,13.3,4.7,2.8,0.7,0.5,0.5,0.8,0.426,0.311,0.677,2021-22
202328,Greg Monroe,MIN,14,13.9,5.4,4.6,1.6,0.6,0.7,0.9,0.561,0.0,0.522,2021-22
1628977,Hamidou Diallo,DET,58,21.9,11.0,4.8,1.3,1.2,0.3,1.0,0.496,0.247,0.65,2021-22
203084,Harrison Barnes,SAC,77,33.6,16.4,5.6,2.4,0.7,0.2,1.5,0.469,0.394,0.826,2021-22
202355,Hassan Whiteside,UTA,65,17.9,8.2,7.6,0.4,0.3,1.6,0.8,0.652,0.0,0.623,2021-22
1629755,Hassani Gravett,ORL,8,21.4,6.3,2.6,2.5,0.6,0.1,1.1,0.474,0.423,0.75,2021-22
1629312,Haywood Highsmith,MIA,19,8.6,2.3,1.4,0.3,0.1,0.2,0.2,0.348,0.321,0.4,2021-22
1630529,Herbert Jones,NOP,78,29.9,9.5,3.8,2.1,1.7,0.8,1.3,0.476,0.337,0.84,2021-22
1629649,Ignas Brazdeikis,ORL,42,12.8,5.0,1.7,0.9,0.2,0.1,0.4,0.431,0.31,0.656,2021-22
1630193,Immanuel Quickley,NYK,78,23.1,11.3,3.2,3.5,0.7,0.0,1.3,0.392,0.346,0.881,2021-22
1629067,Isaac Bonga,TOR,15,4.6,0.8,0.5,0.3,0.5,0.1,0.1,0.231,0.25,0.625,2021-22
1630171,Isaac Okoro,CLE,67,29.6,8.8,3.0,1.8,0.8,0.3,0.9,0.48,0.35,0.768,2021-22
1628392,Isaiah Hartenstein,LAC,68,17.9,8.3,4.9,2.4,0.7,1.1,1.2,0.626,0.467,0.689,2021-22
1630543,Isaiah Jackson,IND,36,15.0,8.3,4.1,0.3,0.7,1.4,1.1,0.563,0.313,0.682,2021-22
1630198,Isaiah Joe,PHI,55,11.1,3.6,1.0,0.6,0.3,0.1,0.3,0.35,0.333,0.935,2021-22
1630587,Isaiah Livers,DET,19,20.2,6.4,3.0,1.1,0.7,0.4,0.8,0.456,0.422,0.857,2021-22
1629676,Isaiah Roby,OKC,45,21.1,10.1,4.8,1.6,0.8,0.8,1.0,0.514,0.444,0.672,2021-22
1630191,Isaiah Stewart,DET,71,25.6,8.3,8.7,1.2,0.3,1.1,1.2,0.51,0.326,0.718,2021-22
202738,Isaiah Thomas,CHA,22,15.2,8.4,1.3,1.5,0.3,0.2,0.7,0.401,0.337,0.846,2021-22
1630225,Isaiah Todd,WAS,12,6.2,1.7,1.0,0.3,0.3,0.2,0.3,0.269,0.25,0.333,2021-22
202397,Ish Smith,WAS,65,17.3,6.3,2.2,3.8,0.7,0.4,1.2,0.43,0.373,0.625,2021-22
1630688,Ish Wainright,PHX,45,8.0,2.4,1.2,0.3,0.4,0.1,0.3,0.394,0.322,0.583,2021-22
1627826,Ivica Zubac,LAC,76,24.4,10.3,8.5,1.6,0.5,1.0,1.5,0.626,0.0,0.727,2021-22
1630550,JT Thor,CHA,33,7.9,2.0,1.3,0.6,0.2,0.3,0.3,0.436,0.259,0.6,2021-22
1629630,Ja Morant,MEM,57,33.1,27.4,5.7,6.7,1.2,0.4,3.4,0.493,0.344,0.761,2021-22
203210,JaMychal Green,DEN,67,16.2,6.4,4.2,0.9,0.6,0.4,0.9,0.486,0.266,0.871,2021-22
1630605,JaQuori McLaughlin,DAL,4,2.7,0.0,0.0,0.5,0.0,0.0,0.0,0.0,0.0,0.0,2021-22
201580,JaVale McGee,PHX,74,15.8,9.2,6.7,0.6,0.3,1.1,1.3,0.629,0.222,0.699,2021-22
203953,Jabari Parker,BOS,12,9.4,4.4,2.3,0.5,0.3,0.1,0.7,0.474,0.5,1.0,2021-22
1630183,Jaden McDaniels,MIN,70,25.8,9.2,4.2,1.1,0.7,0.8,1.1,0.46,0.317,0.803,2021-22
1630531,Jaden Springer,PHI,2,2.8,1.0,1.0,0.0,0.0,1.0,0.5,1.0,0.0,0.0,2021-22
203109,Jae Crowder,PHX,67,28.1,9.4,5.3,1.9,1.4,0.4,0.8,0.399,0.348,0.789,2021-22
1630256,Jae'Sean Tate,HOU,78,26.4,11.8,5.4,2.8,0.9,0.5,1.8,0.498,0.312,0.707,2021-22
1630186,Jahmi'us Ramsey,SAC,19,7.0,3.2,0.7,0.4,0.1,0.1,0.3,0.414,0.278,0.5,2021-22
1630693,Jaime Echenique,WAS,1,3.1,0.0,0.0,0.0,0.0,0.0,0.0,0.0,0.0,0.0,2021-22
1627774,Jake Layman,MIN,34,6.8,2.4,1.1,0.3,0.2,0.1,0.3,0.411,0.229,0.722,2021-22
1627751,Jakob Poeltl,SAS,68,29.0,13.5,9.3,2.8,0.7,1.7,1.6,0.618,1.0,0.495,2021-22
1628973,Jalen Brunson,DAL,79,31.9,16.3,3.9,4.8,0.8,0.0,1.6,0.502,0.373,0.84,2021-22
1630224,Jalen Green,HOU,67,31.9,17.3,3.4,2.6,0.7,0.3,2.0,0.426,0.343,0.797,2021-22
1630552,Jalen Johnson,ATL,22,5.5,2.4,1.2,0.1,0.1,0.1,0.4,0.537,0.231,0.714,2021-22
1629667,Jalen McDaniels,CHA,55,16.3,6.2,3.1,1.1,0.5,0.4,0.7,0.484,0.38,0.736,2021-22
1630188,Jalen Smith,IND,51,18.1,9.2,6.0,0.5,0.3,0.8,0.8,0.503,0.328,0.765,2021-22
1630591,Jalen Suggs,ORL,48,27.2,11.8,3.6,4.4,1.2,0.4,3.0,0.361,0.214,0.773,2021-22
1630547,James Bouknight,CHA,31,9.8,4.6,1.7,0.8,0.2,0.0,0.5,0.348,0.347,0.871,2021-22
203516,James Ennis III,DEN,7,7.9,4.1,1.7,0.4,0.3,0.3,0.3,0.458,0.375,0.8,2021-22
201935,James Harden,PHI,65,37.2,22.0,7.7,10.3,1.3,0.6,4.4,0.41,0.33,0.877,2021-22
201949,James Johnson,BKN,62,19.2,5.5,3.5,2.1,0.5,0.5,0.8,0.469,0.271,0.527,2021-22
1630691,Jamorko Pickett,DET,13,13.6,3.8,2.5,0.5,0.0,0.5,0.4,0.36,0.333,0.5,2021-22
1630215,Jared Butler,UTA,42,8.6,3.8,1.1,1.5,0.4,0.2,0.8,0.404,0.318,0.688,2021-22
1629607,Jared Harper,NOP,5,8.6,7.4,0.4,2.8,0.8,0.2,0.4,0.538,0.417,1.0,2021-22
1628991,Jaren Jackson Jr.,MEM,78,27.3,16.3,5.8,1.1,0.9,2.3,1.7,0.415,0.319,0.823,2021-22
1629020,Jarred Vanderbilt,MIN,74,25.4,6.9,8.4,1.3,1.3,0.6,1.0,0.587,0.143,0.656,2021-22
1628386,Jarrett Allen,CLE,56,32.3,16.1,10.8,1.6,0.8,1.3,1.7,0.677,0.1,0.708,2021-22
1629633,Jarrett Culver,MEM,37,9.1,3.5,1.3,0.9,0.5,0.1,0.5,0.378,0.255,0.471,2021-22
1629600,Jarron Cumberland,POR,3,4.1,0.7,1.0,0.3,0.0,0.0,0.0,0.5,0.0,0.0,2021-22
1629602,Javin DeLaurier,MIL,1,2.8,0.0,1.0,0.0,1.0,0.0,0.0,0.0,0.0,0.0,2021-22
1629750,Javonte Green,CHI,65,23.4,7.2,4.2,0.9,1.0,0.5,0.5,0.542,0.356,0.833,2021-22
1630606,Javonte Smart,MIA,17,11.8,3.0,1.4,0.9,0.4,0.2,0.6,0.317,0.296,0.833,2021-22
1629637,Jaxson Hayes,NOP,70,20.0,9.3,4.5,0.6,0.5,0.8,0.8,0.616,0.351,0.766,2021-22
1630643,Jay Huff,LAL,4,5.1,0.0,1.0,0.3,0.3,0.3,0.3,0.0,0.0,0.0,2021-22
1630206,Jay Scrubb,LAC,18,6.7,2.7,0.9,0.4,0.2,0.2,0.4,0.391,0.286,0.7,2021-22
1627759,Jaylen Brown,BOS,66,33.6,23.6,6.1,3.5,1.1,0.3,2.7,0.473,0.358,0.758,2021-22
1629658,Jaylen Hoard,OKC,7,34.2,14.7,12.0,2.4,0.9,0.7,1.1,0.489,0.36,0.429,2021-22
1628537,Jaylen Morris,SAS,3,5.3,0.7,0.7,0.7,0.0,0.0,0.3,0.0,0.0,0.5,2021-22
1629669,Jaylen Nowell,MIN,62,15.7,8.5,2.0,2.1,0.4,0.2,0.6,0.475,0.394,0.783,2021-22
1629873,Jaysean Paige,DET,1,6.6,0.0,1.0,1.0,0.0,0.0,1.0,0.0,0.0,0.0,2021-22
1628369,Jayson Tatum,BOS,76,35.9,26.9,8.0,4.4,1.0,0.6,2.9,0.453,0.353,0.853,2021-22
1630288,Jeff Dowtin Jr.,ORL,9,12.0,2.1,2.0,1.1,0.6,0.1,0.6,0.308,0.111,1.0,2021-22
201145,Jeff Green,DEN,75,24.7,10.3,3.1,1.3,0.4,0.4,0.9,0.524,0.315,0.833,2021-22
1629203,Jemerrio Jones,LAL,2,7.4,2.0,1.5,0.0,0.5,0.0,0.0,0.667,0.0,0.0,2021-22
203924,Jerami Grant,DET,47,31.9,19.2,4.1,2.4,0.9,1.0,1.8,0.426,0.358,0.838,2021-22
1630526,Jeremiah Robinson-Earl,OKC,49,22.2,7.5,5.6,1.0,0.6,0.3,0.8,0.414,0.352,0.741,2021-22
203087,Jeremy Lamb,SAC,56,16.7,7.3,2.8,1.4,0.6,0.4,0.7,0.383,0.324,0.84,2021-22
1630579,Jericho Sims,NYK,41,13.5,2.2,4.1,0.5,0.3,0.5,0.5,0.722,0.0,0.414,2021-22
1628975,Jevon Carter,MIL,66,13.7,4.2,1.7,1.5,0.4,0.2,0.5,0.387,0.388,0.833,2021-22
202710,Jimmy Butler III,MIA,57,33.9,21.4,5.9,5.5,1.6,0.5,2.1,0.48,0.233,0.87,2021-22
1629111,Jock Landale,SAS,54,10.9,4.9,2.6,0.8,0.2,0.3,0.6,0.495,0.326,0.829,2021-22
203925,Joe Harris,BKN,14,30.2,11.3,4.0,1.0,0.5,0.1,1.1,0.452,0.466,0.833,2021-22
204060,Joe Ingles,POR,45,24.9,7.2,2.9,3.5,0.5,0.1,1.0,0.404,0.347,0.773,2021-22
2207,Joe Johnson,BOS,1,2.0,2.0,0.0,0.0,0.0,0.0,0.0,1.0,0.0,0.0,2021-22
1630580,Joe Wieskamp,SAS,29,7.1,2.1,0.5,0.3,0.1,0.1,0.1,0.357,0.326,0.538,2021-22
1630555,Joel Ayayi,WAS,7,2.9,0.3,0.4,0.6,0.0,0.0,0.0,0.167,0.0,0.0,2021-22
203954,Joel Embiid,PHI,68,33.8,30.6,11.7,4.2,1.1,1.5,3.1,0.499,0.371,0.814,2021-22
1628381,John Collins,ATL,54,30.8,16.2,7.8,1.8,0.6,1.0,1.1,0.526,0.364,0.793,2021-22
1629723,John Konchar,MEM,72,17.9,4.8,4.6,1.5,0.6,0.3,0.4,0.515,0.413,0.551,2021-22
1630257,Jon Teske,MEM,3,2.6,0.0,0.7,0.3,0.3,0.0,0.0,0.0,0.0,0.0,2021-22
202685,Jonas Valančiūnas,NOP,74,30.3,17.8,11.4,2.6,0.6,0.8,2.4,0.544,0.361,0.82,2021-22
1630228,Jonathan Kuminga,GSW,70,16.9,9.3,3.3,0.9,0.4,0.3,1.1,0.513,0.336,0.684,2021-22
1628395,Jordan Bell,CHI,1,2.0,0.0,1.0,0.0,1.0,0.0,0.0,0.0,0.0,0.0,2021-22
203903,Jordan Clarkson,UTA,79,27.1,16.0,3.5,2.5,0.8,0.2,1.6,0.419,0.318,0.828,2021-22
1630692,Jordan Goodwin,WAS,2,3.0,0.0,0.5,0.0,0.0,0.0,0.0,0.0,0.0,0.0,2021-22
1629162,Jordan McLaughlin,MIN,62,14.5,3.8,1.5,2.9,0.9,0.2,0.6,0.44,0.318,0.75,2021-22
1629670,Jordan Nwora,MIL,62,19.1,7.9,3.6,1.0,0.4,0.3,0.9,0.403,0.348,0.837,2021-22
1629673,Jordan Poole,GSW,76,30.0,18.5,3.4,4.0,0.8,0.3,2.5,0.448,0.364,0.925,2021-22
1630648,Jordan Schakel,WAS,4,7.6,1.3,2.0,0.0,0.3,0.0,0.3,0.091,0.167,1.0,2021-22
1630631,Jose Alvarado,NOP,54,15.4,6.1,1.9,2.8,1.3,0.1,0.7,0.446,0.291,0.679,2021-22
1630528,Josh Christopher,HOU,74,18.0,7.9,2.5,2.0,0.9,0.2,1.5,0.448,0.296,0.735,2021-22
1630581,Josh Giddey,OKC,54,31.5,12.5,7.8,6.4,0.9,0.4,3.2,0.419,0.263,0.709,2021-22
1630182,Josh Green,DAL,67,15.5,4.8,2.4,1.2,0.7,0.2,0.7,0.508,0.359,0.689,2021-22
1628404,Josh Hart,POR,54,33.2,14.9,7.2,4.1,1.1,0.2,2.1,0.504,0.343,0.758,2021-22
1628367,Josh Jackson,SAC,51,16.3,6.4,2.8,1.1,0.5,0.4,0.9,0.4,0.254,0.714,2021-22
1629006,Josh Okogie,MIN,49,10.5,2.7,1.4,0.5,0.5,0.2,0.5,0.404,0.298,0.686,2021-22
1626196,Josh Richardson,SAS,65,24.6,10.2,2.8,1.8,0.9,0.4,1.0,0.438,0.415,0.889,2021-22
1630563,Joshua Primo,SAS,50,19.3,5.8,2.3,1.6,0.4,0.5,1.1,0.374,0.307,0.746,2021-22
201950,Jrue Holiday,MIL,67,32.9,18.3,4.5,6.8,1.6,0.4,2.7,0.501,0.411,0.761,2021-22
1629308,Juan Toscano-Anderson,GSW,73,13.6,4.1,2.4,1.7,0.7,0.2,0.9,0.489,0.322,0.571,2021-22
1627823,Juancho Hernangomez,UTA,40,11.1,3.3,2.5,0.5,0.4,0.3,0.4,0.415,0.348,0.559,2021-22
203944,Julius Randle,NYK,72,35.3,20.1,9.9,5.1,0.7,0.5,3.4,0.411,0.308,0.756,2021-22
1626147,Justin Anderson,IND,16,19.7,6.4,2.9,2.1,0.5,0.4,0.5,0.379,0.254,0.789,2021-22
1630551,Justin Champagnie,TOR,36,7.8,2.3,2.0,0.3,0.2,0.1,0.2,0.463,0.357,1.0,2021-22
203200,Justin Holiday,SAC,74,27.8,10.1,2.6,1.7,0.8,0.4,0.9,0.394,0.367,0.806,2021-22
1628382,Justin Jackson,PHX,7,5.2,2.1,1.0,0.3,0.0,0.0,0.1,0.333,0.333,1.0,2021-22
1629620,Justin Robinson,DET,25,12.1,3.1,0.8,1.3,0.4,0.0,0.7,0.301,0.295,0.5,2021-22
1626159,Justise Winslow,POR,48,16.1,5.7,4.2,1.8,0.7,0.5,1.0,0.428,0.227,0.591,2021-22
203994,Jusuf Nurkić,POR,56,28.2,15.0,11.1,2.8,1.1,0.6,2.6,0.535,0.268,0.69,2021-22
1629752,Juwan Morgan,BOS,2,15.5,2.5,2.0,0.5,0.0,0.0,0.0,0.667,0.5,0.0,2021-22
1630231,KJ Martin,HOU,79,21.0,8.8,3.8,1.3,0.4,0.5,0.8,0.533,0.357,0.634,2021-22
1629644,KZ Okpala,MIA,21,11.6,3.7,2.0,0.7,0.2,0.3,0.2,0.435,0.346,0.727,2021-22
1630539,Kai Jones,CHA,21,3.0,1.0,0.5,0.2,0.0,0.1,0.3,0.643,0.5,0.375,2021-22
1626157,Karl-Anthony Towns,MIN,74,33.5,24.6,9.8,3.6,1.0,1.1,3.1,0.529,0.41,0.822,2021-22
1626208,Keifer Sykes,IND,32,17.7,5.6,1.4,1.9,0.4,0.1,1.0,0.363,0.3,0.882,2021-22
1628966,Keita Bates-Diop,SAS,59,16.2,5.7,3.9,0.7,0.5,0.2,0.8,0.517,0.309,0.754,2021-22
1629103,Kelan Martin,BOS,30,15.0,5.7,1.8,0.7,0.4,0.3,0.5,0.409,0.293,0.692,2021-22
1629640,Keldon Johnson,SAS,75,31.9,17.0,6.1,2.1,0.8,0.2,1.2,0.466,0.398,0.756,2021-22
1629833,Keljin Blevins,POR,31,11.3,3.1,1.5,0.6,0.4,0.0,0.5,0.306,0.292,0.545,2021-22
203482,Kelly Olynyk,DET,40,19.1,9.1,4.4,2.8,0.8,0.5,1.5,0.448,0.336,0.775,2021-22
1626162,Kelly Oubre Jr.,CHA,76,26.3,15.0,4.0,1.1,1.0,0.4,0.9,0.44,0.345,0.667,2021-22
202689,Kemba Walker,NYK,37,25.6,11.6,3.0,3.5,0.7,0.2,1.3,0.403,0.367,0.845,2021-22
1629026,Kenrich Williams,OKC,49,21.9,7.4,4.5,2.2,0.9,0.2,0.9,0.461,0.339,0.545,2021-22
203145,Kent Bazemore,LAL,39,14.0,3.4,1.8,0.9,0.6,0.2,0.5,0.324,0.363,0.765,2021-22
203484,Kentavious Caldwell-Pope,WAS,77,30.2,13.2,3.4,1.9,1.1,0.3,1.3,0.435,0.39,0.89,2021-22
1630553,Keon Johnson,POR,37,18.8,7.2,2.2,2.1,0.8,0.3,1.2,0.353,0.34,0.804,2021-22
1630556,Kessler Edwards,BKN,48,20.6,5.9,3.6,0.6,0.6,0.5,0.9,0.412,0.353,0.842,2021-22
201142,Kevin Durant,BKN,55,37.2,29.9,7.4,6.4,0.9,0.9,3.5,0.518,0.383,0.91,2021-22
1628989,Kevin Huerter,ATL,74,29.6,12.1,3.4,2.7,0.7,0.4,1.2,0.454,0.389,0.808,2021-22
1628995,Kevin Knox II,ATL,30,7.4,3.1,1.5,0.3,0.1,0.1,0.2,0.365,0.278,0.727,2021-22
201567,Kevin Love,CLE,74,22.5,13.6,7.2,2.2,0.4,0.2,1.3,0.43,0.392,0.838,2021-22
1630698,Kevin Pangos,CLE,24,6.9,1.6,0.5,1.3,0.1,0.0,0.3,0.326,0.231,0.75,2021-22
1629645,Kevin Porter Jr.,HOU,61,31.3,15.6,4.4,6.2,1.1,0.4,3.1,0.415,0.375,0.642,2021-22
1626172,Kevon Looney,GSW,82,21.1,6.0,7.3,2.0,0.6,0.6,0.8,0.571,0.0,0.6,2021-22
203920,Khem Birch,TOR,55,18.0,4.5,4.3,1.0,0.5,0.5,0.5,0.485,0.0,0.746,2021-22
203114,Khris Middleton,MIL,66,32.4,20.1,5.4,5.4,1.2,0.3,2.9,0.443,0.373,0.89,2021-22
1630165,Killian Hayes,DET,66,25.0,6.9,3.2,4.2,1.2,0.5,1.7,0.383,0.263,0.77,2021-22
1629681,Killian Tillie,MEM,36,12.8,3.3,1.7,0.6,0.6,0.4,0.4,0.339,0.314,0.625,2021-22
1630184,Kira Lewis Jr.,NOP,24,14.2,5.9,1.6,2.0,0.5,0.0,1.1,0.404,0.224,0.833,2021-22
202691,Klay Thompson,GSW,32,29.4,20.4,3.9,2.8,0.5,0.5,1.3,0.429,0.385,0.902,2021-22
1627739,Kris Dunn,POR,14,24.0,7.6,3.5,5.6,1.6,0.2,2.3,0.431,0.091,0.944,2021-22
204001,Kristaps Porziņģis,WAS,51,29.0,20.2,8.1,2.3,0.7,1.6,1.6,0.459,0.31,0.867,2021-22
203937,Kyle Anderson,MEM,69,21.5,7.6,5.3,2.7,1.1,0.7,1.0,0.446,0.33,0.638,2021-22
1629657,Kyle Guy,MIA,19,9.8,3.9,0.9,0.9,0.4,0.1,0.7,0.4,0.35,0.667,2021-22
1628398,Kyle Kuzma,WAS,66,33.4,17.1,8.5,3.5,0.6,0.9,2.6,0.452,0.341,0.712,2021-22
200768,Kyle Lowry,MIA,63,33.9,13.4,4.5,7.5,1.1,0.3,2.7,0.44,0.377,0.851,2021-22
202681,Kyrie Irving,BKN,29,37.6,27.4,4.4,5.8,1.4,0.6,2.5,0.469,0.418,0.915,2021-22
200746,LaMarcus Aldridge,BKN,47,22.3,12.9,5.5,0.9,0.3,1.0,0.9,0.55,0.304,0.873,2021-22
1630163,LaMelo Ball,CHA,75,32.3,20.1,6.7,7.6,1.6,0.4,3.3,0.429,0.389,0.872,2021-22
1630205,Lamar Stevens,CLE,63,16.1,6.1,2.6,0.7,0.5,0.3,0.7,0.489,0.277,0.707,2021-22
202362,Lance Stephenson,IND,46,17.7,8.3,2.8,3.6,0.5,0.1,1.6,0.455,0.3,0.788,2021-22
1629013,Landry Shamet,PHX,69,20.8,8.3,1.8,1.6,0.4,0.1,0.6,0.394,0.368,0.84,2021-22
204038,Langston Galloway,MIL,7,15.2,2.0,2.6,1.7,0.1,0.0,0.9,0.231,0.125,0.0,2021-22
1626204,Larry Nance Jr.,NOP,46,22.6,7.0,5.4,1.8,0.9,0.4,0.8,0.522,0.329,0.702,2021-22
1628374,Lauri Markkanen,CLE,61,30.8,14.8,5.7,1.3,0.7,0.5,0.9,0.445,0.358,0.868,2021-22
2544,LeBron James,LAL,56,37.2,30.3,8.2,6.2,1.3,1.1,3.5,0.524,0.359,0.756,2021-22
1630195,Leandro Bolmaro,MIN,35,6.9,1.4,1.2,0.6,0.2,0.0,0.4,0.315,0.278,0.846,2021-22
1629623,Lindell Wigginton,MIL,19,10.5,4.2,1.3,1.2,0.3,0.1,0.6,0.426,0.346,0.543,2021-22
1630322,Lindy Waters III,OKC,25,18.6,8.0,2.9,1.0,0.8,0.3,0.4,0.406,0.363,0.8,2021-22
1629022,Lonnie Walker IV,SAS,70,23.0,12.1,2.6,2.2,0.6,0.3,1.0,0.407,0.314,0.784,2021-22
1628366,Lonzo Ball,CHI,35,34.6,13.0,5.4,5.1,1.8,0.9,2.3,0.423,0.423,0.75,2021-22
101150,Lou Williams,ATL,56,14.3,6.3,1.6,1.9,0.5,0.1,0.8,0.391,0.363,0.859,2021-22
1629663,Louis King,SAC,10,10.4,4.5,1.2,0.9,0.2,0.1,0.0,0.319,0.296,0.7,2021-22
1629652,Luguentz Dort,OKC,51,32.7,17.2,4.2,1.7,0.9,0.4,1.7,0.404,0.332,0.843,2021-22
1629029,Luka Dončić,DAL,65,35.4,28.4,9.1,8.7,1.2,0.6,4.5,0.457,0.353,0.744,2021-22
1630568,Luka Garza,DET,32,12.2,5.8,3.1,0.6,0.3,0.2,0.6,0.449,0.327,0.623,2021-22
1628379,Luke Kennard,LAC,70,27.4,11.9,3.3,2.1,0.6,0.1,0.9,0.449,0.449,0.896,2021-22
1628436,Luke Kornet,BOS,15,6.9,2.0,1.9,0.6,0.2,0.2,0.0,0.481,0.0,0.667,2021-22
1630640,MJ Walker,PHX,2,4.2,0.0,0.5,0.5,1.0,0.0,0.0,0.0,0.0,0.0,2021-22
1630644,Mac McClung,LAL,2,12.2,4.0,1.5,0.5,0.5,0.5,1.5,0.5,0.333,1.0,2021-22
1630201,Malachi Flynn,TOR,44,12.2,4.3,1.4,1.6,0.5,0.1,0.3,0.393,0.333,0.625,2021-22
1627763,Malcolm Brogdon,IND,36,33.5,19.1,5.1,5.9,0.8,0.4,2.1,0.448,0.312,0.856,2021-22
1630792,Malcolm Hill,CHI,19,11.2,3.8,1.8,0.4,0.4,0.2,0.2,0.462,0.361,0.786,2021-22
1627736,Malik Beasley,MIN,79,25.0,12.1,2.9,1.5,0.5,0.2,0.5,0.391,0.377,0.817,2021-22
1630238,Malik Fitts,BOS,15,4.2,1.4,1.1,0.3,0.0,0.0,0.1,0.421,0.5,0.0,2021-22
1628370,Malik Monk,LAL,76,28.1,13.8,3.4,2.9,0.8,0.4,1.6,0.473,0.391,0.795,2021-22
1629005,Malik Newman,CLE,1,7.7,8.0,1.0,1.0,0.0,0.0,1.0,0.6,0.0,1.0,2021-22
1629603,Mamadi Diakite,OKC,13,14.4,4.3,4.5,0.2,0.4,0.7,0.5,0.532,0.0,0.545,2021-22
1630585,Marcus Garrett,MIA,12,10.7,1.1,1.9,0.6,0.4,0.3,0.2,0.238,0.25,0.4,2021-22
202694,Marcus Morris Sr.,LAC,54,29.0,15.4,4.4,2.1,0.5,0.3,1.3,0.434,0.367,0.872,2021-22
203935,Marcus Smart,BOS,71,32.3,12.1,3.8,5.9,1.7,0.3,2.2,0.418,0.331,0.793,2021-22
1628365,Markelle Fultz,ORL,18,20.0,10.8,2.7,5.5,1.1,0.3,2.2,0.474,0.235,0.806,2021-22
202693,Markieff Morris,MIA,17,17.5,7.6,2.6,1.4,0.4,0.1,1.2,0.474,0.333,0.889,2021-22
1630250,Marko Simonovic,CHI,9,3.9,1.9,1.1,0.0,0.1,0.1,0.2,0.267,0.2,0.727,2021-22
1630210,Markus Howard,DEN,31,5.7,4.1,0.4,0.2,0.3,0.0,0.2,0.386,0.4,0.87,2021-22
1627737,Marquese Chriss,DAL,34,10.2,4.5,3.0,0.5,0.4,0.4,0.5,0.463,0.32,0.667,2021-22
1628963,Marvin Bagley III,DET,48,23.9,11.3,7.0,0.8,0.5,0.4,0.8,0.504,0.237,0.663,2021-22
1630222,Mason Jones,LAL,4,12.6,6.8,2.5,1.0,0.5,0.0,0.3,0.467,0.25,0.8,2021-22
203486,Mason Plumlee,CHA,73,24.6,6.5,7.7,3.1,0.8,0.7,1.4,0.641,0.0,0.392,2021-22
1629680,Matisse Thybulle,PHI,66,25.5,5.7,2.3,1.1,1.7,1.1,0.6,0.5,0.313,0.791,2021-22
1629760,Matt Mooney,NYK,1,1.9,0.0,0.0,0.0,1.0,0.0,1.0,0.0,0.0,0.0,2021-22
1630346,Matt Ryan,BOS,1,5.3,3.0,0.0,0.0,1.0,0.0,0.0,0.2,0.2,0.0,2021-22
1629744,Matt Thomas,CHI,40,11.5,4.0,1.3,0.5,0.2,0.1,0.2,0.41,0.385,0.8,2021-22
203090,Maurice Harkless,SAC,47,18.4,4.6,2.4,0.5,0.6,0.5,0.7,0.459,0.307,0.714,2021-22
1629622,Max Strus,MIA,68,23.3,10.6,3.0,1.4,0.4,0.2,0.8,0.441,0.41,0.792,2021-22
1628467,Maxi Kleber,DAL,59,24.6,7.0,5.9,1.2,0.5,1.0,0.8,0.398,0.325,0.708,2021-22
1630593,McKinley Wright IV,MIN,5,3.8,1.0,0.0,0.6,0.0,0.0,0.2,0.667,0.5,0.0,2021-22
1628982,Melvin Frazier Jr.,OKC,3,39.9,10.7,4.3,0.3,0.3,0.0,1.0,0.271,0.048,0.714,2021-22
1630695,Micah Potter,DET,3,10.3,4.0,3.0,0.0,0.3,0.3,0.3,0.455,0.0,1.0,2021-22
1629008,Michael Porter Jr.,DEN,9,29.4,9.9,6.6,1.9,1.1,0.2,1.3,0.359,0.208,0.556,2021-22
1628969,Mikal Bridges,PHX,82,34.8,14.2,4.2,2.3,1.2,0.4,0.8,0.534,0.369,0.834,2021-22
201144,Mike Conley,UTA,72,28.6,13.7,3.0,5.3,1.3,0.3,1.7,0.435,0.408,0.796,2021-22
203488,Mike Muscala,OKC,43,13.8,8.0,3.0,0.5,0.4,0.6,0.3,0.456,0.429,0.842,2021-22
1628970,Miles Bridges,CHA,80,35.5,20.2,7.0,3.8,0.9,0.8,1.9,0.491,0.331,0.802,2021-22
1630540,Miles McBride,NYK,40,9.3,2.2,1.1,1.0,0.4,0.0,0.1,0.296,0.25,0.667,2021-22
1629011,Mitchell Robinson,NYK,72,25.7,8.5,8.6,0.5,0.8,1.8,0.8,0.761,0.0,0.486,2021-22
1629671,Miye Oni,UTA,16,2.8,0.3,0.4,0.3,0.0,0.0,0.1,0.222,0.125,0.0,2021-22
1628964,Mo Bamba,ORL,71,25.7,10.6,8.1,1.2,0.5,1.7,1.1,0.48,0.381,0.781,2021-22
1628420,Monte Morris,DEN,75,29.9,12.6,3.0,4.4,0.7,0.2,1.0,0.484,0.395,0.869,2021-22
1626149,Montrezl Harrell,CHA,71,23.1,13.1,6.1,2.0,0.4,0.6,1.0,0.645,0.235,0.716,2021-22
1629021,Moritz Wagner,ORL,63,15.2,9.0,3.7,1.4,0.3,0.2,0.9,0.497,0.328,0.806,2021-22
1629650,Moses Brown,CLE,40,8.6,4.3,3.4,0.0,0.2,0.4,0.5,0.593,0.0,0.597,2021-22
1630541,Moses Moody,GSW,52,11.7,4.4,1.5,0.4,0.1,0.2,0.3,0.437,0.364,0.778,2021-22
1630589,Moses Wright,DAL,4,3.7,1.3,0.8,0.5,0.0,0.3,0.0,0.25,0.0,1.0,2021-22
1628539,Mychal Mulder,MIA,17,14.1,4.1,1.4,0.3,0.2,0.1,0.5,0.312,0.315,1.0,2021-22
1629619,Myles Powell,PHI,11,4.7,1.2,0.5,0.3,0.1,0.0,0.3,0.294,0.167,1.0,2021-22
1626167,Myles Turner,IND,42,29.4,12.9,7.1,1.0,0.7,2.8,1.3,0.509,0.333,0.752,2021-22
1630230,Naji Marshall,NOP,55,13.4,5.7,2.6,1.1,0.6,0.1,0.8,0.405,0.2,0.796,2021-22
1629642,Nassir Little,POR,42,25.9,9.8,5.6,1.3,0.6,0.9,1.0,0.46,0.331,0.734,2021-22
1630207,Nate Hinton,IND,2,1.2,0.0,0.0,0.0,0.0,0.0,0.5,0.0,0.0,0.0,2021-22
1630233,Nathan Knight,MIN,37,7.2,3.7,2.3,0.6,0.2,0.2,0.5,0.511,0.308,0.733,2021-22
1629675,Naz Reid,MIN,77,15.8,8.3,3.9,0.9,0.5,0.9,1.1,0.489,0.343,0.765,2021-22
1629674,Neemias Queta,SAC,15,8.0,3.0,2.1,0.4,0.1,0.5,0.4,0.447,0.0,0.647,2021-22
202357,Nemanja Bjelica,GSW,71,16.1,6.1,4.1,2.2,0.6,0.4,1.2,0.468,0.362,0.728,2021-22
203457,Nerlens Noel,NYK,25,22.5,3.4,5.6,0.9,1.2,1.2,0.8,0.533,0.0,0.7,2021-22
1629651,Nic Claxton,BKN,47,20.7,8.7,5.6,0.9,0.5,1.1,0.8,0.674,0.0,0.581,2021-22
1630208,Nick Richards,CHA,50,7.3,3.0,1.7,0.3,0.2,0.4,0.5,0.667,0.0,0.698,2021-22
1629638,Nickeil Alexander-Walker,UTA,65,22.6,10.6,2.9,2.4,0.7,0.4,1.4,0.372,0.311,0.743,2021-22
201587,Nicolas Batum,LAC,59,24.8,8.3,4.3,1.7,1.0,0.7,0.7,0.463,0.4,0.658,2021-22
203917,Nik Stauskas,BOS,8,4.8,2.3,0.4,0.3,0.0,0.0,0.1,0.357,0.4,0.667,2021-22
203999,Nikola Jokić,DEN,74,33.5,27.1,13.8,7.9,1.5,0.9,3.8,0.583,0.337,0.81,2021-22
202696,Nikola Vučević,CHI,73,33.1,17.6,11.0,3.2,1.0,1.0,1.9,0.473,0.314,0.76,2021-22
1626181,Norman Powell,LAC,45,32.4,19.0,3.2,2.1,0.9,0.5,1.5,0.461,0.419,0.811,2021-22
203658,Norvel Pelle,UTA,3,6.3,2.0,2.0,0.0,0.0,0.3,0.7,0.6,0.0,0.0,2021-22
1628384,OG Anunoby,TOR,48,36.0,17.1,5.5,2.6,1.5,0.5,1.7,0.443,0.363,0.754,2021-22
1630167,Obi Toppin,NYK,72,17.1,9.0,3.7,1.1,0.3,0.5,0.8,0.531,0.308,0.758,2021-22
1630846,Olivier Sarr,OKC,22,19.1,7.0,4.2,0.9,0.3,0.7,1.0,0.574,0.448,0.828,2021-22
1630209,Omer Yurtseven,MIA,56,12.6,5.3,5.3,0.9,0.3,0.4,0.7,0.526,0.091,0.623,2021-22
1630168,Onyeka Okongwu,ATL,48,20.7,8.2,5.9,1.1,0.6,1.3,0.9,0.69,0.0,0.727,2021-22
1629052,Oshae Brissett,IND,67,23.3,9.1,5.3,1.1,0.7,0.4,0.8,0.411,0.35,0.695,2021-22
203490,Otto Porter Jr.,GSW,63,22.2,8.2,5.7,1.5,1.1,0.5,0.6,0.464,0.37,0.803,2021-22
200782,P.J. Tucker,MIA,71,27.9,7.6,5.5,2.1,0.8,0.2,0.9,0.484,0.415,0.738,2021-22
1629023,P.J. Washington,CHA,65,27.2,10.3,5.2,2.3,0.9,0.9,1.3,0.47,0.365,0.716,2021-22
1628408,PJ Dozier,DEN,18,18.9,5.4,3.5,1.6,0.6,0.3,0.7,0.364,0.313,0.769,2021-22
1628238,Paris Bass,PHX,2,3.7,3.0,2.0,0.0,0.5,0.0,1.0,0.333,0.0,1.0,2021-22
1627783,Pascal Siakam,TOR,68,37.9,22.8,8.5,5.3,1.3,0.6,2.7,0.494,0.344,0.749,2021-22
1626192,Pat Connaughton,MIL,65,26.0,9.9,4.2,1.3,0.9,0.2,0.5,0.458,0.395,0.833,2021-22
201976,Patrick Beverley,MIN,58,25.4,9.2,4.1,4.6,1.2,0.9,1.3,0.406,0.343,0.722,2021-22
1630172,Patrick Williams,CHI,17,24.8,9.0,4.1,0.9,0.5,0.5,0.9,0.529,0.517,0.732,2021-22
201988,Patty Mills,BKN,81,29.0,11.4,1.9,2.3,0.6,0.2,0.9,0.408,0.4,0.814,2021-22
202331,Paul George,LAC,31,34.8,24.3,6.9,5.7,2.2,0.4,4.1,0.421,0.354,0.858,2021-22
200794,Paul Millsap,PHI,33,11.4,3.5,3.5,0.9,0.3,0.4,0.6,0.391,0.229,0.708,2021-22
1630194,Paul Reed,PHI,38,8.0,3.1,2.4,0.4,0.9,0.4,0.3,0.563,0.25,0.429,2021-22
1628778,Paul Watson,OKC,9,17.4,3.4,3.0,0.9,0.3,0.3,0.4,0.343,0.231,0.5,2021-22
1630202,Payton Pritchard,BOS,71,14.1,6.2,1.9,2.0,0.4,0.1,0.6,0.429,0.412,1.0,2021-22
1627822,Petr Cornelie,DEN,13,2.9,1.1,1.1,0.2,0.1,0.1,0.3,0.333,0.125,0.75,2021-22
1630173,Precious Achiuwa,TOR,73,23.6,9.1,6.5,1.1,0.5,0.6,1.2,0.439,0.359,0.595,2021-22
1629656,Quentin Grimes,NYK,46,17.1,6.0,2.0,1.0,0.7,0.2,0.6,0.404,0.381,0.684,2021-22
1629683,Quinndary Weatherspoon,GSW,11,6.7,2.7,1.3,0.5,0.1,0.1,0.3,0.571,0.2,1.0,2021-22
1630181,R.J. Hampton,ORL,64,21.9,7.6,3.0,2.5,0.7,0.2,1.4,0.383,0.35,0.641,2021-22
1629628,RJ Barrett,NYK,70,34.5,20.0,5.8,3.0,0.6,0.2,2.2,0.408,0.342,0.714,2021-22
200765,Rajon Rondo,CLE,39,17.9,4.8,2.8,4.4,0.8,0.2,1.7,0.386,0.352,0.731,2021-22
203526,Raul Neto,WAS,70,19.6,7.5,1.9,3.1,0.8,0.0,1.1,0.463,0.292,0.769,2021-22
1629730,Rayjon Tucker,MIL,5,14.2,4.2,1.6,2.0,0.8,0.0,0.2,0.667,0.8,0.714,2021-22
203493,Reggie Bullock Jr.,DAL,68,28.0,8.6,3.5,1.2,0.6,0.2,0.6,0.401,0.36,0.833,2021-22
202704,Reggie Jackson,LAC,75,31.2,16.8,3.6,4.8,0.7,0.2,2.3,0.392,0.326,0.847,2021-22
1629617,Reggie Perry,POR,10,18.7,9.2,4.7,1.2,0.9,0.6,1.1,0.506,0.188,0.6,2021-22
1626158,Richaun Holmes,SAC,45,23.9,10.4,7.0,1.1,0.4,0.9,1.2,0.66,0.4,0.778,2021-22
201937,Ricky Rubio,IND,34,28.5,13.1,4.1,6.6,1.4,0.2,2.6,0.363,0.339,0.854,2021-22
1630306,Rob Edwards,OKC,2,5.4,1.5,1.5,0.0,0.0,0.0,0.5,0.25,0.25,0.0,2021-22
203496,Robert Covington,LAC,71,27.3,8.5,5.5,1.3,1.5,1.3,1.1,0.42,0.378,0.841,2021-22
1629057,Robert Williams III,BOS,61,29.6,10.0,9.6,2.0,0.9,2.2,1.0,0.736,0.0,0.722,2021-22
1630218,Robert Woodard II,SAS,12,3.5,0.6,0.9,0.3,0.1,0.1,0.1,0.125,0.25,1.0,2021-22
201577,Robin Lopez,ORL,36,17.0,7.1,3.5,1.5,0.1,0.5,1.2,0.553,0.333,0.593,2021-22
203918,Rodney Hood,LAC,52,13.6,3.1,1.5,0.7,0.3,0.1,0.2,0.369,0.33,0.895,2021-22
203585,Rodney McGruder,DET,51,14.8,5.4,2.2,0.9,0.4,0.1,0.5,0.436,0.397,0.731,2021-22
1629641,Romeo Langford,SAS,48,16.1,4.5,2.3,0.4,0.5,0.3,0.3,0.435,0.341,0.548,2021-22
1626220,Royce O'Neale,UTA,77,31.2,7.4,4.8,2.5,1.1,0.4,1.0,0.457,0.389,0.804,2021-22
1630612,Ruben Nembhard Jr.,CLE,14,4.5,1.1,0.5,0.9,0.1,0.0,0.2,0.333,0.0,0.75,2021-22
200752,Rudy Gay,UTA,55,18.9,8.1,4.4,1.0,0.5,0.3,0.9,0.414,0.345,0.785,2021-22
203497,Rudy Gobert,UTA,66,32.1,15.6,14.7,1.1,0.7,2.1,1.8,0.713,0.0,0.69,2021-22
1629060,Rui Hachimura,WAS,42,22.5,11.3,3.8,1.1,0.5,0.2,0.8,0.491,0.447,0.697,2021-22
201566,Russell Westbrook,LAL,78,34.3,18.5,7.4,7.1,1.0,0.3,3.8,0.444,0.298,0.667,2021-22
1627853,Ryan Arcidiacono,NYK,10,7.6,1.6,0.8,0.4,0.1,0.0,0.3,0.5,0.444,0.0,2021-22
1630240,Saben Lee,DET,37,16.3,5.6,2.4,2.9,1.0,0.3,1.0,0.39,0.233,0.789,2021-22
1630180,Saddiq Bey,DET,82,33.0,16.1,5.4,2.8,0.9,0.2,1.2,0.396,0.346,0.827,2021-22
1626155,Sam Dekker,TOR,1,0.9,0.0,0.0,0.0,0.0,0.0,0.0,0.0,0.0,0.0,2021-22
1630573,Sam Hauser,BOS,26,6.1,2.5,1.1,0.4,0.0,0.1,0.1,0.46,0.432,0.0,2021-22
1630241,Sam Merrill,MEM,6,9.6,4.2,1.2,0.7,0.0,0.0,0.3,0.333,0.304,0.5,2021-22
1630572,Sandro Mamukelashvili,MIL,41,9.9,3.8,2.0,0.5,0.2,0.2,0.4,0.496,0.423,0.818,2021-22
1630583,Santi Aldama,MEM,32,11.2,4.1,2.7,0.7,0.2,0.3,0.5,0.402,0.125,0.625,2021-22
1630567,Scottie Barnes,TOR,74,35.4,15.3,7.5,3.5,1.1,0.7,1.8,0.492,0.301,0.735,2021-22
1630575,Scottie Lewis,CHA,2,3.3,0.5,0.0,0.5,0.5,0.0,0.0,0.0,0.0,0.5,2021-22
203816,Scotty Hopson,OKC,1,17.7,4.0,1.0,1.0,0.0,0.0,2.0,0.5,0.0,0.0,2021-22
1629635,Sekou Doumbouya,LAL,2,8.2,7.0,3.0,0.0,1.5,1.0,1.0,0.625,0.5,0.75,2021-22
1628400,Semi Ojeleye,LAC,30,13.5,3.3,2.5,0.3,0.2,0.2,0.3,0.303,0.3,0.793,2021-22
201586,Serge Ibaka,MIL,54,16.3,6.8,4.6,0.9,0.2,0.6,0.8,0.5,0.374,0.727,2021-22
203552,Seth Curry,BKN,64,33.3,15.0,3.1,3.6,0.8,0.2,1.7,0.487,0.422,0.872,2021-22
1628983,Shai Gilgeous-Alexander,OKC,56,34.7,24.5,5.0,5.9,1.3,0.8,2.8,0.453,0.3,0.81,2021-22
1629003,Shake Milton,PHI,55,21.4,8.2,2.6,2.5,0.5,0.3,0.8,0.429,0.323,0.836,2021-22
1629783,Shaq Buchanan,MEM,2,4.9,1.0,1.0,1.0,0.5,0.0,1.0,0.25,0.0,0.0,2021-22
1627885,Shaquille Harrison,BKN,2,11.3,2.0,2.0,1.5,0.5,0.5,1.0,0.333,0.0,0.0,2021-22
1630536,Sharife Cooper,ATL,13,3.0,0.5,0.4,0.4,0.0,0.0,0.4,0.214,0.167,0.0,2021-22
1630219,Skylar Mays,ATL,28,7.9,2.9,0.9,0.6,0.3,0.0,0.4,0.5,0.32,0.889,2021-22
203524,Solomon Hill,ATL,13,10.7,0.6,1.8,0.9,0.3,0.2,0.1,0.15,0.154,0.0,2021-22
203915,Spencer Dinwiddie,DAL,67,29.6,13.7,4.2,5.2,0.7,0.2,1.6,0.416,0.339,0.774,2021-22
1626169,Stanley Johnson,LAL,48,22.8,6.7,3.2,1.7,0.9,0.3,0.7,0.466,0.314,0.716,2021-22
201939,Stephen Curry,GSW,64,34.5,25.5,5.2,6.3,1.3,0.4,3.2,0.437,0.38,0.923,2021-22
1628425,Sterling Brown,DAL,49,12.8,3.3,3.0,0.7,0.3,0.1,0.5,0.381,0.304,0.933,2021-22
203500,Steven Adams,MEM,76,26.3,6.9,10.0,3.4,0.9,0.8,1.5,0.547,0.0,0.543,2021-22
1629004,Svi Mykhailiuk,TOR,56,12.8,4.6,1.6,0.8,0.5,0.1,0.6,0.389,0.306,0.865,2021-22
204456,T.J. McConnell,IND,27,24.2,8.5,3.3,4.9,1.1,0.4,1.1,0.481,0.303,0.826,2021-22
1629605,Tacko Fall,CLE,11,5.3,1.1,2.1,0.2,0.0,0.5,0.3,0.417,0.0,0.286,2021-22
201959,Taj Gibson,NYK,52,18.2,4.4,4.4,0.6,0.4,0.8,0.5,0.518,0.395,0.808,2021-22
1629659,Talen Horton-Tucker,LAL,60,25.2,10.0,3.2,2.7,1.0,0.5,1.4,0.416,0.269,0.8,2021-22
1627752,Taurean Prince,MIN,69,17.1,7.3,2.5,1.0,0.7,0.3,0.8,0.454,0.376,0.756,2021-22
1629611,Terance Mann,LAC,81,28.6,10.8,5.2,2.6,0.7,0.3,1.0,0.484,0.365,0.78,2021-22
1629056,Terence Davis,SAC,30,17.9,10.4,3.1,1.3,0.8,0.4,1.1,0.423,0.329,0.818,2021-22
203082,Terrence Ross,ORL,63,23.0,10.0,2.6,1.8,0.4,0.2,1.2,0.397,0.292,0.862,2021-22
1626179,Terry Rozier,CHA,73,33.7,19.3,4.3,4.5,1.3,0.3,1.3,0.444,0.374,0.852,2021-22
1630678,Terry Taylor,IND,33,21.6,9.6,5.2,1.2,0.4,0.2,0.7,0.614,0.316,0.706,2021-22
201152,Thaddeus Young,TOR,52,16.3,6.2,4.0,2.0,1.0,0.3,1.0,0.518,0.354,0.469,2021-22
203648,Thanasis Antetokounmpo,MIL,48,9.9,3.6,2.1,0.5,0.3,0.3,0.5,0.547,0.143,0.63,2021-22
1630177,Theo Maledon,OKC,51,17.8,7.1,2.6,2.2,0.6,0.2,1.3,0.375,0.293,0.79,2021-22
1629033,Theo Pinson,DAL,19,7.8,2.5,1.1,0.9,0.3,0.1,0.3,0.359,0.333,1.0,2021-22
1628418,Thomas Bryant,WAS,27,16.3,7.4,4.0,0.9,0.2,0.8,0.7,0.52,0.286,0.875,2021-22
204025,Tim Frazier,CLE,12,17.3,3.3,1.6,2.8,0.3,0.1,1.3,0.311,0.353,0.556,2021-22
203501,Tim Hardaway Jr.,DAL,42,29.6,14.2,3.7,2.2,0.9,0.1,0.8,0.394,0.336,0.757,2021-22
1627789,Timothe Luwawu-Cabarrot,ATL,52,13.2,4.4,1.6,0.8,0.3,0.1,0.4,0.398,0.361,0.854,2021-22
202699,Tobias Harris,PHI,73,34.8,17.2,6.8,3.5,0.6,0.6,1.6,0.482,0.367,0.842,2021-22
203107,Tomas Satoransky,WAS,55,16.5,3.6,2.3,3.3,0.5,0.1,0.8,0.377,0.208,0.796,2021-22
1628396,Tony Bradley,CHI,55,10.0,3.0,3.4,0.5,0.2,0.6,0.6,0.585,0.0,0.655,2021-22
203503,Tony Snell,NOP,53,15.5,3.5,1.9,0.5,0.3,0.2,0.4,0.404,0.352,1.0,2021-22
1628470,Torrey Craig,PHX,78,20.5,6.6,4.0,1.2,0.6,0.5,0.9,0.454,0.329,0.75,2021-22
1629027,Trae Young,ATL,76,34.9,28.4,3.7,9.7,0.9,0.1,4.0,0.46,0.382,0.904,2021-22
1629309,Trayvon Palmer,DET,1,16.8,0.0,2.0,0.0,0.0,0.0,1.0,0.0,0.0,0.0,2021-22
1630200,Tre Jones,SAS,69,16.6,6.0,2.2,3.4,0.6,0.1,0.7,0.49,0.196,0.78,2021-22
1630544,Tre Mann,OKC,60,22.8,10.4,2.9,1.5,0.8,0.2,1.2,0.393,0.36,0.793,2021-22
1629682,Tremont Waters,WAS,3,16.8,3.3,1.3,2.3,1.7,0.0,1.3,0.286,0.222,0.0,2021-22
1630570,Trendon Watford,POR,48,18.1,7.6,4.1,1.7,0.5,0.6,0.9,0.532,0.237,0.755,2021-22
1630235,Trent Forrest,UTA,60,12.8,3.3,1.7,1.8,0.5,0.1,0.8,0.49,0.185,0.792,2021-22
1630243,Trevelin Queen,HOU,10,7.4,4.3,1.6,0.4,0.5,0.1,0.7,0.455,0.375,1.0,2021-22
1630286,Trevon Scott,CLE,2,5.7,3.0,1.0,0.0,0.5,0.5,0.0,0.5,0.0,0.0,2021-22
2772,Trevor Ariza,LAL,24,19.3,4.0,3.4,1.1,0.5,0.3,0.5,0.333,0.27,0.556,2021-22
203504,Trey Burke,DAL,42,10.5,5.1,0.8,1.4,0.3,0.0,0.6,0.391,0.317,0.87,2021-22
1626168,Trey Lyles,SAC,75,20.5,10.5,5.1,1.2,0.4,0.4,1.0,0.466,0.321,0.802,2021-22
1630530,Trey Murphy III,NOP,62,13.9,5.4,2.4,0.6,0.4,0.1,0.3,0.394,0.382,0.882,2021-22
202684,Tristan Thompson,CHI,57,15.7,6.0,5.1,0.6,0.4,0.4,0.8,0.528,0.333,0.526,2021-22
1628972,Troy Brown Jr.,CHI,66,16.0,4.3,3.1,1.0,0.5,0.1,0.4,0.419,0.353,0.769,2021-22
1629660,Ty Jerome,OKC,48,16.7,7.1,1.6,2.3,0.6,0.1,0.8,0.378,0.29,0.809,2021-22
1629076,Tyler Cook,CHI,20,10.0,3.4,2.7,0.2,0.2,0.2,0.4,0.605,0.0,0.656,2021-22
1629788,Tyler Hall,NYK,1,1.9,0.0,0.0,0.0,0.0,0.0,0.0,0.0,0.0,0.0,2021-22
1629639,Tyler Herro,MIA,66,32.6,20.7,5.0,4.0,0.7,0.1,2.6,0.447,0.399,0.868,2021-22
204020,Tyler Johnson,SAS,6,15.2,2.8,2.0,1.2,0.5,0.5,0.3,0.3,0.385,0.0,2021-22
1630179,Tyrell Terry,MEM,2,1.5,1.0,0.0,0.0,0.0,0.0,0.0,1.0,0.0,0.0,2021-22
1630169,Tyrese Haliburton,IND,77,35.0,15.3,4.0,8.2,1.7,0.6,2.6,0.473,0.414,0.842,2021-22
1630178,Tyrese Maxey,PHI,75,35.3,17.5,3.2,4.3,0.7,0.4,1.2,0.485,0.427,0.866,2021-22
1627820,Tyrone Wallace,NOP,6,12.5,2.8,1.3,0.2,0.5,0.2,0.3,0.35,0.25,0.2,2021-22
1626145,Tyus Jones,MEM,73,21.2,8.7,2.4,4.4,0.9,0.0,0.6,0.451,0.39,0.818,2021-22
1628962,Udoka Azubuike,UTA,17,11.5,4.7,4.2,0.0,0.1,0.6,0.7,0.755,0.0,0.545,2021-22
2617,Udonis Haslem,MIA,13,6.4,2.5,1.9,0.3,0.1,0.1,0.4,0.452,0.25,1.0,2021-22
1630586,Usman Garuba,HOU,24,10.0,2.0,3.5,0.7,0.4,0.5,0.3,0.432,0.25,0.714,2021-22
1630176,Vernon Carey Jr.,WAS,7,6.3,2.9,1.7,0.0,0.3,0.1,0.4,0.538,0.0,0.462,2021-22
203506,Victor Oladipo,MIA,8,21.6,12.4,2.9,3.5,0.6,0.1,2.0,0.479,0.417,0.737,2021-22
1628427,Vlatko Čančar,DEN,15,11.8,4.1,2.1,1.1,0.1,0.2,0.6,0.561,0.583,0.643,2021-22
1630249,Vít Krejčí,OKC,30,23.0,6.2,3.4,1.9,0.6,0.3,1.0,0.407,0.327,0.864,2021-22
201961,Wayne Ellington,LAL,43,18.8,6.7,1.8,0.7,0.5,0.1,0.4,0.414,0.389,0.818,2021-22
1627782,Wayne Selden,NYK,3,6.4,1.7,0.3,0.3,0.0,0.0,0.0,0.25,0.5,0.5,2021-22
1628976,Wendell Carter Jr.,ORL,62,29.9,15.0,10.5,2.8,0.6,0.7,1.9,0.525,0.327,0.691,2021-22
1629117,Wenyen Gabriel,LAL,26,13.8,5.4,3.7,0.5,0.2,0.4,0.6,0.491,0.286,0.595,2021-22
1628411,Wes Iwundu,ATL,3,27.4,7.3,4.3,0.0,0.3,0.0,0.3,0.444,0.6,0.75,2021-22
202083,Wesley Matthews,MIL,49,20.5,5.1,1.9,0.7,0.5,0.2,0.4,0.395,0.338,0.786,2021-22
203115,Will Barton,DEN,71,32.1,14.7,4.8,3.9,0.8,0.4,1.8,0.438,0.365,0.803,2021-22
1626161,Willie Cauley-Stein,PHI,20,9.1,1.7,2.0,0.5,0.3,0.2,0.4,0.457,0.5,0.5,2021-22
1626195,Willy Hernangomez,NOP,50,16.8,9.1,6.8,1.3,0.4,0.4,1.0,0.52,0.333,0.773,2021-22
1629875,Xavier Moon,LAC,10,13.7,5.8,1.4,2.4,0.7,0.3,0.6,0.49,0.357,0.6,2021-22
1630270,Xavier Sneed,UTA,9,4.3,0.6,0.7,0.1,0.0,0.0,0.0,0.2,0.125,0.0,2021-22
1630214,Xavier Tillman,MEM,53,13.2,4.8,3.0,1.2,0.9,0.3,0.6,0.454,0.204,0.648,2021-22
1629139,Yuta Watanabe,TOR,38,11.7,4.3,2.4,0.6,0.3,0.4,0.5,0.406,0.342,0.6,2021-22
1630582,Yves Pons,MEM,12,5.9,1.1,1.0,0.1,0.1,0.3,0.1,0.313,0.333,0.0,2021-22
1628380,Zach Collins,SAS,28,17.9,7.8,5.5,2.2,0.5,0.8,1.6,0.49,0.341,0.8,2021-22
203897,Zach LaVine,CHI,67,34.7,24.4,4.6,4.5,0.6,0.3,2.6,0.476,0.389,0.853,2021-22
1630285,Zavier Simpson,OKC,4,43.5,11.0,5.3,7.5,1.3,1.0,2.5,0.365,0.125,1.0,2021-22
1630192,Zeke Nnaji,DEN,41,17.0,6.6,3.6,0.4,0.4,0.3,0.6,0.516,0.463,0.631,2021-22
1630533,Ziaire Williams,MEM,62,21.7,8.1,2.1,1.0,0.6,0.2,0.7,0.45,0.314,0.782,2021-22
1629597,Zylan Cheatham,UTA,1,5.2,0.0,0.0,0.0,0.0,0.0,0.0,0.0,0.0,0.0,2021-22
1630639,A.J. Lawson,DAL,15,7.2,3.7,1.4,0.1,0.1,0.0,0.2,0.5,0.4,0.25,2022-23
1631260,AJ Green,MIL,35,9.9,4.4,1.3,0.6,0.2,0.0,0.3,0.424,0.419,1.0,2022-23
1631100,AJ Griffin,ATL,72,19.5,8.9,2.1,1.0,0.6,0.2,0.6,0.465,0.39,0.894,2022-23
203932,Aaron Gordon,DEN,68,30.2,16.3,6.6,3.0,0.8,0.8,1.4,0.564,0.347,0.608,2022-23
1628988,Aaron Holiday,ATL,63,13.4,3.9,1.2,1.4,0.6,0.2,0.6,0.418,0.409,0.844,2022-23
1630174,Aaron Nesmith,IND,73,24.9,10.1,3.8,1.3,0.8,0.5,1.0,0.427,0.366,0.838,2022-23
1630598,Aaron Wiggins,OKC,70,18.5,6.8,3.0,1.1,0.6,0.2,0.8,0.512,0.393,0.831,2022-23
1629678,Admiral Schofield,ORL,37,12.2,4.2,1.7,0.8,0.2,0.1,0.4,0.451,0.324,0.913,2022-23
201143,Al Horford,BOS,63,30.5,9.8,6.2,3.0,0.5,1.0,0.6,0.476,0.446,0.714,2022-23
202692,Alec Burks,DET,51,22.0,12.8,3.1,2.2,0.7,0.2,1.1,0.436,0.414,0.814,2022-23
1630197,Aleksej Pokusevski,OKC,34,20.6,8.1,4.7,1.9,0.6,1.3,1.3,0.434,0.365,0.629,2022-23
1627936,Alex Caruso,CHI,67,23.5,5.6,2.9,2.9,1.5,0.7,1.1,0.455,0.364,0.808,2022-23
203458,Alex Len,SAC,26,6.2,1.7,2.3,0.5,0.2,0.4,0.6,0.533,0.0,0.688,2022-23
1628993,Alize Johnson,SAS,4,7.4,1.8,2.5,0.3,0.3,0.0,1.0,0.5,0.0,0.5,2022-23
1631214,Alondes Williams,BKN,1,5.3,0.0,1.0,0.0,0.0,0.0,2.0,0.0,0.0,0.0,2022-23
1630578,Alperen Sengun,HOU,75,28.9,14.8,9.0,3.9,0.9,0.9,2.6,0.553,0.333,0.715,2022-23
1629599,Amir Coffey,LAC,50,12.5,3.4,1.1,1.1,0.1,0.1,0.4,0.386,0.275,0.778,2022-23
203083,Andre Drummond,CHI,67,12.7,6.0,6.6,0.5,0.7,0.4,1.1,0.606,0.0,0.536,2022-23
2738,Andre Iguodala,GSW,8,14.1,2.1,2.1,2.4,0.5,0.4,1.1,0.467,0.111,0.667,2022-23
1629614,Andrew Nembhard,IND,75,27.6,9.5,2.7,4.5,0.9,0.2,1.7,0.441,0.35,0.79,2022-23
203952,Andrew Wiggins,GSW,37,32.2,17.1,5.0,2.3,1.2,0.8,1.3,0.473,0.396,0.611,2022-23
1629014,Anfernee Simons,POR,62,35.0,21.1,2.6,4.1,0.7,0.2,2.1,0.447,0.377,0.894,2022-23
203076,Anthony Davis,LAL,56,34.0,25.9,12.5,2.6,1.1,2.0,2.2,0.563,0.257,0.784,2022-23
1630162,Anthony Edwards,MIN,79,36.0,24.6,5.8,4.4,1.6,0.7,3.3,0.459,0.369,0.756,2022-23
1630264,Anthony Gill,WAS,59,10.6,3.3,1.7,0.6,0.1,0.2,0.3,0.538,0.138,0.731,2022-23
1630237,Anthony Lamb,GSW,62,19.3,6.7,3.5,1.5,0.5,0.3,0.9,0.471,0.367,0.767,2022-23
1630559,Austin Reaves,LAL,64,28.8,13.0,3.0,3.4,0.5,0.3,1.5,0.529,0.398,0.864,2022-23
203085,Austin Rivers,MIN,52,19.5,4.9,1.6,1.4,0.5,0.1,0.4,0.435,0.35,0.769,2022-23
1630245,Ayo Dosunmu,CHI,80,26.2,8.6,2.8,2.6,0.8,0.3,1.2,0.493,0.312,0.805,2022-23
1628389,Bam Adebayo,MIA,75,34.6,20.4,9.2,3.2,1.2,0.8,2.5,0.54,0.083,0.806,2022-23
1627732,Ben Simmons,BKN,42,26.3,6.9,6.3,6.1,1.3,0.6,2.3,0.566,0.0,0.439,2022-23
1631097,Bennedict Mathurin,IND,78,28.5,16.7,4.1,1.5,0.6,0.2,1.9,0.434,0.323,0.828,2022-23
202687,Bismack Biyombo,PHX,61,14.3,4.3,4.3,0.9,0.3,1.4,0.8,0.578,0.0,0.357,2022-23
201933,Blake Griffin,BOS,41,13.9,4.1,3.8,1.5,0.3,0.2,0.5,0.485,0.348,0.656,2022-23
1631104,Blake Wesley,SAS,37,18.1,5.0,2.2,2.6,0.7,0.1,1.8,0.321,0.385,0.591,2022-23
1626246,Boban Marjanovic,HOU,31,5.5,3.3,1.9,0.3,0.2,0.1,0.5,0.683,0.0,0.741,2022-23
1626171,Bobby Portis,MIL,70,26.0,14.1,9.6,1.5,0.4,0.2,1.2,0.496,0.37,0.768,2022-23
203992,Bogdan Bogdanović,ATL,54,27.9,14.0,3.1,2.8,0.8,0.3,1.2,0.447,0.406,0.831,2022-23
202711,Bojan Bogdanovic,DET,59,32.1,21.6,3.8,2.6,0.6,0.1,2.3,0.488,0.411,0.884,2022-23
1629626,Bol Bol,ORL,70,21.5,9.1,5.8,1.0,0.4,1.2,1.6,0.546,0.265,0.759,2022-23
1630538,Bones Hyland,LAC,56,19.4,11.8,2.4,3.1,0.7,0.3,1.5,0.399,0.371,0.843,2022-23
203078,Bradley Beal,WAS,50,33.5,23.2,3.9,5.4,0.9,0.7,2.9,0.506,0.365,0.842,2022-23
1630527,Brandon Boston,LAC,22,11.3,6.5,1.4,0.9,0.4,0.0,0.5,0.418,0.414,0.763,2022-23
1629634,Brandon Clarke,MEM,56,19.5,10.0,5.5,1.3,0.6,0.7,1.0,0.656,0.167,0.719,2022-23
1627742,Brandon Ingram,NOP,45,34.2,24.7,5.5,5.8,0.7,0.4,3.3,0.484,0.39,0.882,2022-23
1630296,Braxton Key,DET,3,3.0,1.3,0.3,0.0,0.0,0.0,0.0,1.0,0.0,1.0,2022-23
201572,Brook Lopez,MIL,78,30.4,15.9,6.7,1.3,0.5,2.5,1.4,0.531,0.374,0.784,2022-23
1628971,Bruce Brown,DEN,80,28.5,11.5,4.1,3.4,1.1,0.6,1.5,0.483,0.358,0.758,2022-23
1628981,Bruno Fernando,ATL,39,10.4,3.9,3.5,0.8,0.2,0.9,0.6,0.527,0.0,0.7,2022-23
1631121,Bryce McGowens,CHA,46,17.1,5.3,2.0,1.2,0.3,0.1,0.9,0.396,0.325,0.75,2022-23
1627854,Bryn Forbes,MIN,25,10.7,3.6,0.6,0.7,0.3,0.1,0.5,0.361,0.304,1.0,2022-23
1631205,Buddy Boeheim,DET,10,9.0,1.6,0.6,0.4,0.2,0.0,0.0,0.185,0.16,1.0,2022-23
1627741,Buddy Hield,IND,80,31.0,16.8,5.0,2.8,1.2,0.3,1.7,0.458,0.425,0.822,2022-23
203468,CJ McCollum,NOP,75,35.3,20.9,4.4,5.7,0.9,0.5,2.4,0.437,0.389,0.769,2022-23
1630595,Cade Cunningham,DET,12,33.3,19.9,6.2,6.0,0.8,0.6,3.3,0.415,0.279,0.837,2022-23
1631216,Caleb Houstan,ORL,51,15.9,3.8,1.9,0.6,0.2,0.1,0.4,0.363,0.338,0.833,2022-23
1628997,Caleb Martin,MIA,71,29.3,9.6,4.8,1.6,1.0,0.4,1.1,0.464,0.356,0.805,2022-23
1629629,Cam Reddish,POR,40,24.7,9.7,2.2,1.4,1.0,0.4,1.2,0.446,0.313,0.853,2022-23
1630560,Cam Thomas,BKN,57,16.6,10.6,1.7,1.4,0.4,0.1,1.1,0.441,0.383,0.868,2022-23
1629661,Cameron Johnson,BKN,42,28.6,15.5,4.4,1.9,1.2,0.3,0.9,0.47,0.404,0.842,2022-23
1626166,Cameron Payne,PHX,48,20.2,10.3,2.2,4.5,0.7,0.2,1.7,0.415,0.368,0.766,2022-23
1627747,Caris LeVert,CLE,74,30.2,12.1,3.8,3.9,1.0,0.3,1.6,0.431,0.392,0.722,2022-23
1630637,Carlik Jones,CHI,7,8.0,2.9,0.7,0.9,0.3,0.0,0.3,0.4,0.5,0.625,2022-23
1626224,Cedi Osman,CLE,77,20.1,8.7,2.3,1.5,0.5,0.1,0.7,0.451,0.372,0.694,2022-23
1628435,Chance Comanche,POR,1,20.8,7.0,3.0,0.0,0.0,1.0,0.0,0.6,0.0,0.25,2022-23
1629646,Charles Bassey,SAS,35,14.5,5.7,5.5,1.4,0.5,0.9,1.2,0.644,0.375,0.595,2022-23
1631320,Chima Moneke,SAC,2,4.0,1.0,1.0,0.5,0.0,0.0,1.0,0.5,0.0,0.0,2022-23
1629002,Chimezie Metu,SAC,66,10.4,4.9,3.0,0.6,0.3,0.3,0.5,0.589,0.237,0.74,2022-23
1628449,Chris Boucher,TOR,76,20.0,9.4,5.5,0.4,0.6,0.8,0.5,0.493,0.328,0.762,2022-23
1630537,Chris Duarte,IND,46,19.5,7.9,2.5,1.4,0.5,0.2,0.9,0.369,0.316,0.847,2022-23
101108,Chris Paul,PHX,59,32.0,13.9,4.3,8.9,1.5,0.4,1.9,0.44,0.375,0.831,2022-23
1629735,Chris Silva,ATL,1,3.0,2.0,0.0,0.0,0.0,0.0,1.0,1.0,0.0,0.0,2022-23
1631128,Christian Braun,DEN,76,15.5,4.7,2.4,0.8,0.5,0.2,0.5,0.495,0.354,0.625,2022-23
1631132,Christian Koloko,TOR,58,13.8,3.1,2.9,0.5,0.4,1.0,0.3,0.48,0.083,0.627,2022-23
1626174,Christian Wood,DAL,67,25.9,16.6,7.3,1.8,0.4,1.1,1.8,0.515,0.376,0.772,2022-23
1629643,Chuma Okeke,ORL,27,19.2,4.7,3.6,1.4,0.7,0.4,0.6,0.352,0.302,0.762,2022-23
203991,Clint Capela,ATL,65,26.6,12.0,11.0,0.9,0.7,1.2,0.8,0.653,0.0,0.603,2022-23
1629632,Coby White,CHI,74,23.4,9.7,2.9,2.8,0.7,0.1,1.0,0.443,0.372,0.871,2022-23
1628998,Cody Martin,CHA,7,19.1,5.0,3.4,1.6,0.6,0.1,0.3,0.389,0.214,0.571,2022-23
203469,Cody Zeller,MIA,15,14.4,6.5,4.3,0.7,0.2,0.3,0.9,0.627,0.0,0.686,2022-23
1630175,Cole Anthony,ORL,60,25.9,13.0,4.8,3.9,0.6,0.5,1.5,0.454,0.364,0.894,2022-23
1631306,Cole Swider,LAL,7,5.9,1.3,1.0,0.6,0.0,0.0,0.0,0.333,0.375,0.0,2022-23
1629012,Collin Sexton,UTA,48,23.9,14.3,2.2,2.9,0.6,0.1,1.8,0.506,0.393,0.819,2022-23
1630557,Corey Kispert,WAS,74,28.3,11.1,2.8,1.2,0.4,0.1,0.7,0.497,0.424,0.852,2022-23
202709,Cory Joseph,DET,62,19.8,6.9,1.7,3.5,0.5,0.1,0.9,0.427,0.389,0.792,2022-23
1626156,D'Angelo Russell,LAL,71,32.5,17.8,3.0,6.2,1.0,0.4,2.6,0.469,0.396,0.829,2022-23
1630227,Daishen Nix,HOU,57,16.0,4.0,1.7,2.3,0.5,0.1,1.5,0.342,0.286,0.667,2022-23
1630625,Dalano Banton,TOR,31,9.0,4.6,1.5,1.2,0.4,0.4,0.6,0.423,0.294,0.708,2022-23
1631207,Dalen Terry,CHI,38,5.6,2.2,1.0,0.6,0.3,0.1,0.2,0.444,0.259,0.667,2022-23
1627745,Damian Jones,UTA,41,11.6,3.5,3.0,0.4,0.2,0.5,0.6,0.64,0.588,0.759,2022-23
203081,Damian Lillard,POR,58,36.3,32.2,4.8,7.3,0.9,0.3,3.3,0.463,0.371,0.914,2022-23
1627814,Damion Lee,PHX,74,20.4,8.2,3.0,1.3,0.4,0.1,1.1,0.442,0.445,0.904,2022-23
1629655,Daniel Gafford,WAS,78,20.6,9.0,5.6,1.1,0.4,1.3,1.1,0.732,0.0,0.679,2022-23
1628464,Daniel Theis,IND,7,15.5,7.0,3.1,1.3,0.3,0.9,0.4,0.477,0.182,0.417,2022-23
201980,Danny Green,CLE,11,12.6,5.5,1.3,0.5,0.5,0.3,0.9,0.449,0.432,1.0,2022-23
1627863,Danuel House Jr.,PHI,56,14.4,4.8,1.7,0.8,0.3,0.2,0.5,0.472,0.336,0.75,2022-23
203967,Dario Saric,OKC,57,14.1,6.4,3.6,1.3,0.4,0.1,1.0,0.458,0.391,0.829,2022-23
1629647,Darius Bazley,PHX,43,14.3,5.2,3.2,0.9,0.5,0.8,0.6,0.454,0.377,0.543,2022-23
1630620,Darius Days,HOU,4,6.2,3.8,1.5,0.3,0.0,0.3,0.0,0.417,0.3,1.0,2022-23
1629636,Darius Garland,CLE,69,35.5,21.6,2.7,7.8,1.2,0.1,2.9,0.462,0.41,0.863,2022-23
1630561,David Duke Jr.,BKN,23,9.9,3.7,1.3,0.9,0.4,0.0,0.8,0.462,0.083,0.706,2022-23
1631223,David Roddy,MEM,70,18.0,6.7,2.8,0.8,0.4,0.3,0.8,0.429,0.307,0.631,2022-23
1630558,Davion Mitchell,SAC,80,18.1,5.6,1.3,2.3,0.6,0.2,0.8,0.454,0.32,0.806,2022-23
202722,Davis Bertans,DAL,45,10.9,4.6,1.2,0.5,0.2,0.2,0.2,0.431,0.39,0.867,2022-23
1628432,Davon Reed,DEN,43,8.0,2.1,1.4,0.5,0.3,0.1,0.5,0.333,0.37,0.667,2022-23
1630549,Day'Ron Sharpe,BKN,48,11.5,4.7,4.2,0.8,0.3,0.7,0.9,0.544,0.545,0.636,2022-23
1628368,De'Aaron Fox,SAC,73,33.4,25.0,4.2,6.1,1.1,0.3,2.5,0.512,0.324,0.78,2022-23
1629631,De'Andre Hunter,ATL,67,31.7,15.4,4.2,1.4,0.5,0.3,1.2,0.461,0.35,0.826,2022-23
1629001,De'Anthony Melton,PHI,77,27.9,10.1,4.1,2.6,1.6,0.5,1.3,0.425,0.39,0.793,2022-23
201599,DeAndre Jordan,DEN,39,15.0,5.1,5.2,0.9,0.3,0.6,1.2,0.765,1.0,0.458,2022-23
201942,DeMar DeRozan,CHI,74,36.2,24.5,4.6,5.1,1.1,0.5,2.1,0.504,0.324,0.872,2022-23
1629731,Dean Wade,CLE,44,20.3,4.7,3.4,0.8,0.6,0.5,0.4,0.412,0.354,0.652,2022-23
1629028,Deandre Ayton,PHX,67,30.4,18.0,10.0,1.7,0.6,0.8,1.8,0.589,0.292,0.76,2022-23
1627749,Dejounte Murray,ATL,74,36.4,20.5,5.3,6.1,1.5,0.3,2.2,0.464,0.344,0.832,2022-23
1626153,Delon Wright,WAS,50,24.4,7.4,3.6,3.9,1.8,0.3,0.9,0.474,0.345,0.867,2022-23
1630166,Deni Avdija,WAS,76,26.6,9.2,6.4,2.8,0.9,0.4,1.6,0.437,0.297,0.739,2022-23
203471,Dennis Schröder,LAL,66,30.1,12.6,2.5,4.5,0.8,0.2,1.7,0.415,0.329,0.857,2022-23
1628372,Dennis Smith Jr.,CHA,54,25.7,8.8,3.1,4.8,1.4,0.5,1.5,0.412,0.216,0.736,2022-23
1629126,Deonte Burton,SAC,2,3.2,0.0,0.0,0.0,0.0,0.0,0.0,0.0,0.0,0.0,2022-23
1631220,Dereon Seabron,NOP,5,2.3,0.8,0.2,0.0,0.0,0.0,0.0,0.4,0.0,0.0,2022-23
1627884,Derrick Jones Jr.,CHI,64,14.0,5.0,2.4,0.5,0.5,0.6,0.4,0.5,0.338,0.738,2022-23
201565,Derrick Rose,NYK,27,12.5,5.6,1.5,1.7,0.3,0.2,0.8,0.384,0.302,0.917,2022-23
1628401,Derrick White,BOS,82,28.3,12.4,3.6,3.9,0.7,0.9,1.2,0.462,0.381,0.875,2022-23
1630217,Desmond Bane,MEM,58,31.7,21.5,5.0,4.4,1.0,0.4,2.2,0.479,0.408,0.883,2022-23
1626164,Devin Booker,PHX,53,34.6,27.8,4.5,5.5,1.0,0.3,2.7,0.494,0.351,0.855,2022-23
1630170,Devin Vassell,SAS,38,31.0,18.5,3.9,3.6,1.1,0.4,1.5,0.439,0.387,0.78,2022-23
1629653,Devon Dotson,WAS,6,8.9,0.5,1.7,1.3,0.8,0.0,0.5,0.1,0.25,0.0,2022-23
1628984,Devonte' Graham,SAS,73,18.3,7.4,1.7,2.7,0.6,0.2,0.7,0.374,0.352,0.748,2022-23
203473,Dewayne Dedmon,PHI,38,11.2,5.2,3.5,0.7,0.2,0.5,0.7,0.51,0.308,0.673,2022-23
1628415,Dillon Brooks,MEM,73,30.3,14.3,3.3,2.6,0.9,0.2,1.4,0.396,0.326,0.779,2022-23
1627734,Domantas Sabonis,SAC,79,34.6,19.1,12.3,7.3,0.8,0.5,2.9,0.615,0.373,0.742,2022-23
1631230,Dominick Barlow,SAS,28,14.6,3.9,3.6,0.9,0.4,0.7,0.5,0.535,0.0,0.72,2022-23
1628378,Donovan Mitchell,CLE,68,35.8,28.3,4.3,4.4,1.5,0.4,2.6,0.484,0.386,0.867,2022-23
1631495,Donovan Williams,ATL,2,2.1,2.0,1.0,0.0,0.0,0.0,0.0,0.4,0.0,0.0,2022-23
1628978,Donte DiVincenzo,GSW,72,26.3,9.4,4.5,3.5,1.3,0.1,1.6,0.435,0.397,0.817,2022-23
1627827,Dorian Finney-Smith,BKN,66,30.4,8.3,4.8,1.5,0.8,0.5,0.9,0.391,0.337,0.763,2022-23
203926,Doug McDermott,SAS,64,20.5,10.2,2.2,1.4,0.2,0.1,0.9,0.457,0.413,0.757,2022-23
203110,Draymond Green,GSW,73,31.5,8.5,7.2,6.8,1.0,0.8,2.8,0.527,0.305,0.713,2022-23
1629234,Drew Eubanks,POR,78,20.3,6.6,5.4,1.3,0.5,1.3,0.9,0.641,0.389,0.664,2022-23
1630696,Dru Smith,BKN,15,10.6,2.9,1.6,1.5,0.7,0.3,0.2,0.4,0.263,1.0,2022-23
1630613,Duane Washington Jr.,NYK,31,12.7,7.9,1.2,2.0,0.2,0.1,1.1,0.367,0.36,0.667,2022-23
1629130,Duncan Robinson,MIA,42,16.4,6.4,1.6,1.1,0.3,0.0,0.7,0.371,0.328,0.906,2022-23
203939,Dwight Powell,DAL,76,19.2,6.7,4.1,0.9,0.6,0.3,0.9,0.732,0.0,0.667,2022-23
1629685,Dylan Windler,CLE,3,3.5,1.7,0.0,0.3,0.3,0.0,0.3,0.667,0.5,0.0,2022-23
1630700,Dyson Daniels,NOP,59,17.7,3.8,3.2,2.3,0.7,0.2,1.0,0.418,0.314,0.65,2022-23
1628410,Edmond Sumner,BKN,53,13.9,7.1,1.5,1.3,0.6,0.2,0.9,0.461,0.356,0.917,2022-23
201569,Eric Gordon,LAC,69,28.5,12.4,1.9,2.7,0.6,0.4,1.5,0.446,0.371,0.821,2022-23
1630647,Eugene Omoruyi,DET,40,16.1,7.0,2.8,0.7,0.7,0.1,0.9,0.443,0.281,0.68,2022-23
203095,Evan Fournier,NYK,27,17.0,6.1,1.8,1.3,0.6,0.1,0.8,0.337,0.307,0.857,2022-23
1630596,Evan Mobley,CLE,79,34.4,16.2,9.0,2.8,0.8,1.5,1.8,0.554,0.216,0.674,2022-23
1630267,Facundo Campazzo,DAL,8,6.5,1.3,0.3,1.1,0.8,0.0,0.4,0.231,0.273,0.5,2022-23
1628402,Frank Jackson,PHX,1,5.1,0.0,2.0,1.0,0.0,0.0,0.0,0.0,0.0,0.0,2022-23
1626163,Frank Kaminsky,HOU,36,6.5,2.5,1.4,0.9,0.2,0.1,0.3,0.492,0.394,0.875,2022-23
1628373,Frank Ntilikina,DAL,47,12.9,2.9,1.3,1.2,0.3,0.1,0.6,0.364,0.254,0.667,2022-23
1630532,Franz Wagner,ORL,80,32.6,18.6,4.1,3.5,1.0,0.2,2.1,0.485,0.361,0.842,2022-23
1627832,Fred VanVleet,TOR,69,36.7,19.3,4.1,7.2,1.8,0.6,2.0,0.393,0.342,0.898,2022-23
1627788,Furkan Korkmaz,PHI,37,9.6,3.8,1.1,0.6,0.3,0.1,0.6,0.432,0.391,0.722,2022-23
1629216,Gabe Vincent,MIA,68,25.9,9.4,2.1,2.5,0.9,0.1,1.4,0.402,0.334,0.872,2022-23
1628221,Gabe York,IND,3,18.6,8.0,2.0,1.7,0.7,0.0,0.0,0.381,0.333,1.0,2022-23
202066,Garrett Temple,NOP,25,6.5,2.0,0.7,0.5,0.4,0.1,0.2,0.4,0.423,0.75,2022-23
1629726,Garrison Mathews,ATL,54,12.7,4.8,1.4,0.5,0.4,0.1,0.4,0.363,0.35,0.906,2022-23
203914,Gary Harris,ORL,48,24.7,8.3,2.0,1.2,0.9,0.3,0.6,0.45,0.431,0.9,2022-23
1627780,Gary Payton II,GSW,22,16.7,4.6,3.1,1.4,1.0,0.2,0.7,0.594,0.5,0.857,2022-23
1629018,Gary Trent Jr.,TOR,66,32.1,17.4,2.6,1.6,1.6,0.2,0.8,0.433,0.369,0.839,2022-23
201588,George Hill,IND,46,18.1,5.0,1.8,2.4,0.6,0.1,0.7,0.47,0.358,0.764,2022-23
1627777,Georges Niang,PHI,78,19.4,8.2,2.4,1.0,0.4,0.2,0.7,0.442,0.401,0.867,2022-23
203507,Giannis Antetokounmpo,MIL,63,32.1,31.1,11.8,5.7,0.8,0.8,3.9,0.553,0.275,0.645,2022-23
1629048,Goga Bitadze,ORL,38,12.0,4.4,3.6,1.0,0.4,0.7,0.6,0.552,0.231,0.548,2022-23
201609,Goran Dragic,MIL,58,15.0,6.3,1.4,2.6,0.2,0.1,1.1,0.421,0.359,0.689,2022-23
202330,Gordon Hayward,CHA,50,31.5,14.7,4.3,4.1,0.8,0.2,2.0,0.475,0.325,0.811,2022-23
203476,Gorgui Dieng,SAS,31,11.6,3.9,3.5,1.7,0.1,0.5,1.0,0.385,0.28,0.769,2022-23
1629684,Grant Williams,BOS,79,25.9,8.1,4.6,1.7,0.5,0.4,1.0,0.454,0.395,0.77,2022-23
1628960,Grayson Allen,MIL,72,27.4,10.4,3.3,2.3,0.9,0.2,1.0,0.44,0.399,0.905,2022-23
1630535,Greg Brown III,POR,16,5.8,1.8,1.2,0.2,0.3,0.3,0.4,0.393,0.143,0.417,2022-23
1628977,Hamidou Diallo,DET,56,17.8,9.3,3.5,1.0,0.9,0.3,1.3,0.573,0.238,0.588,2022-23
203084,Harrison Barnes,SAC,82,32.5,15.0,4.5,1.6,0.7,0.1,1.0,0.473,0.374,0.847,2022-23
1629312,Haywood Highsmith,MIA,54,18.0,4.4,3.5,0.8,0.7,0.3,0.8,0.431,0.339,0.464,2022-23
1630529,Herbert Jones,NOP,66,29.6,9.8,4.1,2.5,1.6,0.6,1.3,0.469,0.335,0.764,2022-23
1630193,Immanuel Quickley,NYK,81,28.9,14.9,4.2,3.4,1.0,0.2,1.2,0.448,0.37,0.819,2022-23
1630171,Isaac Okoro,CLE,76,21.7,6.4,2.5,1.1,0.7,0.4,0.6,0.494,0.363,0.757,2022-23
1628392,Isaiah Hartenstein,NYK,82,19.9,5.0,6.5,1.2,0.6,0.8,0.8,0.535,0.216,0.676,2022-23
1630543,Isaiah Jackson,IND,63,16.5,7.2,4.5,0.8,0.5,1.5,0.8,0.563,0.143,0.651,2022-23
1630198,Isaiah Joe,OKC,73,19.1,9.5,2.4,1.2,0.7,0.1,0.5,0.441,0.409,0.82,2022-23
1630587,Isaiah Livers,DET,52,23.1,6.7,2.8,0.8,0.5,0.5,0.6,0.417,0.365,0.821,2022-23
1630600,Isaiah Mobley,CLE,12,7.0,2.6,1.7,0.3,0.3,0.3,0.1,0.429,0.375,1.0,2022-23
1629676,Isaiah Roby,NYK,42,11.3,4.1,2.6,0.9,0.4,0.2,0.7,0.432,0.3,0.488,2022-23
1630191,Isaiah Stewart,DET,50,28.3,11.3,8.1,1.4,0.4,0.7,1.4,0.442,0.327,0.738,2022-23
1630225,Isaiah Todd,WAS,6,10.2,1.5,2.0,0.7,0.2,0.0,0.3,0.158,0.1,1.0,2022-23
202397,Ish Smith,DEN,43,9.3,2.5,1.3,2.3,0.2,0.2,1.0,0.397,0.167,0.5,2022-23
1630688,Ish Wainright,PHX,60,15.3,4.2,2.3,0.9,0.6,0.4,0.4,0.37,0.329,0.839,2022-23
1627826,Ivica Zubac,LAC,76,28.5,10.8,9.9,1.0,0.4,1.3,1.5,0.634,0.0,0.697,2022-23
1631120,JD Davison,BOS,12,5.5,1.6,0.8,0.9,0.2,0.2,0.3,0.421,0.286,0.5,2022-23
1630550,JT Thor,CHA,69,14.0,3.8,2.2,0.5,0.3,0.3,0.6,0.399,0.317,0.702,2022-23
1629630,Ja Morant,MEM,61,31.9,26.2,5.9,8.1,1.1,0.3,3.4,0.466,0.307,0.748,2022-23
203210,JaMychal Green,GSW,57,14.0,6.4,3.6,0.9,0.4,0.4,0.9,0.54,0.378,0.776,2022-23
201580,JaVale McGee,DAL,42,8.4,4.4,2.5,0.3,0.1,0.6,0.9,0.64,0.4,0.585,2022-23
1631095,Jabari Smith Jr.,HOU,79,31.0,12.8,7.2,1.3,0.5,0.9,1.3,0.408,0.307,0.786,2022-23
1631133,Jabari Walker,POR,56,11.1,3.9,2.3,0.6,0.2,0.2,0.5,0.419,0.286,0.756,2022-23
1631298,Jack White,DEN,17,3.9,1.2,1.0,0.2,0.2,0.1,0.1,0.421,0.333,0.667,2022-23
1631367,Jacob Gilyard,MEM,1,40.8,3.0,4.0,7.0,3.0,0.0,2.0,0.333,0.333,0.0,2022-23
1630702,Jaden Hardy,DAL,48,14.8,8.8,1.9,1.4,0.4,0.1,1.0,0.438,0.404,0.823,2022-23
1631093,Jaden Ivey,DET,74,31.1,16.3,3.9,5.2,0.8,0.2,3.2,0.416,0.343,0.747,2022-23
1630183,Jaden McDaniels,MIN,79,30.6,12.1,3.9,1.9,0.9,1.0,1.4,0.517,0.398,0.736,2022-23
1630531,Jaden Springer,PHI,16,5.6,2.6,0.9,0.5,0.4,0.2,0.2,0.486,0.4,0.75,2022-23
203109,Jae Crowder,MIL,18,18.9,6.9,3.8,1.5,0.7,0.3,0.4,0.479,0.436,0.833,2022-23
1630256,Jae'Sean Tate,HOU,31,21.9,9.1,3.8,2.7,0.7,0.2,1.5,0.48,0.283,0.725,2022-23
1631222,Jake LaRavia,MEM,35,11.8,3.0,1.8,0.6,0.3,0.1,0.5,0.389,0.338,0.778,2022-23
1627751,Jakob Poeltl,TOR,72,26.5,12.5,9.1,2.7,0.9,1.2,1.7,0.629,0.0,0.592,2022-23
1628973,Jalen Brunson,NYK,68,35.0,24.0,3.5,6.2,0.9,0.2,2.1,0.491,0.416,0.829,2022-23
1631105,Jalen Duren,DET,67,24.9,9.1,8.9,1.1,0.7,0.9,1.4,0.648,0.0,0.611,2022-23
1630224,Jalen Green,HOU,76,34.2,22.1,3.7,3.7,0.8,0.2,2.6,0.416,0.338,0.786,2022-23
1630552,Jalen Johnson,ATL,70,14.9,5.6,4.0,1.2,0.5,0.5,0.6,0.491,0.288,0.628,2022-23
1629667,Jalen McDaniels,PHI,80,23.9,9.4,4.3,1.6,1.0,0.4,1.2,0.455,0.332,0.841,2022-23
1630188,Jalen Smith,IND,68,18.8,9.4,5.8,1.0,0.3,0.9,1.1,0.476,0.283,0.759,2022-23
1630591,Jalen Suggs,ORL,53,23.5,9.9,3.0,2.9,1.3,0.5,1.8,0.419,0.327,0.723,2022-23
1631114,Jalen Williams,OKC,75,30.3,14.1,4.5,3.3,1.4,0.5,1.6,0.521,0.356,0.812,2022-23
1631288,Jamal Cain,MIA,18,13.3,5.4,2.9,0.7,0.6,0.1,0.3,0.561,0.35,0.773,2022-23
1627750,Jamal Murray,DEN,65,32.8,20.0,4.0,6.2,1.0,0.2,2.2,0.454,0.398,0.833,2022-23
1631123,Jamaree Bouyea,MIA,5,14.1,3.0,1.2,0.8,0.8,0.4,0.8,0.429,0.333,0.5,2022-23
1630547,James Bouknight,CHA,34,15.2,5.6,2.1,1.2,0.4,0.1,0.9,0.358,0.303,0.667,2022-23
201935,James Harden,PHI,58,36.8,21.0,6.1,10.7,1.2,0.5,3.4,0.441,0.385,0.867,2022-23
201949,James Johnson,IND,18,9.0,2.8,1.7,0.8,0.4,0.3,0.4,0.449,0.2,0.5,2022-23
1630164,James Wiseman,DET,45,19.3,10.0,5.9,0.7,0.2,0.6,1.1,0.558,0.2,0.701,2022-23
1630215,Jared Butler,OKC,6,12.8,6.2,0.7,1.3,0.8,0.0,0.8,0.469,0.5,0.0,2022-23
1631197,Jared Rhoden,DET,14,14.1,3.2,2.6,0.3,0.3,0.1,0.2,0.386,0.25,1.0,2022-23
1628991,Jaren Jackson Jr.,MEM,63,28.4,18.6,6.8,1.0,1.0,3.0,1.7,0.506,0.355,0.788,2022-23
1629020,Jarred Vanderbilt,LAL,78,24.1,7.9,7.5,2.4,1.1,0.3,1.2,0.548,0.322,0.691,2022-23
1629714,Jarrell Brantley,UTA,4,9.7,5.5,1.5,0.8,0.0,0.5,0.5,0.571,0.444,1.0,2022-23
1628386,Jarrett Allen,CLE,68,32.6,14.3,9.8,1.7,0.8,1.2,1.4,0.644,0.1,0.733,2022-23
1629633,Jarrett Culver,ATL,10,13.7,4.4,3.8,0.6,0.6,0.2,0.7,0.395,0.083,0.692,2022-23
1630554,Jason Preston,LAC,14,8.8,2.9,1.6,1.9,0.1,0.0,0.7,0.439,0.278,0.0,2022-23
1629750,Javonte Green,CHI,32,15.0,5.2,2.8,0.7,0.8,0.7,0.6,0.565,0.371,0.667,2022-23
1629637,Jaxson Hayes,NOP,47,13.0,5.0,2.8,0.7,0.4,0.4,0.7,0.551,0.103,0.699,2022-23
1630643,Jay Huff,WAS,7,13.6,7.3,3.0,1.4,0.4,0.6,0.7,0.6,0.5,0.938,2022-23
1630206,Jay Scrubb,ORL,2,15.1,6.5,3.0,0.5,1.0,0.0,1.5,0.714,1.0,0.5,2022-23
1627759,Jaylen Brown,BOS,67,35.9,26.6,6.9,3.5,1.1,0.4,2.9,0.491,0.335,0.765,2022-23
1629669,Jaylen Nowell,MIN,65,19.3,10.8,2.6,2.0,0.6,0.1,1.0,0.448,0.289,0.778,2022-23
1631119,Jaylin Williams,OKC,49,18.7,5.9,4.9,1.6,0.6,0.2,0.8,0.436,0.407,0.704,2022-23
1628369,Jayson Tatum,BOS,74,36.9,30.1,8.8,4.6,1.1,0.7,2.9,0.466,0.35,0.854,2022-23
1630288,Jeff Dowtin Jr.,TOR,25,10.3,2.4,0.9,1.2,0.4,0.1,0.2,0.439,0.313,0.667,2022-23
201145,Jeff Green,DEN,56,19.5,7.8,2.6,1.2,0.3,0.3,0.8,0.488,0.288,0.744,2022-23
203924,Jerami Grant,POR,63,35.6,20.5,4.5,2.4,0.8,0.8,1.8,0.475,0.401,0.813,2022-23
1630526,Jeremiah Robinson-Earl,OKC,43,18.9,6.8,4.2,1.0,0.6,0.3,0.4,0.444,0.333,0.833,2022-23
1631110,Jeremy Sochan,SAS,56,26.0,11.0,5.3,2.5,0.8,0.4,1.7,0.453,0.246,0.698,2022-23
1630579,Jericho Sims,NYK,52,15.6,3.4,4.7,0.5,0.3,0.5,0.5,0.776,0.0,0.75,2022-23
1628975,Jevon Carter,MIL,81,22.4,8.0,2.5,2.4,0.8,0.4,1.0,0.423,0.421,0.816,2022-23
202710,Jimmy Butler III,MIA,64,33.4,22.9,5.9,5.3,1.8,0.3,1.6,0.539,0.35,0.85,2022-23
1629111,Jock Landale,PHX,69,14.2,6.6,4.1,1.0,0.2,0.4,0.9,0.528,0.25,0.752,2022-23
203925,Joe Harris,BKN,74,20.6,7.6,2.2,1.4,0.5,0.2,0.6,0.457,0.426,0.643,2022-23
204060,Joe Ingles,MIL,46,22.7,6.9,2.8,3.3,0.7,0.1,1.2,0.435,0.409,0.857,2022-23
1630580,Joe Wieskamp,TOR,9,5.5,1.0,0.4,0.3,0.0,0.0,0.1,0.214,0.25,0.0,2022-23
203954,Joel Embiid,PHI,66,34.6,33.1,10.2,4.2,1.0,1.7,3.4,0.548,0.33,0.857,2022-23
1631219,John Butler Jr.,POR,19,11.6,2.4,0.9,0.6,0.4,0.5,0.1,0.321,0.229,0.75,2022-23
1628381,John Collins,ATL,71,30.0,13.1,6.5,1.2,0.6,1.0,1.1,0.508,0.292,0.803,2022-23
1629723,John Konchar,MEM,72,20.7,5.1,4.3,1.4,1.1,0.3,0.5,0.431,0.339,0.778,2022-23
202322,John Wall,LAC,34,22.2,11.4,2.7,5.2,0.8,0.4,2.4,0.407,0.303,0.681,2022-23
1631098,Johnny Davis,WAS,28,15.1,5.8,2.3,1.0,0.4,0.3,0.6,0.386,0.243,0.519,2022-23
1630548,Johnny Juzang,UTA,18,12.9,4.8,2.2,0.4,0.2,0.2,0.2,0.337,0.238,0.5,2022-23
202685,Jonas Valančiūnas,NOP,79,24.9,14.1,10.2,1.8,0.3,0.7,2.0,0.547,0.349,0.826,2022-23
1628371,Jonathan Isaac,ORL,11,11.3,5.0,4.0,0.5,1.3,0.4,0.4,0.415,0.4,0.556,2022-23
1630228,Jonathan Kuminga,GSW,67,20.8,9.9,3.4,1.9,0.6,0.5,1.4,0.525,0.37,0.652,2022-23
203903,Jordan Clarkson,UTA,61,32.6,20.8,4.0,4.4,0.5,0.2,3.0,0.444,0.338,0.816,2022-23
1630692,Jordan Goodwin,WAS,62,17.8,6.6,3.3,2.7,0.9,0.4,0.9,0.448,0.322,0.768,2022-23
1631160,Jordan Hall,SAS,9,9.2,3.1,1.3,1.2,0.1,0.0,0.8,0.321,0.2,0.778,2022-23
1629162,Jordan McLaughlin,MIN,43,15.8,3.7,1.4,3.4,0.7,0.1,0.8,0.421,0.308,0.833,2022-23
1629670,Jordan Nwora,IND,62,19.2,8.7,3.7,1.4,0.4,0.2,1.1,0.436,0.408,0.791,2022-23
1629673,Jordan Poole,GSW,82,30.0,20.4,2.7,4.5,0.8,0.3,3.1,0.43,0.336,0.87,2022-23
1630648,Jordan Schakel,WAS,2,3.1,1.5,0.0,0.5,0.5,0.0,0.0,0.5,1.0,0.0,2022-23
1630631,Jose Alvarado,NOP,61,21.5,9.0,2.3,3.0,1.1,0.2,1.3,0.411,0.336,0.813,2022-23
1630528,Josh Christopher,HOU,64,12.3,5.8,1.1,1.1,0.5,0.2,0.9,0.465,0.236,0.75,2022-23
1630581,Josh Giddey,OKC,76,31.1,16.6,7.9,6.2,0.8,0.4,2.8,0.482,0.325,0.731,2022-23
1630182,Josh Green,DAL,60,25.7,9.1,3.0,1.7,0.7,0.1,1.2,0.537,0.402,0.723,2022-23
1628404,Josh Hart,NYK,76,32.3,9.8,7.8,3.8,1.2,0.3,1.5,0.529,0.372,0.75,2022-23
1631169,Josh Minott,MIN,15,6.4,3.1,1.7,0.3,0.3,0.4,0.2,0.5,0.333,1.0,2022-23
1629006,Josh Okogie,PHX,72,18.8,7.3,3.5,1.5,0.8,0.5,0.9,0.391,0.335,0.724,2022-23
1626196,Josh Richardson,NOP,65,23.5,10.1,2.7,2.7,1.1,0.3,1.3,0.431,0.365,0.852,2022-23
1630563,Joshua Primo,SAS,4,23.3,7.0,3.3,4.5,0.3,0.5,2.8,0.346,0.25,0.778,2022-23
201950,Jrue Holiday,MIL,67,32.6,19.3,5.1,7.4,1.2,0.4,2.9,0.479,0.384,0.859,2022-23
1629308,Juan Toscano-Anderson,UTA,52,13.5,3.0,2.4,1.3,0.3,0.2,0.7,0.448,0.186,0.792,2022-23
1627823,Juancho Hernangomez,TOR,42,14.6,2.9,2.9,0.6,0.4,0.1,0.4,0.421,0.254,0.563,2022-23
1630577,Julian Champagnie,SAS,17,18.8,9.7,3.5,0.6,0.4,0.3,0.6,0.454,0.402,0.824,2022-23
203944,Julius Randle,NYK,77,35.5,25.1,10.0,4.1,0.6,0.3,2.8,0.459,0.343,0.757,2022-23
1630551,Justin Champagnie,BOS,5,6.9,2.2,1.6,0.8,0.2,0.0,0.0,0.333,0.2,0.0,2022-23
203200,Justin Holiday,DAL,46,15.4,4.5,1.2,0.9,0.4,0.4,0.5,0.377,0.322,0.625,2022-23
1628382,Justin Jackson,BOS,23,4.7,0.9,0.7,0.4,0.2,0.2,0.1,0.259,0.25,0.5,2022-23
1631303,Justin Minaya,POR,4,22.2,4.3,3.8,1.0,0.5,1.3,1.0,0.304,0.25,0.0,2022-23
1626159,Justise Winslow,POR,29,26.8,6.8,5.0,3.4,1.0,0.4,1.5,0.409,0.311,0.714,2022-23
203994,Jusuf Nurkić,POR,52,26.8,13.3,9.1,2.9,0.8,0.8,2.3,0.519,0.361,0.661,2022-23
1630231,KJ Martin,HOU,82,28.0,12.7,5.5,1.5,0.5,0.4,1.1,0.569,0.315,0.68,2022-23
1629644,KZ Okpala,SAC,35,7.1,1.3,1.0,0.4,0.2,0.2,0.2,0.421,0.333,0.875,2022-23
1630539,Kai Jones,CHA,46,11.9,3.4,2.7,0.3,0.4,0.7,0.7,0.558,0.211,0.731,2022-23
1626157,Karl-Anthony Towns,MIN,29,33.0,20.8,8.1,4.8,0.7,0.6,3.0,0.495,0.366,0.874,2022-23
202695,Kawhi Leonard,LAC,52,33.6,23.8,6.5,3.9,1.4,0.5,1.7,0.512,0.416,0.871,2022-23
1631099,Keegan Murray,SAC,80,29.8,12.2,4.6,1.2,0.8,0.5,0.8,0.453,0.411,0.765,2022-23
1628966,Keita Bates-Diop,SAS,67,21.7,9.7,3.7,1.5,0.7,0.3,0.8,0.508,0.394,0.793,2022-23
1629640,Keldon Johnson,SAS,63,32.8,22.0,5.0,2.9,0.7,0.2,2.1,0.452,0.329,0.749,2022-23
203482,Kelly Olynyk,UTA,68,28.6,12.5,6.2,3.7,0.9,0.5,2.5,0.499,0.394,0.853,2022-23
1626162,Kelly Oubre Jr.,CHA,48,32.2,20.3,5.2,1.1,1.4,0.4,1.3,0.431,0.319,0.76,2022-23
202689,Kemba Walker,DAL,9,16.0,8.0,1.8,2.1,0.2,0.2,0.4,0.421,0.25,0.81,2022-23
1631112,Kendall Brown,IND,6,6.7,1.5,1.0,0.5,0.7,0.0,0.3,0.571,0.0,0.5,2022-23
1629134,Kendrick Nunn,WAS,70,13.8,7.1,1.6,1.3,0.4,0.1,0.9,0.424,0.354,0.854,2022-23
1631113,Kennedy Chandler,MEM,36,7.8,2.2,1.1,1.6,0.3,0.1,0.5,0.422,0.133,0.462,2022-23
1631254,Kenneth Lofton Jr.,MEM,24,7.3,5.0,2.1,0.8,0.2,0.1,0.5,0.527,0.353,0.593,2022-23
1629026,Kenrich Williams,OKC,53,22.8,8.0,4.9,2.0,0.8,0.3,0.6,0.517,0.373,0.436,2022-23
203484,Kentavious Caldwell-Pope,DEN,76,31.3,10.8,2.7,2.4,1.5,0.5,1.1,0.462,0.423,0.824,2022-23
1631165,Keon Ellis,SAC,16,4.4,1.5,0.5,0.4,0.3,0.1,0.1,0.438,0.5,0.571,2022-23
1630553,Keon Johnson,POR,40,10.4,4.7,1.1,1.5,0.5,0.2,1.1,0.376,0.346,0.659,2022-23
1630556,Kessler Edwards,SAC,36,10.7,2.8,1.7,0.6,0.4,0.2,0.4,0.387,0.309,0.733,2022-23
201142,Kevin Durant,PHX,47,35.6,29.1,6.7,5.0,0.7,1.4,3.3,0.56,0.404,0.919,2022-23
1628989,Kevin Huerter,SAC,75,29.4,15.2,3.3,2.9,1.1,0.3,1.3,0.485,0.402,0.725,2022-23
1628995,Kevin Knox II,POR,63,15.1,6.6,2.8,0.5,0.4,0.2,0.8,0.458,0.349,0.767,2022-23
201567,Kevin Love,MIA,62,20.0,8.2,6.4,1.9,0.3,0.2,1.1,0.389,0.334,0.879,2022-23
1629645,Kevin Porter Jr.,HOU,59,34.3,19.2,5.3,5.7,1.4,0.3,3.2,0.442,0.366,0.784,2022-23
1630284,Kevon Harris,ORL,34,13.4,4.1,2.1,0.5,0.5,0.1,0.6,0.439,0.372,0.756,2022-23
1626172,Kevon Looney,GSW,82,23.9,7.0,9.3,2.5,0.6,0.6,0.5,0.63,0.0,0.606,2022-23
203920,Khem Birch,SAS,20,8.1,2.2,1.3,0.4,0.3,0.3,0.4,0.594,0.5,0.8,2022-23
203114,Khris Middleton,MIL,33,24.3,15.1,4.2,4.9,0.7,0.2,2.2,0.436,0.315,0.902,2022-23
1630165,Killian Hayes,DET,76,28.3,10.3,2.9,6.2,1.4,0.4,2.3,0.377,0.28,0.821,2022-23
1630184,Kira Lewis Jr.,NOP,25,9.4,4.6,1.3,0.9,0.4,0.1,0.4,0.455,0.441,0.864,2022-23
202691,Klay Thompson,GSW,69,33.0,21.9,4.1,2.4,0.7,0.4,1.8,0.436,0.412,0.879,2022-23
1628424,Kobi Simmons,CHA,5,5.6,1.0,0.8,1.0,0.0,0.4,0.2,0.167,0.2,1.0,2022-23
1627739,Kris Dunn,UTA,22,25.8,13.2,4.5,5.6,1.1,0.5,1.6,0.537,0.472,0.774,2022-23
204001,Kristaps Porziņģis,WAS,65,32.6,23.2,8.4,2.7,0.9,1.5,2.1,0.498,0.385,0.851,2022-23
203937,Kyle Anderson,MIN,69,28.4,9.4,5.3,4.9,1.1,0.9,1.5,0.509,0.41,0.735,2022-23
1628398,Kyle Kuzma,WAS,64,35.0,21.2,7.2,3.7,0.6,0.5,3.0,0.448,0.333,0.73,2022-23
200768,Kyle Lowry,MIA,55,31.2,11.2,4.1,5.1,1.0,0.4,1.9,0.404,0.345,0.859,2022-23
202681,Kyrie Irving,DAL,60,37.3,27.1,5.1,5.5,1.1,0.8,2.1,0.494,0.379,0.905,2022-23
1630163,LaMelo Ball,CHA,36,35.2,23.3,6.4,8.4,1.3,0.3,3.6,0.411,0.376,0.843,2022-23
1630205,Lamar Stevens,CLE,62,18.1,5.3,3.3,0.5,0.4,0.3,0.4,0.448,0.316,0.702,2022-23
1629013,Landry Shamet,PHX,40,20.2,8.7,1.7,2.3,0.7,0.1,0.9,0.377,0.377,0.882,2022-23
1626204,Larry Nance Jr.,NOP,65,21.2,6.8,5.4,1.8,0.9,0.6,0.6,0.61,0.333,0.696,2022-23
1628374,Lauri Markkanen,UTA,66,34.4,25.6,8.6,1.9,0.6,0.6,1.9,0.499,0.391,0.875,2022-23
2544,LeBron James,LAL,55,35.5,28.9,8.3,6.8,0.9,0.6,3.2,0.5,0.321,0.768,2022-23
1630195,Leandro Bolmaro,UTA,14,4.9,0.4,0.5,0.5,0.2,0.1,0.5,0.15,0.0,0.0,2022-23
1631311,Lester Quinones,GSW,4,4.5,2.5,0.8,0.5,0.3,0.0,1.3,0.4,0.5,0.667,2022-23
1629623,Lindell Wigginton,MIL,7,12.4,7.1,1.0,2.0,0.0,0.3,1.7,0.486,0.333,0.889,2022-23
1630322,Lindy Waters III,OKC,41,12.9,5.2,1.8,0.7,0.3,0.3,0.2,0.393,0.358,0.8,2022-23
1629022,Lonnie Walker IV,LAL,56,23.2,11.7,1.9,1.1,0.5,0.3,0.8,0.448,0.365,0.858,2022-23
1629663,Louis King,PHI,1,28.8,20.0,4.0,2.0,1.0,0.0,2.0,0.615,0.5,0.0,2022-23
1629652,Luguentz Dort,OKC,74,30.7,13.7,4.6,2.1,1.0,0.3,1.2,0.388,0.33,0.772,2022-23
1629029,Luka Dončić,DAL,66,36.2,32.4,8.6,8.0,1.4,0.5,3.6,0.496,0.342,0.742,2022-23
1630568,Luka Garza,MIN,28,8.7,6.5,2.3,0.6,0.1,0.1,0.5,0.543,0.359,0.788,2022-23
1629677,Luka Samanic,UTA,7,23.0,9.9,4.3,2.1,0.9,0.3,1.4,0.456,0.258,0.692,2022-23
1628379,Luke Kennard,MEM,59,22.3,9.3,2.7,1.5,0.5,0.1,0.8,0.492,0.494,0.949,2022-23
1628436,Luke Kornet,BOS,69,11.7,3.8,2.9,0.8,0.2,0.7,0.4,0.665,0.231,0.821,2022-23
1630644,Mac McClung,PHI,2,20.5,12.5,5.0,4.5,0.0,0.0,1.5,0.45,0.364,0.6,2022-23
1630201,Malachi Flynn,TOR,53,13.0,4.6,1.4,1.3,0.4,0.1,0.5,0.36,0.353,0.758,2022-23
1631103,Malaki Branham,SAS,66,23.5,10.2,2.7,1.9,0.5,0.1,1.2,0.44,0.302,0.829,2022-23
1627763,Malcolm Brogdon,BOS,67,26.0,14.9,4.2,3.7,0.7,0.3,1.5,0.484,0.444,0.87,2022-23
1630792,Malcolm Hill,CHI,5,1.8,1.0,0.6,0.0,0.0,0.0,0.0,0.5,0.333,0.0,2022-23
1627736,Malik Beasley,LAL,81,25.8,12.7,3.5,1.5,0.8,0.1,1.1,0.395,0.357,0.769,2022-23
1628370,Malik Monk,SAC,77,22.3,13.5,2.6,3.9,0.6,0.3,1.9,0.448,0.359,0.889,2022-23
1629603,Mamadi Diakite,CLE,22,8.0,2.6,1.4,0.4,0.2,0.4,0.5,0.48,0.333,1.0,2022-23
1630699,MarJon Beauchamp,MIL,52,13.5,5.1,2.2,0.7,0.4,0.1,0.9,0.395,0.331,0.73,2022-23
202694,Marcus Morris Sr.,LAC,65,28.1,11.2,4.0,1.8,0.6,0.3,0.9,0.426,0.365,0.782,2022-23
203935,Marcus Smart,BOS,61,32.1,11.5,3.1,6.3,1.5,0.4,2.3,0.415,0.336,0.746,2022-23
1631109,Mark Williams,CHA,43,19.3,9.0,7.1,0.4,0.7,1.0,0.9,0.637,0.0,0.691,2022-23
1628365,Markelle Fultz,ORL,60,29.6,14.0,3.9,5.7,1.5,0.4,2.3,0.514,0.31,0.783,2022-23
202693,Markieff Morris,DAL,35,10.1,3.8,2.0,0.9,0.3,0.1,0.5,0.409,0.394,1.0,2022-23
1630250,Marko Simonovic,CHI,7,2.8,0.9,0.3,0.0,0.0,0.0,0.0,0.286,0.25,0.5,2022-23
1628963,Marvin Bagley III,DET,42,23.6,12.0,6.4,0.9,0.5,0.7,1.1,0.529,0.288,0.75,2022-23
203486,Mason Plumlee,LAC,79,26.0,10.8,8.9,3.1,0.6,0.6,1.5,0.68,0.0,0.636,2022-23
1629680,Matisse Thybulle,POR,71,16.9,4.1,2.0,0.7,1.2,0.5,0.3,0.435,0.365,0.679,2022-23
1630346,Matt Ryan,MIN,34,9.1,3.6,0.8,0.5,0.1,0.0,0.2,0.37,0.381,0.833,2022-23
203521,Matthew Dellavedova,SAC,32,6.6,1.5,0.4,1.3,0.2,0.0,0.3,0.34,0.333,0.571,2022-23
1631108,Max Christie,LAL,41,12.5,3.1,1.8,0.5,0.2,0.2,0.3,0.415,0.419,0.875,2022-23
1629622,Max Strus,MIA,80,28.4,11.5,3.2,2.1,0.5,0.2,0.9,0.41,0.35,0.876,2022-23
1628467,Maxi Kleber,DAL,37,25.1,5.9,3.6,1.4,0.3,0.8,0.7,0.456,0.348,0.711,2022-23
1630593,McKinley Wright IV,DAL,27,12.4,4.2,1.7,2.1,0.3,0.2,0.7,0.469,0.321,0.684,2022-23
203086,Meyers Leonard,MIL,9,12.6,4.8,3.8,0.1,0.2,0.0,0.7,0.483,0.389,0.889,2022-23
1629662,Mfiondu Kabengele,BOS,4,9.1,1.5,2.5,0.0,0.5,0.0,0.3,0.286,0.0,1.0,2022-23
1630695,Micah Potter,UTA,7,7.5,3.4,2.3,0.6,0.1,0.0,0.3,0.667,0.571,0.0,2022-23
203487,Michael Carter-Williams,ORL,4,11.1,4.3,1.3,1.8,0.3,0.3,1.0,0.429,0.333,0.571,2022-23
1630701,Michael Foster Jr.,PHI,1,1.0,0.0,0.0,0.0,0.0,0.0,0.0,0.0,0.0,0.0,2022-23
1629008,Michael Porter Jr.,DEN,62,29.0,17.4,5.5,1.0,0.6,0.5,1.1,0.487,0.414,0.8,2022-23
1628969,Mikal Bridges,BKN,83,35.7,20.1,4.4,3.3,1.1,0.7,1.5,0.468,0.382,0.895,2022-23
201144,Mike Conley,MIN,67,30.3,11.9,2.7,6.7,1.1,0.2,1.5,0.428,0.385,0.834,2022-23
203488,Mike Muscala,BOS,63,15.0,6.1,3.2,0.8,0.2,0.4,0.4,0.449,0.391,0.769,2022-23
1630540,Miles McBride,NYK,64,11.9,3.5,0.8,1.1,0.6,0.1,0.4,0.358,0.299,0.667,2022-23
1629011,Mitchell Robinson,NYK,59,26.9,7.4,9.4,0.9,0.9,1.8,0.7,0.671,0.0,0.484,2022-23
1628964,Mo Bamba,LAL,49,15.7,6.6,4.6,0.9,0.3,0.9,0.6,0.485,0.387,0.661,2022-23
1628420,Monte Morris,WAS,62,27.4,10.3,3.4,5.3,0.7,0.2,1.0,0.48,0.382,0.831,2022-23
1626149,Montrezl Harrell,PHI,57,11.9,5.6,2.8,0.6,0.3,0.4,0.6,0.598,0.0,0.693,2022-23
1629021,Moritz Wagner,ORL,57,19.5,10.5,4.5,1.5,0.6,0.2,1.2,0.5,0.313,0.841,2022-23
1629650,Moses Brown,LAC,36,8.2,4.3,3.9,0.1,0.1,0.4,0.4,0.635,0.0,0.458,2022-23
1630541,Moses Moody,GSW,63,13.0,4.8,1.7,0.8,0.3,0.1,0.5,0.476,0.363,0.698,2022-23
1631217,Moussa Diabaté,LAC,22,8.9,2.7,2.3,0.2,0.3,0.4,0.4,0.511,0.5,0.625,2022-23
1626167,Myles Turner,IND,62,29.4,18.0,7.5,1.4,0.6,2.3,1.7,0.548,0.373,0.783,2022-23
1630230,Naji Marshall,NOP,77,23.3,9.1,3.6,2.5,0.7,0.2,1.3,0.433,0.303,0.789,2022-23
1629642,Nassir Little,POR,54,18.1,6.6,2.6,0.9,0.4,0.4,0.7,0.442,0.367,0.717,2022-23
1631466,Nate Williams,POR,5,25.3,10.6,3.0,2.0,0.6,0.4,0.8,0.615,0.375,0.667,2022-23
1630233,Nathan Knight,MIN,38,7.7,3.7,1.5,0.3,0.3,0.2,0.6,0.568,0.364,0.684,2022-23
1629675,Naz Reid,MIN,68,18.4,11.5,4.9,1.1,0.6,0.8,1.4,0.537,0.346,0.677,2022-23
1629674,Neemias Queta,SAC,5,5.7,2.4,2.2,0.2,0.0,0.4,0.2,0.667,0.0,0.0,2022-23
203457,Nerlens Noel,BKN,17,11.5,2.1,2.7,0.6,0.9,0.6,0.8,0.361,0.5,0.667,2022-23
1629651,Nic Claxton,BKN,76,29.9,12.6,9.2,1.9,0.9,2.5,1.3,0.705,0.0,0.541,2022-23
1630208,Nick Richards,CHA,65,18.7,8.2,6.4,0.6,0.2,1.1,0.9,0.629,1.0,0.749,2022-23
1629638,Nickeil Alexander-Walker,MIN,59,15.0,6.2,1.7,1.8,0.5,0.4,0.9,0.444,0.384,0.667,2022-23
201587,Nicolas Batum,LAC,78,21.9,6.1,3.8,1.6,0.7,0.6,0.6,0.42,0.391,0.708,2022-23
203999,Nikola Jokić,DEN,69,33.7,24.5,11.8,9.8,1.3,0.7,3.6,0.632,0.383,0.822,2022-23
1631107,Nikola Jović,MIA,15,13.6,5.5,2.1,0.7,0.5,0.1,0.7,0.406,0.229,0.947,2022-23
202696,Nikola Vučević,CHI,82,33.5,17.6,11.0,3.2,0.7,0.7,1.7,0.52,0.349,0.835,2022-23
203943,Noah Vonleh,BOS,23,7.5,1.1,2.1,0.3,0.1,0.3,0.5,0.458,0.25,1.0,2022-23
1626181,Norman Powell,LAC,60,26.1,17.0,2.9,1.8,0.8,0.3,1.7,0.479,0.397,0.812,2022-23
1628384,OG Anunoby,TOR,67,35.6,16.8,5.0,2.0,1.9,0.7,2.0,0.476,0.387,0.838,2022-23
1630167,Obi Toppin,NYK,67,15.7,7.4,2.8,1.0,0.3,0.2,0.6,0.446,0.344,0.809,2022-23
1630534,Ochai Agbaji,UTA,59,20.5,7.9,2.1,1.1,0.3,0.3,0.7,0.427,0.355,0.812,2022-23
1630846,Olivier Sarr,OKC,9,12.6,4.0,3.4,0.4,0.1,0.6,0.4,0.5,0.125,0.714,2022-23
1630209,Omer Yurtseven,MIA,9,9.2,4.4,2.6,0.2,0.2,0.2,0.4,0.593,0.429,0.833,2022-23
1630168,Onyeka Okongwu,ATL,80,23.1,9.9,7.2,1.0,0.7,1.3,1.0,0.638,0.308,0.781,2022-23
1631115,Orlando Robinson,MIA,31,13.7,3.7,4.1,0.8,0.4,0.4,0.5,0.528,0.0,0.71,2022-23
1629052,Oshae Brissett,IND,65,16.7,6.1,3.4,0.7,0.5,0.2,0.5,0.386,0.31,0.717,2022-23
203490,Otto Porter Jr.,TOR,8,18.3,5.5,2.4,1.0,1.4,0.0,0.5,0.5,0.353,1.0,2022-23
1631172,Ousmane Dieng,OKC,39,14.6,4.9,2.7,1.2,0.4,0.2,0.7,0.42,0.265,0.652,2022-23
200782,P.J. Tucker,PHI,75,25.6,3.5,3.9,0.8,0.5,0.2,0.6,0.427,0.393,0.826,2022-23
1629023,P.J. Washington,CHA,73,32.6,15.7,4.9,2.4,0.9,1.1,1.5,0.444,0.348,0.73,2022-23
1628408,PJ Dozier,SAC,16,5.0,1.4,0.9,0.6,0.4,0.1,0.3,0.303,0.125,0.0,2022-23
1631094,Paolo Banchero,ORL,72,33.7,20.0,6.9,3.7,0.8,0.5,2.8,0.427,0.298,0.738,2022-23
1627783,Pascal Siakam,TOR,71,37.4,24.2,7.8,5.8,0.9,0.5,2.4,0.48,0.324,0.774,2022-23
1626192,Pat Connaughton,MIL,61,23.7,7.6,4.6,1.3,0.6,0.2,0.5,0.392,0.339,0.659,2022-23
1631116,Patrick Baldwin Jr.,GSW,31,7.3,3.9,1.3,0.4,0.2,0.1,0.4,0.394,0.381,0.667,2022-23
201976,Patrick Beverley,CHI,67,27.1,6.2,3.7,2.9,0.9,0.6,0.9,0.4,0.335,0.723,2022-23
1630172,Patrick Williams,CHI,82,28.3,10.2,4.0,1.2,0.9,0.9,1.2,0.464,0.415,0.857,2022-23
201988,Patty Mills,BKN,40,14.2,6.2,1.1,1.4,0.4,0.1,0.8,0.411,0.366,0.833,2022-23
202331,Paul George,LAC,56,34.6,23.8,6.1,5.1,1.5,0.4,3.1,0.457,0.371,0.871,2022-23
1630194,Paul Reed,PHI,69,10.9,4.2,3.8,0.4,0.7,0.7,0.7,0.593,0.167,0.745,2022-23
1630202,Payton Pritchard,BOS,48,13.4,5.6,1.8,1.3,0.3,0.0,0.8,0.412,0.364,0.75,2022-23
1631212,Peyton Watson,DEN,23,8.1,3.3,1.6,0.5,0.1,0.5,0.3,0.492,0.429,0.55,2022-23
1630173,Precious Achiuwa,TOR,55,20.7,9.2,6.0,0.9,0.6,0.5,1.1,0.485,0.269,0.702,2022-23
1629656,Quentin Grimes,NYK,71,29.9,11.3,3.2,2.1,0.7,0.4,1.0,0.468,0.386,0.796,2022-23
1631245,Quenton Jackson,WAS,9,15.0,6.2,0.9,1.7,0.4,0.1,0.4,0.452,0.083,0.773,2022-23
1630181,R.J. Hampton,DET,47,15.9,6.4,1.9,1.1,0.6,0.2,0.9,0.43,0.353,0.75,2022-23
1629628,RJ Barrett,NYK,73,33.9,19.6,5.0,2.8,0.4,0.2,2.2,0.434,0.31,0.74,2022-23
1630564,RaiQuan Gray,BKN,1,35.1,16.0,9.0,7.0,0.0,1.0,4.0,0.5,0.4,1.0,2022-23
203526,Raul Neto,CLE,48,10.5,3.3,1.0,1.6,0.4,0.1,0.5,0.518,0.286,0.912,2022-23
203493,Reggie Bullock Jr.,DAL,78,30.3,7.2,3.6,1.4,0.7,0.2,0.5,0.409,0.38,0.703,2022-23
202704,Reggie Jackson,DEN,68,24.4,10.2,2.1,3.4,0.7,0.1,1.7,0.411,0.333,0.91,2022-23
1626158,Richaun Holmes,SAC,42,8.3,3.1,1.9,0.2,0.1,0.3,0.3,0.618,0.625,0.789,2022-23
201937,Ricky Rubio,CLE,33,17.2,5.2,2.1,3.5,0.8,0.2,0.9,0.343,0.256,0.8,2022-23
203496,Robert Covington,LAC,48,16.2,6.0,3.5,1.2,0.8,0.7,0.7,0.445,0.397,0.75,2022-23
1629057,Robert Williams III,BOS,35,23.5,8.0,8.3,1.4,0.6,1.4,1.0,0.747,0.0,0.61,2022-23
201577,Robin Lopez,CLE,37,8.1,3.0,1.4,0.5,0.1,0.2,0.7,0.64,0.5,0.778,2022-23
203585,Rodney McGruder,DET,32,16.4,5.7,2.3,0.9,0.5,0.0,0.3,0.408,0.423,0.818,2022-23
1629641,Romeo Langford,SAS,43,19.6,6.9,2.7,1.2,0.6,0.3,0.7,0.467,0.262,0.696,2022-23
1631199,Ron Harper Jr.,TOR,9,5.3,2.2,0.8,0.4,0.0,0.1,0.0,0.5,0.333,1.0,2022-23
1626220,Royce O'Neale,BKN,76,31.7,8.8,5.1,3.7,0.9,0.6,1.5,0.386,0.389,0.725,2022-23
200752,Rudy Gay,UTA,56,14.6,5.2,2.9,1.0,0.3,0.3,0.7,0.38,0.254,0.857,2022-23
203497,Rudy Gobert,MIN,70,30.7,13.4,11.6,1.2,0.8,1.4,1.7,0.659,0.0,0.644,2022-23
1629060,Rui Hachimura,LAL,63,23.3,11.2,4.5,0.9,0.3,0.4,0.8,0.486,0.319,0.739,2022-23
201566,Russell Westbrook,LAC,73,29.1,15.9,5.8,7.5,1.0,0.5,3.5,0.436,0.311,0.656,2022-23
1627853,Ryan Arcidiacono,NYK,20,8.6,1.3,0.8,1.2,0.3,0.0,0.4,0.243,0.348,0.0,2022-23
1631157,Ryan Rollins,GSW,12,5.2,1.9,1.0,0.5,0.1,0.1,1.3,0.35,0.333,1.0,2022-23
1630240,Saben Lee,PHX,25,14.9,6.0,1.8,2.7,0.8,0.0,1.0,0.405,0.367,0.737,2022-23
1630180,Saddiq Bey,ATL,77,27.6,13.8,4.7,1.5,0.9,0.2,0.9,0.422,0.361,0.861,2022-23
1630573,Sam Hauser,BOS,80,16.1,6.4,2.6,0.9,0.4,0.3,0.4,0.455,0.418,0.706,2022-23
1630241,Sam Merrill,CLE,5,11.7,5.0,1.8,1.0,0.8,0.0,0.0,0.409,0.278,1.0,2022-23
1630572,Sandro Mamukelashvili,SAS,43,15.3,6.1,4.3,1.4,0.3,0.3,0.8,0.422,0.303,0.684,2022-23
1630583,Santi Aldama,MEM,77,21.8,9.0,4.8,1.3,0.6,0.6,0.8,0.47,0.353,0.75,2022-23
1630567,Scottie Barnes,TOR,77,34.8,15.3,6.6,4.8,1.1,0.8,2.0,0.456,0.281,0.772,2022-23
1630590,Scotty Pippen Jr.,LAL,6,5.3,2.3,0.7,0.3,0.3,0.2,0.3,0.333,0.333,0.556,2022-23
201586,Serge Ibaka,MIL,16,11.6,4.1,2.8,0.3,0.1,0.4,0.7,0.481,0.333,0.615,2022-23
203552,Seth Curry,BKN,61,19.8,9.2,1.6,1.6,0.6,0.1,0.8,0.463,0.405,0.927,2022-23
1631101,Shaedon Sharpe,POR,80,22.2,9.9,3.0,1.2,0.5,0.3,1.0,0.472,0.36,0.714,2022-23
1628983,Shai Gilgeous-Alexander,OKC,68,35.5,31.4,4.8,5.5,1.6,1.0,2.8,0.51,0.345,0.905,2022-23
1629003,Shake Milton,PHI,76,20.6,8.4,2.5,3.2,0.3,0.2,1.2,0.479,0.378,0.853,2022-23
1627885,Shaquille Harrison,LAL,5,24.0,8.8,4.4,6.0,2.2,0.4,1.2,0.417,0.3,0.733,2022-23
1631323,Simone Fontecchio,UTA,52,14.7,6.3,1.7,0.8,0.3,0.2,0.8,0.369,0.33,0.795,2022-23
1630219,Skylar Mays,POR,6,31.5,15.3,3.2,8.3,1.0,0.2,1.7,0.5,0.462,0.923,2022-23
203915,Spencer Dinwiddie,BKN,79,34.5,17.3,3.4,6.5,0.8,0.3,1.8,0.438,0.369,0.812,2022-23
1626169,Stanley Johnson,UTA,30,15.6,5.8,3.2,2.2,0.5,0.2,1.1,0.533,0.45,0.667,2022-23
1630649,Stanley Umude,DET,1,2.1,2.0,0.0,0.0,1.0,1.0,0.0,0.0,0.0,1.0,2022-23
201939,Stephen Curry,GSW,56,34.7,29.4,6.1,6.3,0.9,0.4,3.2,0.493,0.427,0.915,2022-23
1628425,Sterling Brown,LAL,4,6.1,0.0,2.0,0.5,0.8,0.0,0.0,0.0,0.0,0.0,2022-23
203500,Steven Adams,MEM,42,27.0,8.6,11.5,2.3,0.9,1.1,1.9,0.597,0.0,0.364,2022-23
1629004,Svi Mykhailiuk,CHA,32,14.6,6.9,1.7,1.7,0.5,0.1,0.8,0.445,0.424,0.667,2022-23
204456,T.J. McConnell,IND,75,20.4,8.7,3.1,5.3,1.1,0.1,1.9,0.543,0.441,0.853,2022-23
203933,T.J. Warren,PHX,42,16.4,7.5,2.9,1.0,0.5,0.3,0.5,0.489,0.328,0.8,2022-23
201959,Taj Gibson,WAS,49,9.8,3.4,1.9,0.7,0.3,0.2,0.5,0.52,0.333,0.714,2022-23
1629659,Talen Horton-Tucker,UTA,65,20.2,10.7,3.2,3.8,0.6,0.4,1.9,0.419,0.286,0.75,2022-23
1631106,Tari Eason,HOU,82,21.6,9.3,6.0,1.1,1.2,0.6,1.2,0.448,0.343,0.752,2022-23
1627752,Taurean Prince,MIN,54,22.1,9.1,2.4,1.6,0.5,0.3,1.3,0.467,0.381,0.844,2022-23
1629611,Terance Mann,LAC,81,23.1,8.8,3.4,2.3,0.5,0.3,1.0,0.519,0.389,0.78,2022-23
1629056,Terence Davis,SAC,64,13.1,6.7,2.2,1.0,0.7,0.2,0.8,0.423,0.366,0.791,2022-23
203082,Terrence Ross,PHX,63,21.1,8.3,2.4,1.5,0.6,0.2,0.7,0.43,0.368,0.794,2022-23
1626179,Terry Rozier,CHA,63,35.3,21.1,4.1,5.1,1.2,0.3,2.1,0.415,0.327,0.809,2022-23
1630678,Terry Taylor,CHI,31,8.5,2.9,1.5,0.3,0.1,0.2,0.3,0.52,0.263,0.545,2022-23
201152,Thaddeus Young,TOR,54,14.7,4.4,3.1,1.4,1.0,0.1,0.8,0.545,0.176,0.692,2022-23
203648,Thanasis Antetokounmpo,MIL,37,5.6,1.4,1.2,0.4,0.1,0.1,0.3,0.435,0.0,0.5,2022-23
1630177,Theo Maledon,CHA,44,19.4,6.7,2.8,3.5,0.8,0.3,1.3,0.402,0.295,0.851,2022-23
1629033,Theo Pinson,DAL,40,8.1,2.4,1.6,1.2,0.2,0.0,0.3,0.356,0.355,0.846,2022-23
1628418,Thomas Bryant,DEN,59,18.3,9.8,5.7,0.5,0.3,0.5,0.6,0.623,0.441,0.738,2022-23
203501,Tim Hardaway Jr.,DAL,71,30.3,14.4,3.5,1.8,0.7,0.2,0.8,0.401,0.385,0.77,2022-23
202699,Tobias Harris,PHI,74,32.9,14.7,5.7,2.5,0.9,0.5,1.2,0.501,0.389,0.876,2022-23
1628396,Tony Bradley,CHI,12,2.8,1.6,0.9,0.1,0.1,0.1,0.1,0.5,0.6,1.0,2022-23
1628470,Torrey Craig,PHX,79,24.7,7.4,5.4,1.5,0.6,0.8,0.9,0.456,0.395,0.711,2022-23
1629027,Trae Young,ATL,73,34.8,26.2,3.0,10.2,1.1,0.1,4.1,0.429,0.335,0.886,2022-23
1630200,Tre Jones,SAS,68,29.2,12.9,3.6,6.6,1.3,0.1,1.6,0.459,0.285,0.86,2022-23
1630544,Tre Mann,OKC,67,17.7,7.7,2.3,1.8,0.6,0.2,0.9,0.393,0.315,0.764,2022-23
1630570,Trendon Watford,POR,62,19.1,7.4,3.8,2.1,0.5,0.2,1.1,0.56,0.391,0.72,2022-23
1630235,Trent Forrest,ATL,23,12.0,2.3,1.6,1.7,0.3,0.1,0.7,0.417,0.0,0.667,2022-23
1630243,Trevelin Queen,PHI,7,10.0,3.0,2.4,0.9,0.3,0.7,1.0,0.241,0.133,1.0,2022-23
1631309,Trevor Hudgins,HOU,5,5.7,1.8,0.0,0.6,0.0,0.0,0.2,0.222,0.25,1.0,2022-23
1631211,Trevor Keels,NYK,3,2.7,1.0,0.7,0.0,0.0,0.0,0.0,0.25,0.25,0.0,2022-23
1626168,Trey Lyles,SAC,74,16.9,7.6,4.1,0.9,0.4,0.4,0.9,0.458,0.363,0.815,2022-23
1630530,Trey Murphy III,NOP,79,31.0,14.5,3.6,1.4,1.1,0.5,0.8,0.484,0.406,0.905,2022-23
1628972,Troy Brown Jr.,LAL,76,24.5,7.1,4.1,1.3,0.8,0.2,0.6,0.43,0.381,0.872,2022-23
1629660,Ty Jerome,GSW,45,18.1,6.9,1.7,3.0,0.5,0.1,0.7,0.488,0.389,0.927,2022-23
1631102,TyTy Washington Jr.,HOU,31,14.0,4.7,1.5,1.5,0.5,0.1,0.5,0.363,0.238,0.556,2022-23
1628416,Tyler Dorsey,DAL,3,2.8,3.0,0.7,0.0,0.0,0.0,0.0,0.8,0.5,0.0,2022-23
1629639,Tyler Herro,MIA,67,34.9,20.1,5.4,4.2,0.8,0.2,2.4,0.439,0.378,0.934,2022-23
1630169,Tyrese Haliburton,IND,56,33.6,20.7,3.7,10.4,1.6,0.4,2.5,0.49,0.4,0.871,2022-23
1631213,Tyrese Martin,ATL,16,4.1,1.3,0.8,0.1,0.1,0.0,0.1,0.391,0.143,1.0,2022-23
1630178,Tyrese Maxey,PHI,60,33.6,20.3,2.9,3.5,0.8,0.1,1.3,0.481,0.434,0.845,2022-23
1626145,Tyus Jones,MEM,80,24.2,10.3,2.5,5.2,1.0,0.1,0.9,0.438,0.371,0.806,2022-23
1628962,Udoka Azubuike,UTA,36,10.0,3.5,3.3,0.3,0.2,0.4,0.5,0.819,0.0,0.35,2022-23
2617,Udonis Haslem,MIA,7,10.3,3.9,1.6,0.0,0.1,0.3,0.1,0.345,0.333,0.8,2022-23
1630586,Usman Garuba,HOU,75,12.9,3.0,4.1,0.9,0.6,0.4,0.6,0.486,0.407,0.617,2022-23
1630176,Vernon Carey Jr.,UTA,11,2.6,0.5,1.0,0.3,0.2,0.2,0.2,0.25,0.0,1.0,2022-23
203506,Victor Oladipo,MIA,42,26.3,10.7,3.0,3.5,1.4,0.3,2.1,0.397,0.33,0.747,2022-23
1631246,Vince Williams Jr.,MEM,15,7.0,2.0,1.0,0.3,0.4,0.1,0.3,0.3,0.143,1.0,2022-23
1628427,Vlatko Čančar,DEN,60,14.8,5.0,2.1,1.3,0.4,0.2,0.6,0.476,0.374,0.927,2022-23
1630249,Vít Krejčí,ATL,29,5.7,1.2,0.9,0.6,0.2,0.0,0.2,0.405,0.238,0.5,2022-23
1631117,Walker Kessler,UTA,74,23.0,9.2,8.4,0.9,0.4,2.3,0.8,0.72,0.333,0.516,2022-23
1628976,Wendell Carter Jr.,ORL,57,29.6,15.2,8.7,2.3,0.5,0.6,1.9,0.525,0.356,0.738,2022-23
1631111,Wendell Moore Jr.,MIN,29,5.3,1.4,0.6,0.6,0.3,0.2,0.3,0.419,0.118,0.8,2022-23
1629117,Wenyen Gabriel,LAL,68,15.1,5.5,4.2,0.5,0.4,0.5,0.7,0.596,0.278,0.619,2022-23
202083,Wesley Matthews,MIL,52,15.8,3.4,2.2,0.7,0.4,0.3,0.3,0.363,0.315,0.857,2022-23
203115,Will Barton,TOR,56,17.7,6.8,2.4,2.0,0.5,0.2,0.9,0.379,0.367,0.787,2022-23
1626195,Willy Hernangomez,NOP,38,12.0,6.9,4.7,0.9,0.4,0.3,1.0,0.527,0.273,0.779,2022-23
1641645,Xavier Cooks,WAS,10,12.6,3.8,3.8,0.6,0.6,0.4,0.8,0.607,0.0,0.4,2022-23
1629875,Xavier Moon,LAC,4,4.9,1.8,0.8,1.3,0.0,0.0,0.3,0.333,0.333,0.0,2022-23
1630270,Xavier Sneed,CHA,4,12.1,4.3,1.3,1.3,0.0,0.3,0.8,0.5,0.5,1.0,2022-23
1630214,Xavier Tillman,MEM,61,19.3,7.0,5.0,1.6,1.0,0.5,0.7,0.614,0.267,0.551,2022-23
1629139,Yuta Watanabe,BKN,58,16.0,5.6,2.4,0.8,0.4,0.3,0.4,0.491,0.444,0.723,2022-23
1628380,Zach Collins,SAS,63,22.9,11.6,6.4,2.9,0.6,0.8,2.0,0.518,0.374,0.761,2022-23
203897,Zach LaVine,CHI,77,35.9,24.8,4.5,4.2,0.9,0.2,2.5,0.485,0.375,0.848,2022-23
1630192,Zeke Nnaji,DEN,53,13.7,5.2,2.6,0.3,0.3,0.4,0.6,0.561,0.262,0.645,2022-23
1630533,Ziaire Williams,MEM,37,15.2,5.7,2.1,0.9,0.4,0.2,1.0,0.429,0.258,0.773,2022-23
1629627,Zion Williamson,NOP,29,33.0,26.0,7.0,4.6,1.1,0.6,3.4,0.608,0.368,0.714,2022-23
1630639,A.J. Lawson,DAL,42,7.4,3.2,1.2,0.5,0.2,0.1,0.3,0.446,0.26,0.652,2023-24
1631260,AJ Green,MIL,56,11.0,4.5,1.1,0.5,0.2,0.1,0.2,0.423,0.408,0.895,2023-24
1631100,AJ Griffin,ATL,20,8.5,2.4,0.9,0.3,0.1,0.1,0.4,0.29,0.256,1.0,2023-24
203932,Aaron Gordon,DEN,73,31.5,13.9,6.5,3.5,0.8,0.6,1.4,0.556,0.29,0.658,2023-24
1628988,Aaron Holiday,HOU,78,16.3,6.6,1.6,1.8,0.5,0.1,0.7,0.446,0.387,0.921,2023-24
1630174,Aaron Nesmith,IND,72,27.7,12.2,3.8,1.5,0.9,0.7,0.9,0.496,0.419,0.781,2023-24
1630598,Aaron Wiggins,OKC,78,15.7,6.9,2.4,1.1,0.7,0.2,0.7,0.562,0.492,0.789,2023-24
1641745,Adam Flagler,OKC,2,7.0,1.5,0.0,2.0,0.0,0.0,0.0,0.143,0.167,0.0,2023-24
1641766,Adama Sanogo,CHI,9,7.3,4.0,4.0,0.0,0.1,0.0,0.6,0.519,0.0,0.667,2023-24
1629678,Admiral Schofield,ORL,23,3.7,1.1,0.7,0.3,0.0,0.0,0.2,0.385,0.375,0.0,2023-24
201143,Al Horford,BOS,65,26.8,8.6,6.4,2.6,0.6,1.0,0.7,0.511,0.419,0.867,2023-24
202692,Alec Burks,NYK,66,18.4,10.4,2.3,1.3,0.4,0.2,0.7,0.369,0.376,0.868,2023-24
1630197,Aleksej Pokusevski,CHA,28,14.5,5.2,3.2,1.3,0.5,0.5,0.7,0.405,0.327,0.732,2023-24
1627936,Alex Caruso,CHI,71,28.7,10.1,3.8,3.5,1.7,1.0,1.4,0.468,0.408,0.76,2023-24
1641788,Alex Fudge,DAL,6,6.7,2.5,0.8,0.0,0.5,0.0,0.3,0.4,0.2,1.0,2023-24
203458,Alex Len,SAC,48,9.3,2.5,2.7,1.0,0.2,0.7,0.6,0.617,0.0,0.588,2023-24
1631214,Alondes Williams,MIA,7,2.2,0.7,0.1,0.0,0.0,0.1,0.3,0.25,0.0,1.0,2023-24
1630578,Alperen Sengun,HOU,63,32.5,21.1,9.3,5.0,1.2,0.7,2.6,0.537,0.297,0.693,2023-24
1641735,Amari Bailey,CHA,10,6.5,2.3,0.9,0.7,0.3,0.0,0.4,0.333,0.125,0.857,2023-24
1641708,Amen Thompson,HOU,62,22.4,9.5,6.6,2.6,1.3,0.6,1.5,0.536,0.138,0.684,2023-24
1629599,Amir Coffey,LAC,70,20.9,6.6,2.1,1.1,0.6,0.2,0.5,0.472,0.38,0.859,2023-24
203083,Andre Drummond,CHI,79,17.1,8.4,9.0,0.5,0.9,0.6,1.0,0.556,0.0,0.592,2023-24
1641748,Andre Jackson Jr.,MIL,57,10.0,2.2,2.0,0.9,0.3,0.1,0.5,0.5,0.37,0.727,2023-24
1641847,Andrew Funk,CHI,5,2.7,0.0,0.0,0.0,0.2,0.2,0.0,0.0,0.0,0.0,2023-24
1629614,Andrew Nembhard,IND,68,25.0,9.2,2.1,4.1,0.9,0.1,1.5,0.498,0.357,0.804,2023-24
203952,Andrew Wiggins,GSW,71,27.0,13.2,4.5,1.7,0.6,0.6,1.2,0.453,0.358,0.751,2023-24
1629014,Anfernee Simons,POR,46,34.4,22.6,3.6,5.5,0.5,0.1,2.7,0.43,0.385,0.916,2023-24
1641710,Anthony Black,ORL,69,16.9,4.6,2.0,1.3,0.5,0.3,0.8,0.466,0.394,0.613,2023-24
203076,Anthony Davis,LAL,76,35.5,24.7,12.6,3.5,1.2,2.3,2.1,0.556,0.271,0.816,2023-24
1630162,Anthony Edwards,MIN,79,35.1,25.9,5.4,5.1,1.3,0.5,3.1,0.461,0.357,0.836,2023-24
1630264,Anthony Gill,WAS,50,9.3,3.8,1.9,0.7,0.3,0.2,0.5,0.469,0.244,0.806,2023-24
1629717,Armoni Brooks,BKN,10,10.4,4.2,1.8,0.5,0.1,0.1,0.3,0.326,0.344,0.5,2023-24
1630204,Ashton Hagans,POR,19,16.6,4.2,2.4,2.8,0.6,0.5,1.6,0.408,0.32,0.824,2023-24
1641709,Ausar Thompson,DET,63,25.1,8.8,6.4,1.9,1.1,0.9,1.3,0.483,0.186,0.597,2023-24
1630559,Austin Reaves,LAL,82,32.1,15.9,4.3,5.5,0.8,0.3,2.1,0.486,0.367,0.853,2023-24
1630245,Ayo Dosunmu,CHI,76,29.1,12.2,2.8,3.2,0.9,0.5,1.4,0.501,0.403,0.81,2023-24
1628389,Bam Adebayo,MIA,71,34.0,19.3,10.4,3.9,1.1,0.9,2.3,0.521,0.357,0.755,2023-24
1641767,Ben Sheppard,IND,57,14.3,4.4,1.6,0.9,0.6,0.0,0.3,0.393,0.314,0.885,2023-24
1627732,Ben Simmons,BKN,15,23.9,6.1,7.9,5.7,0.8,0.6,1.8,0.581,0.0,0.4,2023-24
1631097,Bennedict Mathurin,IND,59,26.1,14.5,4.0,2.0,0.6,0.2,1.6,0.446,0.374,0.821,2023-24
1641731,Bilal Coulibaly,WAS,63,27.2,8.4,4.1,1.7,0.9,0.8,1.4,0.435,0.346,0.702,2023-24
202687,Bismack Biyombo,OKC,40,19.8,4.4,5.2,1.3,0.3,0.9,1.1,0.565,0.0,0.481,2023-24
1631104,Blake Wesley,SAS,61,14.4,4.4,1.5,2.7,0.5,0.1,0.9,0.474,0.218,0.667,2023-24
1626246,Boban Marjanovic,HOU,14,5.1,3.2,2.3,0.4,0.1,0.1,0.4,0.529,0.0,0.643,2023-24
1626171,Bobby Portis,MIL,82,24.5,13.8,7.4,1.3,0.8,0.4,1.1,0.508,0.407,0.79,2023-24
203992,Bogdan Bogdanović,ATL,79,30.4,16.9,3.4,3.1,1.2,0.3,1.4,0.428,0.374,0.921,2023-24
202711,Bojan Bogdanovic,NYK,57,25.9,15.2,2.7,1.7,0.5,0.1,1.8,0.454,0.398,0.785,2023-24
1629626,Bol Bol,PHX,43,10.9,5.2,3.2,0.4,0.2,0.6,0.4,0.616,0.423,0.789,2023-24
1630538,Bones Hyland,LAC,37,14.6,6.9,1.5,2.5,0.7,0.1,1.2,0.386,0.326,0.783,2023-24
203078,Bradley Beal,PHX,53,33.3,18.2,4.4,5.0,1.0,0.5,2.5,0.513,0.43,0.813,2023-24
1641764,Brandin Podziemski,GSW,74,26.6,9.2,5.8,3.7,0.8,0.2,1.2,0.454,0.385,0.633,2023-24
1630527,Brandon Boston,LAC,32,10.8,5.2,1.6,0.4,0.3,0.3,0.8,0.404,0.269,0.697,2023-24
1629634,Brandon Clarke,MEM,6,22.4,11.3,5.3,1.5,0.8,1.0,0.5,0.559,0.167,0.143,2023-24
1627742,Brandon Ingram,NOP,64,32.9,20.8,5.1,5.7,0.8,0.6,2.5,0.492,0.355,0.801,2023-24
1641706,Brandon Miller,CHA,74,32.2,17.3,4.3,2.4,0.9,0.6,1.8,0.44,0.373,0.827,2023-24
1630314,Brandon Williams,DAL,17,6.6,3.2,0.8,1.0,0.1,0.1,0.4,0.37,0.2,0.647,2023-24
1630296,Braxton Key,DEN,20,3.0,1.1,0.9,0.5,0.1,0.1,0.1,0.412,0.4,0.75,2023-24
1641729,Brice Sensabaugh,UTA,32,18.3,7.5,3.2,1.7,0.4,0.2,1.5,0.39,0.296,0.902,2023-24
201572,Brook Lopez,MIL,79,30.5,12.5,5.2,1.6,0.5,2.4,1.0,0.485,0.366,0.821,2023-24
1628971,Bruce Brown,TOR,67,27.8,10.8,4.2,2.9,0.9,0.3,1.3,0.478,0.323,0.824,2023-24
1628981,Bruno Fernando,ATL,45,15.2,6.3,4.3,1.0,0.6,0.6,1.0,0.583,0.0,0.667,2023-24
1631121,Bryce McGowens,CHA,59,14.9,5.1,1.7,0.9,0.4,0.2,0.5,0.439,0.333,0.776,2023-24
1631205,Buddy Boeheim,DET,10,8.4,3.4,1.0,0.3,0.0,0.1,0.0,0.31,0.32,0.8,2023-24
1627741,Buddy Hield,PHI,84,25.7,12.1,3.2,2.8,0.8,0.5,1.2,0.436,0.386,0.881,2023-24
203468,CJ McCollum,NOP,66,32.7,20.0,4.3,4.6,0.9,0.6,1.7,0.459,0.429,0.827,2023-24
1630595,Cade Cunningham,DET,62,33.5,22.7,4.3,7.5,0.9,0.4,3.4,0.449,0.355,0.869,2023-24
1631216,Caleb Houstan,ORL,59,13.8,4.3,1.4,0.5,0.3,0.1,0.3,0.388,0.373,0.808,2023-24
1628997,Caleb Martin,MIA,64,27.4,10.0,4.4,2.2,0.7,0.5,1.2,0.431,0.349,0.778,2023-24
1629629,Cam Reddish,LAL,48,20.5,5.4,2.1,1.0,1.0,0.3,0.6,0.389,0.336,0.759,2023-24
1630560,Cam Thomas,BKN,66,31.4,22.5,3.2,2.9,0.7,0.2,1.9,0.442,0.364,0.856,2023-24
1641715,Cam Whitmore,HOU,47,18.7,12.3,3.8,0.7,0.6,0.4,1.0,0.454,0.359,0.679,2023-24
1629661,Cameron Johnson,BKN,58,27.6,13.4,4.3,2.4,0.8,0.3,1.0,0.446,0.391,0.789,2023-24
1626166,Cameron Payne,PHI,78,16.7,7.4,1.5,2.6,0.5,0.1,0.8,0.432,0.39,0.866,2023-24
1627747,Caris LeVert,CLE,68,28.8,14.0,4.1,5.1,1.1,0.5,1.7,0.421,0.325,0.766,2023-24
1641717,Cason Wallace,OKC,82,20.6,6.8,2.3,1.5,0.9,0.5,0.5,0.491,0.419,0.784,2023-24
1626224,Cedi Osman,SAS,72,17.6,6.8,2.5,1.7,0.5,0.2,0.7,0.479,0.389,0.673,2023-24
1629646,Charles Bassey,SAS,19,10.8,3.3,4.0,1.1,0.4,0.9,0.8,0.725,0.0,0.833,2023-24
1629718,Charlie Brown Jr.,NYK,8,4.7,0.8,0.3,0.0,0.0,0.3,0.3,0.2,0.286,0.0,2023-24
1631096,Chet Holmgren,OKC,82,29.4,16.5,7.9,2.4,0.6,2.3,1.6,0.53,0.37,0.793,2023-24
1629002,Chimezie Metu,DET,51,16.8,6.5,3.8,0.9,0.8,0.3,1.0,0.504,0.298,0.906,2023-24
1628449,Chris Boucher,TOR,50,14.1,6.4,4.1,0.5,0.3,0.5,0.6,0.507,0.33,0.772,2023-24
1630537,Chris Duarte,SAC,59,12.2,3.9,1.8,0.7,0.5,0.1,0.4,0.381,0.346,0.788,2023-24
1641753,Chris Livingston,MIL,21,4.3,1.2,1.0,0.2,0.1,0.0,0.2,0.5,0.2,0.75,2023-24
101108,Chris Paul,GSW,58,26.4,9.2,3.9,6.8,1.2,0.1,1.3,0.441,0.371,0.827,2023-24
1631128,Christian Braun,DEN,82,20.2,7.3,3.7,1.6,0.5,0.4,0.7,0.46,0.384,0.694,2023-24
1626174,Christian Wood,LAL,50,17.4,6.9,5.1,1.0,0.3,0.7,1.0,0.466,0.307,0.702,2023-24
1629643,Chuma Okeke,ORL,47,9.2,2.3,1.7,0.4,0.2,0.1,0.3,0.357,0.28,0.571,2023-24
203991,Clint Capela,ATL,73,25.8,11.5,10.6,1.2,0.6,1.5,1.0,0.571,0.0,0.631,2023-24
1629632,Coby White,CHI,79,36.5,19.1,4.5,5.1,0.7,0.2,2.1,0.447,0.376,0.838,2023-24
1628998,Cody Martin,CHA,28,26.9,7.5,3.9,3.7,1.1,0.6,1.6,0.381,0.314,0.606,2023-24
203469,Cody Zeller,NOP,43,7.4,1.8,2.6,0.9,0.2,0.1,0.4,0.419,0.333,0.605,2023-24
1641732,Colby Jones,SAC,30,6.4,2.1,1.3,0.7,0.2,0.2,0.3,0.394,0.091,0.545,2023-24
1630175,Cole Anthony,ORL,81,22.4,11.6,3.8,2.9,0.8,0.5,1.6,0.435,0.338,0.826,2023-24
1631306,Cole Swider,MIA,18,4.8,2.3,0.4,0.3,0.1,0.1,0.4,0.395,0.333,1.0,2023-24
1630658,Colin Castleton,LAL,16,3.7,1.5,0.8,0.2,0.1,0.0,0.2,0.563,0.0,1.0,2023-24
1631221,Collin Gillespie,DEN,24,9.4,3.6,0.9,1.1,0.5,0.0,0.6,0.464,0.395,0.667,2023-24
1629012,Collin Sexton,UTA,78,26.6,18.7,2.6,4.9,0.8,0.2,2.1,0.487,0.394,0.859,2023-24
1630557,Corey Kispert,WAS,80,25.8,13.4,2.8,2.0,0.5,0.2,1.2,0.486,0.383,0.726,2023-24
202709,Cory Joseph,GSW,26,11.4,2.4,1.2,1.6,0.2,0.1,0.5,0.359,0.31,0.571,2023-24
1641854,Craig Porter Jr.,CLE,51,12.7,5.6,2.1,2.3,0.4,0.3,0.9,0.509,0.353,0.732,2023-24
1626156,D'Angelo Russell,LAL,76,32.7,18.0,3.1,6.3,0.9,0.5,2.1,0.456,0.415,0.828,2023-24
1641793,D'Moi Hodge,LAL,7,5.9,2.0,0.0,0.7,0.1,0.1,0.1,0.333,0.25,0.5,2023-24
1630618,D.J. Carton,TOR,4,8.9,2.8,1.0,0.8,0.3,0.0,0.3,0.375,0.25,0.8,2023-24
1628391,D.J. Wilson,ORL,2,7.7,5.0,1.0,1.0,0.0,1.0,0.0,0.667,1.0,0.0,2023-24
1629610,DaQuan Jeffries,NYK,17,2.7,0.8,0.3,0.3,0.0,0.1,0.2,0.353,0.2,0.0,2023-24
1630227,Daishen Nix,MIN,15,3.3,1.8,0.2,0.4,0.3,0.0,0.3,0.375,0.353,0.5,2023-24
1630625,Dalano Banton,POR,54,19.4,10.3,3.3,2.4,0.6,0.4,1.4,0.404,0.296,0.783,2023-24
1631207,Dalen Terry,CHI,59,11.5,3.1,1.9,1.4,0.5,0.3,0.5,0.439,0.23,0.581,2023-24
1627745,Damian Jones,CLE,39,6.9,2.7,1.6,0.4,0.2,0.3,0.3,0.597,0.214,0.857,2023-24
203081,Damian Lillard,MIL,73,35.3,24.3,4.4,7.0,1.0,0.2,2.6,0.424,0.354,0.92,2023-24
1629655,Daniel Gafford,DAL,74,24.5,11.0,7.6,1.6,0.9,2.1,1.0,0.725,0.0,0.674,2023-24
1628464,Daniel Theis,LAC,60,16.9,6.3,4.1,1.0,0.4,0.9,0.7,0.532,0.366,0.76,2023-24
201568,Danilo Gallinari,MIL,49,12.8,5.7,2.2,1.1,0.3,0.1,0.5,0.437,0.323,0.857,2023-24
201980,Danny Green,PHI,2,9.2,0.0,1.0,0.5,0.5,0.0,0.0,0.0,0.0,0.0,2023-24
203957,Dante Exum,DAL,55,19.8,7.8,2.7,2.9,0.4,0.1,0.9,0.533,0.491,0.779,2023-24
1627863,Danuel House Jr.,PHI,34,15.0,4.2,1.7,0.8,0.4,0.1,0.6,0.448,0.3,0.761,2023-24
203967,Dario Saric,GSW,64,17.2,8.0,4.4,2.3,0.5,0.2,1.2,0.466,0.376,0.849,2023-24
1641727,Dariq Whitehead,BKN,2,12.0,1.5,2.0,1.5,0.0,0.5,0.0,0.2,0.0,0.5,2023-24
1629647,Darius Bazley,UTA,9,16.9,5.3,3.1,0.8,0.7,0.8,0.9,0.6,0.25,0.833,2023-24
1629636,Darius Garland,CLE,57,33.3,18.0,2.7,6.5,1.3,0.1,3.1,0.446,0.371,0.834,2023-24
1630561,David Duke Jr.,SAS,4,12.8,6.5,2.5,1.3,0.5,0.0,0.8,0.556,0.5,1.0,2023-24
1631223,David Roddy,PHX,65,18.1,6.5,3.2,1.2,0.4,0.2,0.9,0.403,0.293,0.691,2023-24
1630558,Davion Mitchell,SAC,72,15.3,5.3,1.3,1.9,0.2,0.0,0.6,0.452,0.361,0.714,2023-24
202722,Davis Bertans,CHA,43,15.7,6.7,1.4,0.8,0.6,0.3,0.4,0.393,0.38,0.909,2023-24
1630549,Day'Ron Sharpe,BKN,61,15.1,6.8,6.4,1.4,0.4,0.7,1.1,0.571,0.267,0.61,2023-24
1628368,De'Aaron Fox,SAC,74,35.9,26.6,4.6,5.6,2.0,0.4,2.6,0.465,0.369,0.738,2023-24
1629631,De'Andre Hunter,ATL,57,29.5,15.6,3.9,1.5,0.7,0.3,1.5,0.459,0.385,0.847,2023-24
1629001,De'Anthony Melton,PHI,38,26.9,11.1,3.7,3.0,1.6,0.4,1.0,0.386,0.36,0.835,2023-24
201599,DeAndre Jordan,DEN,36,11.0,3.9,4.4,0.7,0.2,0.4,0.6,0.624,0.0,0.491,2023-24
1630610,DeJon Jarreau,MEM,9,16.6,4.8,4.9,2.9,0.7,0.2,1.0,0.34,0.308,0.455,2023-24
201942,DeMar DeRozan,CHI,79,37.8,24.0,4.3,5.3,1.1,0.6,1.7,0.48,0.333,0.853,2023-24
1629731,Dean Wade,CLE,54,20.5,5.4,4.0,0.8,0.7,0.5,0.4,0.414,0.391,0.769,2023-24
1629028,Deandre Ayton,POR,55,32.4,16.7,11.1,1.6,1.0,0.8,1.8,0.57,0.1,0.823,2023-24
1627749,Dejounte Murray,ATL,78,35.7,22.5,5.3,6.4,1.4,0.3,2.6,0.459,0.363,0.794,2023-24
1626153,Delon Wright,MIA,47,15.8,4.5,1.8,2.5,1.1,0.2,0.3,0.394,0.368,0.822,2023-24
1630166,Deni Avdija,WAS,75,30.1,14.7,7.2,3.8,0.8,0.5,2.1,0.506,0.374,0.74,2023-24
203471,Dennis Schröder,BKN,80,31.1,14.0,3.0,6.1,0.8,0.2,1.9,0.435,0.375,0.836,2023-24
1628372,Dennis Smith Jr.,BKN,56,18.9,6.6,2.9,3.6,1.2,0.2,1.2,0.435,0.294,0.741,2023-24
1641726,Dereck Lively II,DAL,55,23.5,8.8,6.9,1.1,0.7,1.4,0.9,0.747,0.0,0.506,2023-24
1631220,Dereon Seabron,NOP,6,9.2,2.3,1.2,0.8,0.3,0.2,0.0,0.308,0.5,0.833,2023-24
1627884,Derrick Jones Jr.,DAL,76,23.5,8.6,3.3,1.0,0.7,0.7,0.9,0.483,0.343,0.713,2023-24
201565,Derrick Rose,MEM,24,16.6,8.0,1.9,3.3,0.3,0.1,1.3,0.461,0.366,0.889,2023-24
1628401,Derrick White,BOS,73,32.6,15.2,4.2,5.2,1.0,1.2,1.5,0.461,0.396,0.901,2023-24
1630217,Desmond Bane,MEM,42,34.4,23.7,4.4,5.5,1.0,0.5,2.7,0.464,0.381,0.87,2023-24
1626164,Devin Booker,PHX,68,36.0,27.1,4.5,6.9,0.9,0.4,2.6,0.492,0.364,0.886,2023-24
1630170,Devin Vassell,SAS,68,33.1,19.5,3.8,4.1,1.1,0.3,1.6,0.472,0.372,0.801,2023-24
1628984,Devonte' Graham,SAS,23,13.6,5.0,1.6,2.1,0.4,0.1,0.7,0.352,0.301,0.813,2023-24
1641926,Dexter Dennis,DAL,4,7.5,5.5,2.3,1.0,0.0,0.3,0.8,0.526,0.125,0.333,2023-24
1628415,Dillon Brooks,HOU,72,30.9,12.7,3.4,1.7,0.9,0.1,1.2,0.428,0.359,0.844,2023-24
1631376,Dmytro Skapintsev,NYK,2,1.1,0.0,0.0,0.0,0.0,0.0,0.0,0.0,0.0,0.0,2023-24
1627734,Domantas Sabonis,SAC,82,35.7,19.4,13.7,8.2,0.9,0.6,3.3,0.594,0.379,0.704,2023-24
1631230,Dominick Barlow,SAS,33,12.7,4.4,3.4,1.1,0.4,0.4,0.3,0.496,0.333,0.69,2023-24
1628378,Donovan Mitchell,CLE,55,35.3,26.6,5.1,6.1,1.8,0.5,2.8,0.462,0.368,0.865,2023-24
1628978,Donte DiVincenzo,NYK,81,29.1,15.5,3.7,2.7,1.3,0.4,1.4,0.443,0.401,0.754,2023-24
1627827,Dorian Finney-Smith,BKN,68,28.4,8.5,4.7,1.6,0.8,0.6,0.9,0.421,0.348,0.717,2023-24
203926,Doug McDermott,IND,64,14.1,5.5,0.9,1.1,0.3,0.0,0.4,0.433,0.41,0.579,2023-24
203110,Draymond Green,GSW,55,27.1,8.6,7.2,6.0,1.0,0.9,2.5,0.497,0.395,0.73,2023-24
1629234,Drew Eubanks,PHX,75,15.6,5.1,4.3,0.8,0.4,0.8,0.8,0.601,1.0,0.774,2023-24
1641809,Drew Peterson,BOS,3,7.6,3.7,0.3,0.3,0.7,0.0,0.3,0.667,0.6,0.0,2023-24
1630696,Dru Smith,MIA,9,14.5,4.3,1.6,1.6,1.0,0.3,0.6,0.455,0.412,1.0,2023-24
1629130,Duncan Robinson,MIA,68,28.0,12.9,2.5,2.8,0.7,0.2,1.4,0.45,0.395,0.889,2023-24
1641871,Duop Reath,POR,68,17.9,9.1,3.7,1.0,0.5,0.6,0.8,0.461,0.359,0.742,2023-24
203939,Dwight Powell,DAL,63,13.3,3.3,3.4,1.3,0.4,0.3,0.5,0.679,0.333,0.708,2023-24
1629685,Dylan Windler,ATL,17,6.4,2.5,0.9,0.6,0.1,0.0,0.1,0.5,0.481,0.0,2023-24
1630700,Dyson Daniels,NOP,61,22.3,5.8,3.9,2.7,1.4,0.4,1.0,0.447,0.311,0.642,2023-24
1630604,E.J. Liddell,NOP,8,2.9,0.5,0.6,0.1,0.3,0.3,0.3,0.167,0.0,1.0,2023-24
1641734,Emoni Bates,CLE,15,8.9,2.7,0.9,0.7,0.1,0.1,0.5,0.306,0.303,0.25,2023-24
201569,Eric Gordon,PHX,68,27.8,11.0,1.8,2.0,1.0,0.4,1.1,0.443,0.378,0.797,2023-24
1630647,Eugene Omoruyi,WAS,43,9.1,4.8,2.0,0.8,0.6,0.1,0.5,0.485,0.283,0.653,2023-24
203095,Evan Fournier,DET,32,18.1,6.9,1.8,1.5,0.9,0.2,0.7,0.357,0.254,0.806,2023-24
1630596,Evan Mobley,CLE,50,30.6,15.7,9.4,3.2,0.9,1.4,1.8,0.58,0.373,0.719,2023-24
1630196,Filip Petrusev,PHI,3,3.1,1.0,0.3,0.0,0.0,0.0,0.0,0.5,0.0,0.5,2023-24
1628373,Frank Ntilikina,CHA,5,8.6,1.0,1.2,0.8,0.0,0.0,0.2,0.111,0.125,1.0,2023-24
1630532,Franz Wagner,ORL,72,32.5,19.7,5.3,3.7,1.1,0.4,1.9,0.482,0.281,0.85,2023-24
1627832,Fred VanVleet,HOU,73,36.8,17.4,3.8,8.1,1.4,0.8,1.7,0.416,0.387,0.86,2023-24
1627788,Furkan Korkmaz,PHI,35,8.6,2.5,0.9,0.7,0.4,0.1,0.3,0.395,0.35,0.7,2023-24
1641713,GG Jackson,MEM,48,25.7,14.6,4.1,1.2,0.6,0.5,1.4,0.428,0.357,0.752,2023-24
1629216,Gabe Vincent,LAL,11,19.8,3.1,0.8,1.9,0.8,0.0,0.5,0.306,0.107,0.5,2023-24
202066,Garrett Temple,TOR,27,10.7,3.3,1.7,1.0,0.4,0.1,0.5,0.372,0.3,0.818,2023-24
1629726,Garrison Mathews,ATL,66,15.0,4.9,1.4,0.6,0.3,0.1,0.3,0.456,0.44,0.81,2023-24
203914,Gary Harris,ORL,54,24.0,6.9,1.7,1.6,0.9,0.3,0.6,0.441,0.371,0.756,2023-24
1627780,Gary Payton II,GSW,44,15.5,5.5,2.6,1.1,0.9,0.4,0.6,0.563,0.364,0.609,2023-24
1629018,Gary Trent Jr.,TOR,71,28.1,13.7,2.6,1.7,1.1,0.1,0.7,0.426,0.393,0.771,2023-24
1627777,Georges Niang,CLE,82,22.3,9.4,3.4,1.2,0.4,0.2,0.9,0.449,0.376,0.85,2023-24
203507,Giannis Antetokounmpo,MIL,73,35.2,30.4,11.5,6.5,1.2,1.1,3.4,0.611,0.274,0.657,2023-24
1629048,Goga Bitadze,ORL,62,15.4,5.0,4.6,1.3,0.5,1.2,0.7,0.603,0.143,0.655,2023-24
202330,Gordon Hayward,OKC,51,24.4,9.8,3.5,3.1,0.8,0.3,1.3,0.464,0.411,0.742,2023-24
1641711,Gradey Dick,TOR,60,21.1,8.5,2.2,1.1,0.6,0.0,0.8,0.425,0.365,0.863,2023-24
1629684,Grant Williams,CHA,76,28.0,10.3,4.2,2.3,0.6,0.5,1.4,0.456,0.375,0.757,2023-24
1628960,Grayson Allen,PHX,75,33.5,13.5,3.9,3.0,0.9,0.6,1.3,0.499,0.461,0.878,2023-24
1630535,Greg Brown III,DAL,6,6.6,2.5,1.5,0.7,0.0,0.7,0.7,0.455,0.333,0.444,2023-24
1630611,Gui Santos,GSW,23,8.4,3.6,2.1,0.6,0.2,0.1,0.3,0.509,0.37,0.941,2023-24
1628977,Hamidou Diallo,WAS,2,2.4,1.0,1.0,0.5,1.0,0.0,0.5,0.5,0.0,0.0,2023-24
203084,Harrison Barnes,SAC,82,29.0,12.2,3.0,1.2,0.7,0.1,0.7,0.474,0.387,0.801,2023-24
1628385,Harry Giles III,LAL,23,4.3,2.4,1.3,0.3,0.1,0.1,0.3,0.46,0.214,0.538,2023-24
1629312,Haywood Highsmith,MIA,66,20.7,6.1,3.2,1.1,0.8,0.5,0.5,0.465,0.396,0.639,2023-24
1630929,Henri Drell,CHI,4,7.5,2.8,1.0,1.0,0.5,0.3,0.5,0.4,0.333,0.5,2023-24
1630529,Herbert Jones,NOP,76,30.5,11.0,3.6,2.6,1.4,0.8,1.2,0.498,0.418,0.867,2023-24
1641816,Hunter Tyson,DEN,18,2.7,1.1,0.5,0.1,0.1,0.0,0.1,0.4,0.286,0.0,2023-24
1630641,Ibou Badji,POR,22,10.3,1.5,2.3,0.6,0.1,0.9,0.7,0.636,0.0,0.5,2023-24
1630193,Immanuel Quickley,TOR,68,29.2,17.0,3.8,4.9,0.7,0.1,1.5,0.434,0.395,0.853,2023-24
1630171,Isaac Okoro,CLE,69,27.3,9.4,3.0,1.9,0.8,0.5,0.8,0.49,0.391,0.679,2023-24
1628392,Isaiah Hartenstein,NYK,75,25.3,7.8,8.3,2.5,1.2,1.1,1.2,0.644,0.333,0.707,2023-24
1630543,Isaiah Jackson,IND,60,12.8,6.4,4.0,0.8,0.6,1.0,0.7,0.665,0.0,0.716,2023-24
1630198,Isaiah Joe,OKC,78,18.5,8.2,2.3,1.3,0.6,0.3,0.6,0.458,0.416,0.865,2023-24
1630587,Isaiah Livers,DET,23,20.4,5.0,2.1,1.1,0.6,0.2,0.7,0.345,0.286,0.667,2023-24
1630600,Isaiah Mobley,CLE,10,7.2,2.3,1.0,0.6,0.2,0.0,0.2,0.417,0.3,0.0,2023-24
1630191,Isaiah Stewart,DET,46,30.9,10.9,6.6,1.6,0.4,0.8,1.4,0.487,0.383,0.753,2023-24
202738,Isaiah Thomas,PHX,6,3.2,1.3,0.0,0.5,0.0,0.0,0.0,0.3,0.5,0.0,2023-24
1631209,Isaiah Wong,IND,1,4.3,2.0,0.0,0.0,0.0,0.0,0.0,0.333,0.0,0.0,2023-24
202397,Ish Smith,CHA,43,17.2,3.2,1.8,3.4,0.4,0.1,1.1,0.418,0.5,0.75,2023-24
1630688,Ish Wainright,PHX,11,5.7,2.1,1.3,0.1,0.4,0.1,0.2,0.292,0.35,1.0,2023-24
1627826,Ivica Zubac,LAC,68,26.4,11.7,9.2,1.4,0.3,1.2,1.2,0.649,0.0,0.723,2023-24
1631167,Izaiah Brockington,NOP,1,3.4,4.0,2.0,0.0,0.0,0.0,0.0,0.4,0.0,0.0,2023-24
1631120,JD Davison,BOS,8,4.9,2.0,1.3,1.3,0.1,0.1,0.3,0.417,0.429,0.75,2023-24
1630550,JT Thor,CHA,63,12.4,3.2,2.3,0.5,0.2,0.4,0.2,0.437,0.346,0.55,2023-24
1629630,Ja Morant,MEM,9,35.3,25.1,5.6,8.1,0.8,0.6,3.0,0.471,0.275,0.813,2023-24
201580,JaVale McGee,SAC,46,7.4,4.0,2.7,0.4,0.3,0.4,0.7,0.598,0.143,0.578,2023-24
1631095,Jabari Smith Jr.,HOU,76,31.9,13.7,8.1,1.6,0.7,0.8,1.2,0.454,0.363,0.811,2023-24
1631133,Jabari Walker,POR,72,23.6,8.9,7.1,1.0,0.6,0.3,0.9,0.46,0.295,0.754,2023-24
1631298,Jack White,OKC,4,15.9,1.5,3.0,0.3,1.0,0.3,0.5,0.125,0.2,0.0,2023-24
1631367,Jacob Gilyard,BKN,41,17.0,4.2,1.1,3.3,0.8,0.1,0.7,0.4,0.405,1.0,2023-24
1631210,Jacob Toppin,NYK,9,4.2,1.4,0.8,0.3,0.0,0.1,0.1,0.556,0.25,1.0,2023-24
1630702,Jaden Hardy,DAL,73,13.6,7.3,1.8,1.5,0.3,0.1,0.8,0.407,0.362,0.776,2023-24
1631093,Jaden Ivey,DET,77,28.8,15.4,3.4,3.8,0.7,0.5,2.5,0.429,0.336,0.749,2023-24
1630183,Jaden McDaniels,MIN,72,29.2,10.5,3.1,1.4,0.9,0.6,1.2,0.489,0.337,0.722,2023-24
1630531,Jaden Springer,BOS,49,10.3,3.3,1.6,0.9,0.7,0.3,0.7,0.399,0.208,0.833,2023-24
203109,Jae Crowder,MIL,50,23.1,6.2,3.2,1.3,0.8,0.2,0.5,0.422,0.349,0.722,2023-24
1630256,Jae'Sean Tate,HOU,65,15.9,4.1,3.0,1.0,0.6,0.2,0.6,0.472,0.299,0.667,2023-24
1630186,Jahmi'us Ramsey,TOR,7,17.3,6.7,3.1,1.1,1.0,0.0,1.0,0.439,0.273,0.833,2023-24
1631170,Jaime Jaquez Jr.,MIA,75,28.2,11.9,3.8,2.6,1.0,0.3,1.5,0.489,0.322,0.811,2023-24
1631222,Jake LaRavia,MEM,35,23.0,10.8,3.7,1.7,0.8,0.3,1.3,0.389,0.34,0.826,2023-24
1627751,Jakob Poeltl,TOR,50,26.4,11.1,8.6,2.5,0.7,1.5,1.5,0.656,0.0,0.551,2023-24
1628973,Jalen Brunson,NYK,77,35.4,28.7,3.6,6.7,0.9,0.2,2.4,0.479,0.401,0.847,2023-24
1630622,Jalen Crutcher,NOP,1,2.7,0.0,0.0,0.0,0.0,0.0,0.0,0.0,0.0,0.0,2023-24
1631105,Jalen Duren,DET,61,29.1,13.8,11.6,2.4,0.5,0.8,2.1,0.619,0.0,0.79,2023-24
1630224,Jalen Green,HOU,82,31.7,19.6,5.2,3.5,0.8,0.3,2.3,0.423,0.332,0.804,2023-24
1641720,Jalen Hood-Schifino,LAL,21,5.2,1.6,0.6,0.4,0.1,0.1,0.4,0.222,0.133,0.6,2023-24
1630552,Jalen Johnson,ATL,56,33.7,16.0,8.7,3.6,1.2,0.8,1.8,0.511,0.355,0.728,2023-24
1629667,Jalen McDaniels,TOR,50,10.8,3.4,1.6,0.7,0.4,0.1,0.6,0.344,0.169,0.73,2023-24
1629618,Jalen Pickett,DEN,27,4.5,1.6,0.5,0.8,0.1,0.0,0.3,0.429,0.36,0.75,2023-24
1641771,Jalen Slawson,SAC,12,3.1,0.7,0.6,0.2,0.1,0.1,0.2,0.667,0.0,0.0,2023-24
1630188,Jalen Smith,IND,61,17.2,9.9,5.5,1.0,0.3,0.6,0.7,0.592,0.424,0.692,2023-24
1630591,Jalen Suggs,ORL,75,27.0,12.6,3.1,2.7,1.4,0.6,1.8,0.471,0.397,0.756,2023-24
1631114,Jalen Williams,OKC,71,31.3,19.1,4.0,4.5,1.1,0.6,1.7,0.54,0.427,0.814,2023-24
1630592,Jalen Wilson,BKN,43,15.5,5.0,3.0,1.0,0.3,0.1,0.4,0.425,0.324,0.826,2023-24
1631288,Jamal Cain,MIA,26,10.0,3.7,1.4,0.4,0.4,0.2,0.3,0.43,0.355,0.783,2023-24
1627750,Jamal Murray,DEN,59,31.5,21.2,4.1,6.5,1.0,0.7,2.1,0.481,0.425,0.853,2023-24
1631123,Jamaree Bouyea,SAS,9,10.5,2.3,2.1,1.2,0.1,0.0,1.0,0.357,0.111,0.0,2023-24
1630547,James Bouknight,CHA,14,5.8,3.6,0.6,0.4,0.1,0.1,0.1,0.439,0.433,0.5,2023-24
201935,James Harden,LAC,72,34.3,16.6,5.1,8.5,1.1,0.8,2.6,0.428,0.381,0.878,2023-24
201949,James Johnson,IND,9,5.2,0.9,0.4,0.9,0.6,0.1,0.6,0.3,0.0,1.0,2023-24
1630164,James Wiseman,DET,63,17.3,7.1,5.3,0.9,0.2,0.6,1.0,0.613,0.0,0.706,2023-24
1641716,Jarace Walker,IND,33,10.3,3.6,1.9,1.2,0.5,0.3,0.5,0.409,0.4,0.889,2023-24
1630215,Jared Butler,WAS,40,14.1,6.3,1.5,3.2,0.7,0.2,1.3,0.488,0.308,0.861,2023-24
1631197,Jared Rhoden,DET,17,14.4,4.9,1.9,0.8,0.2,0.8,0.4,0.5,0.387,0.625,2023-24
1628991,Jaren Jackson Jr.,MEM,66,32.2,22.5,5.5,2.3,1.2,1.6,2.4,0.444,0.32,0.808,2023-24
1629020,Jarred Vanderbilt,LAL,29,20.0,5.2,4.8,1.2,1.2,0.2,1.0,0.518,0.296,0.667,2023-24
1628386,Jarrett Allen,CLE,77,31.7,16.5,10.5,2.7,0.7,1.1,1.6,0.634,0.0,0.742,2023-24
1630554,Jason Preston,UTA,7,10.2,1.7,2.4,2.3,0.3,0.1,0.3,0.316,0.0,0.0,2023-24
1631241,Javon Freeman-Liberty,TOR,22,18.3,7.0,3.2,1.8,0.5,0.2,1.1,0.444,0.238,0.917,2023-24
1629750,Javonte Green,CHI,9,25.6,12.2,7.4,0.6,1.1,0.9,0.8,0.6,0.37,0.769,2023-24
1630606,Javonte Smart,PHI,1,0.7,0.0,0.0,0.0,0.0,0.0,0.0,0.0,0.0,0.0,2023-24
1629637,Jaxson Hayes,LAL,70,12.5,4.3,3.0,0.5,0.5,0.4,0.6,0.72,0.0,0.622,2023-24
1630643,Jay Huff,DEN,20,2.5,1.2,0.6,0.1,0.1,0.2,0.1,0.6,0.333,1.0,2023-24
1627759,Jaylen Brown,BOS,70,33.5,23.0,5.5,3.6,1.2,0.5,2.4,0.499,0.354,0.703,2023-24
1629669,Jaylen Nowell,SAC,13,16.4,6.2,1.8,1.5,0.3,0.2,0.5,0.436,0.207,0.778,2023-24
1631119,Jaylin Williams,OKC,69,13.0,4.0,3.4,1.6,0.4,0.4,0.5,0.417,0.368,0.805,2023-24
1628369,Jayson Tatum,BOS,74,35.7,26.9,8.1,4.9,1.0,0.6,2.5,0.471,0.376,0.833,2023-24
1630288,Jeff Dowtin Jr.,PHI,12,11.8,4.3,1.7,2.3,0.6,0.1,0.4,0.556,0.474,0.75,2023-24
201145,Jeff Green,HOU,78,16.8,6.5,2.3,0.9,0.2,0.4,0.6,0.456,0.331,0.819,2023-24
203924,Jerami Grant,POR,54,33.9,21.0,3.5,2.8,0.8,0.6,2.1,0.451,0.402,0.817,2023-24
1630526,Jeremiah Robinson-Earl,NOP,39,8.6,2.9,1.9,0.5,0.3,0.1,0.4,0.474,0.333,0.75,2023-24
1631110,Jeremy Sochan,SAS,74,29.6,11.6,6.4,3.4,0.8,0.5,1.9,0.438,0.308,0.771,2023-24
1630579,Jericho Sims,NYK,45,13.0,2.0,3.3,0.6,0.2,0.4,0.4,0.691,0.0,0.667,2023-24
1631257,Jermaine Samuels Jr.,HOU,14,4.3,1.4,0.9,0.2,0.1,0.1,0.0,0.643,0.0,1.0,2023-24
1629010,Jerome Robinson,GSW,22,3.7,1.4,0.3,0.2,0.0,0.1,0.1,0.333,0.118,0.636,2023-24
1641724,Jett Howard,ORL,18,3.7,1.6,0.4,0.3,0.1,0.1,0.2,0.333,0.28,0.5,2023-24
1628975,Jevon Carter,CHI,72,13.9,5.0,0.8,1.3,0.5,0.2,0.5,0.378,0.329,0.571,2023-24
202710,Jimmy Butler III,MIA,60,34.0,20.8,5.3,5.0,1.3,0.3,1.7,0.499,0.414,0.858,2023-24
1629111,Jock Landale,HOU,56,13.6,4.9,3.1,1.2,0.4,0.6,0.6,0.515,0.25,0.8,2023-24
203925,Joe Harris,DET,16,10.6,2.4,0.8,0.6,0.2,0.1,0.3,0.359,0.333,0.5,2023-24
204060,Joe Ingles,ORL,68,17.2,4.4,2.1,3.0,0.6,0.1,1.0,0.436,0.435,0.824,2023-24
203954,Joel Embiid,PHI,39,33.6,34.7,11.0,5.6,1.2,1.7,3.8,0.529,0.388,0.883,2023-24
1628381,John Collins,UTA,68,28.0,15.1,8.5,1.1,0.6,0.9,1.4,0.532,0.371,0.795,2023-24
1629723,John Konchar,MEM,55,21.3,4.3,4.7,2.0,0.9,0.9,0.8,0.423,0.317,0.84,2023-24
1631098,Johnny Davis,WAS,50,12.3,3.0,1.4,0.6,0.4,0.2,0.3,0.403,0.35,0.583,2023-24
1630548,Johnny Juzang,UTA,20,18.6,7.2,1.8,1.2,0.2,0.1,0.7,0.464,0.416,0.714,2023-24
202685,Jonas Valančiūnas,NOP,82,23.5,12.2,8.8,2.1,0.4,0.8,1.4,0.559,0.308,0.785,2023-24
1628371,Jonathan Isaac,ORL,58,15.8,6.8,4.5,0.5,0.7,1.2,0.5,0.51,0.375,0.72,2023-24
1630228,Jonathan Kuminga,GSW,74,26.3,16.1,4.8,2.2,0.7,0.5,1.6,0.529,0.321,0.746,2023-24
1629007,Jontay Porter,DET,26,13.8,4.4,3.2,2.3,0.8,0.8,0.8,0.385,0.333,0.833,2023-24
203903,Jordan Clarkson,UTA,55,30.6,17.1,3.4,5.0,0.6,0.1,2.7,0.413,0.294,0.881,2023-24
1630259,Jordan Ford,SAC,6,3.6,2.0,0.3,0.3,0.0,0.0,0.2,0.571,0.667,1.0,2023-24
1630692,Jordan Goodwin,MEM,57,18.5,6.5,4.4,2.7,0.8,0.3,1.0,0.369,0.298,0.746,2023-24
1641722,Jordan Hawkins,NOP,67,17.3,7.8,2.2,1.0,0.3,0.1,0.6,0.382,0.366,0.838,2023-24
1629162,Jordan McLaughlin,MIN,56,11.2,3.5,1.3,2.0,0.6,0.1,0.3,0.483,0.472,0.722,2023-24
1641757,Jordan Miller,LAC,8,3.5,1.6,0.6,0.0,0.0,0.0,0.1,0.556,0.5,1.0,2023-24
1629670,Jordan Nwora,TOR,52,13.7,7.0,2.9,1.2,0.5,0.3,1.0,0.462,0.336,0.83,2023-24
1629673,Jordan Poole,WAS,78,30.1,17.4,2.7,4.4,1.1,0.3,2.4,0.413,0.326,0.877,2023-24
1641775,Jordan Walsh,BOS,9,9.3,1.7,2.2,0.6,0.6,0.1,0.3,0.4,0.222,0.5,2023-24
1630631,Jose Alvarado,NOP,56,18.4,7.1,2.3,2.1,1.1,0.3,0.7,0.412,0.377,0.673,2023-24
1630581,Josh Giddey,OKC,80,25.1,12.3,6.4,4.8,0.7,0.6,2.1,0.475,0.337,0.806,2023-24
1630182,Josh Green,DAL,57,26.4,8.2,3.2,2.3,0.8,0.2,1.1,0.479,0.385,0.684,2023-24
1628404,Josh Hart,NYK,81,33.4,9.4,8.3,4.1,0.9,0.3,1.5,0.434,0.31,0.791,2023-24
1631169,Josh Minott,MIN,32,2.9,1.6,0.5,0.3,0.2,0.2,0.1,0.472,0.4,0.857,2023-24
1629006,Josh Okogie,PHX,60,16.0,4.6,2.6,1.1,0.8,0.4,0.6,0.417,0.309,0.745,2023-24
1626196,Josh Richardson,MIA,43,25.6,9.9,2.8,2.4,0.6,0.3,0.8,0.444,0.347,0.944,2023-24
1630563,Joshua Primo,LAC,2,5.1,1.0,0.5,0.0,0.0,0.5,2.0,0.333,0.0,0.0,2023-24
201950,Jrue Holiday,BOS,69,32.8,12.5,5.4,4.8,0.9,0.8,1.8,0.48,0.429,0.833,2023-24
1629308,Juan Toscano-Anderson,SAC,11,4.8,0.6,1.3,0.4,0.1,0.1,0.2,0.25,0.25,0.0,2023-24
1631262,Jules Bernard,WAS,19,7.9,3.9,1.4,0.8,0.2,0.1,0.4,0.453,0.379,0.556,2023-24
1630577,Julian Champagnie,SAS,74,19.8,6.8,2.8,1.4,0.6,0.6,0.8,0.408,0.365,0.815,2023-24
1641763,Julian Phillips,CHI,40,8.1,2.2,0.9,0.3,0.2,0.2,0.3,0.416,0.316,0.684,2023-24
1631124,Julian Strawther,DEN,50,10.9,4.5,1.2,0.9,0.3,0.1,0.5,0.369,0.297,0.71,2023-24
203944,Julius Randle,NYK,46,35.4,24.0,9.2,5.0,0.5,0.3,3.5,0.472,0.311,0.781,2023-24
1630551,Justin Champagnie,WAS,15,15.7,5.9,3.5,1.3,0.7,0.6,0.7,0.41,0.289,0.8,2023-24
203200,Justin Holiday,DEN,58,14.9,4.0,1.2,1.2,0.6,0.2,0.2,0.454,0.404,0.75,2023-24
1628382,Justin Jackson,MIN,2,0.4,0.0,0.0,0.0,0.0,0.0,0.0,0.0,0.0,0.0,2023-24
1631303,Justin Minaya,POR,34,11.2,1.8,1.6,0.6,0.3,0.3,0.3,0.297,0.245,0.556,2023-24
203994,Jusuf Nurkić,PHX,76,27.3,10.9,11.0,4.0,1.1,1.1,2.3,0.51,0.244,0.64,2023-24
1630231,KJ Martin,PHI,60,12.4,3.7,2.2,0.9,0.4,0.2,0.5,0.536,0.286,0.537,2023-24
1629232,Kaiser Gates,NOP,1,7.4,0.0,1.0,0.0,0.0,0.0,0.0,0.0,0.0,0.0,2023-24
1626157,Karl-Anthony Towns,MIN,62,32.7,21.8,8.3,3.0,0.7,0.7,2.9,0.504,0.416,0.873,2023-24
202695,Kawhi Leonard,LAC,68,34.3,23.7,6.1,3.6,1.6,0.9,1.8,0.525,0.417,0.885,2023-24
1631099,Keegan Murray,SAC,77,33.6,15.2,5.5,1.7,1.0,0.8,0.8,0.454,0.358,0.831,2023-24
1628966,Keita Bates-Diop,BKN,53,12.5,3.7,2.1,0.7,0.5,0.4,0.3,0.434,0.304,0.762,2023-24
1629640,Keldon Johnson,SAS,69,29.5,15.7,5.5,2.8,0.7,0.3,1.4,0.454,0.346,0.792,2023-24
203482,Kelly Olynyk,TOR,78,22.5,9.8,5.3,4.4,0.9,0.4,1.9,0.555,0.387,0.833,2023-24
1626162,Kelly Oubre Jr.,PHI,68,30.2,15.4,5.0,1.5,1.1,0.7,1.3,0.441,0.311,0.75,2023-24
1631112,Kendall Brown,IND,15,4.2,1.4,0.3,0.3,0.0,0.0,0.1,0.533,0.0,0.625,2023-24
1631254,Kenneth Lofton Jr.,UTA,21,9.4,4.6,1.8,1.6,0.3,0.2,0.7,0.462,0.292,0.654,2023-24
1629026,Kenrich Williams,OKC,69,14.9,4.7,3.0,1.3,0.6,0.1,0.5,0.468,0.397,0.5,2023-24
203484,Kentavious Caldwell-Pope,DEN,76,31.6,10.1,2.4,2.4,1.3,0.6,1.0,0.46,0.406,0.894,2023-24
1631165,Keon Ellis,SAC,57,17.2,5.4,2.2,1.5,0.9,0.5,0.6,0.461,0.417,0.743,2023-24
1630553,Keon Johnson,BKN,5,12.3,6.2,1.4,0.6,0.6,0.2,1.0,0.381,0.4,0.917,2023-24
1630556,Kessler Edwards,SAC,54,5.1,1.7,0.8,0.3,0.2,0.1,0.1,0.415,0.385,0.556,2023-24
201142,Kevin Durant,PHX,75,37.2,27.1,6.6,5.0,0.9,1.2,3.3,0.523,0.413,0.856,2023-24
1628989,Kevin Huerter,SAC,64,24.4,10.2,3.5,2.6,0.7,0.4,0.8,0.443,0.361,0.766,2023-24
1628995,Kevin Knox II,POR,31,18.1,7.2,2.4,0.7,0.4,0.2,0.7,0.462,0.33,0.909,2023-24
201567,Kevin Love,MIA,55,16.8,8.8,6.1,2.1,0.3,0.2,0.9,0.44,0.344,0.787,2023-24
1630284,Kevon Harris,ORL,2,3.0,2.0,1.0,0.5,0.0,0.0,0.5,0.667,0.0,0.0,2023-24
1626172,Kevon Looney,GSW,74,16.1,4.5,5.7,1.8,0.4,0.4,0.7,0.597,0.0,0.675,2023-24
1641749,Keyontae Johnson,OKC,9,7.4,1.2,1.1,0.4,0.1,0.0,0.4,0.313,0.333,0.0,2023-24
1641718,Keyonte George,UTA,75,27.0,13.0,2.8,4.4,0.5,0.1,2.5,0.391,0.334,0.848,2023-24
203114,Khris Middleton,MIL,55,27.0,15.1,4.7,5.3,0.9,0.3,2.3,0.493,0.381,0.833,2023-24
1630165,Killian Hayes,DET,42,24.0,6.9,2.8,4.9,0.9,0.5,1.2,0.413,0.297,0.66,2023-24
1630184,Kira Lewis Jr.,UTA,28,9.4,3.2,0.9,1.3,0.3,0.1,0.5,0.37,0.121,0.85,2023-24
202691,Klay Thompson,GSW,77,29.7,17.9,3.3,2.3,0.6,0.5,1.5,0.432,0.387,0.927,2023-24
1641738,Kobe Brown,LAC,44,9.0,2.0,1.4,0.6,0.3,0.1,0.2,0.411,0.292,0.5,2023-24
1641723,Kobe Bufkin,ATL,17,11.5,4.8,1.9,1.6,0.4,0.3,0.6,0.37,0.225,0.5,2023-24
1628424,Kobi Simmons,TOR,4,16.9,5.0,1.8,3.0,1.5,0.5,0.3,0.429,0.25,0.0,2023-24
1627739,Kris Dunn,UTA,66,18.9,5.4,2.9,3.8,1.0,0.4,1.2,0.47,0.369,0.688,2023-24
1631200,Kris Murray,POR,62,21.7,6.1,3.6,1.3,0.9,0.3,0.9,0.396,0.268,0.661,2023-24
204001,Kristaps Porziņģis,BOS,57,29.6,20.1,7.2,2.0,0.7,1.9,1.6,0.516,0.375,0.858,2023-24
203937,Kyle Anderson,MIN,79,22.6,6.4,3.5,4.2,0.9,0.6,1.2,0.46,0.229,0.708,2023-24
1628398,Kyle Kuzma,WAS,70,32.6,22.2,6.6,4.2,0.5,0.7,2.7,0.463,0.336,0.775,2023-24
200768,Kyle Lowry,PHI,60,28.2,8.1,3.2,4.2,1.0,0.4,1.4,0.432,0.392,0.84,2023-24
202681,Kyrie Irving,DAL,58,35.0,25.6,5.0,5.2,1.3,0.5,1.8,0.497,0.411,0.905,2023-24
1630163,LaMelo Ball,CHA,22,32.3,23.9,5.1,8.0,1.8,0.2,3.8,0.433,0.355,0.865,2023-24
1630205,Lamar Stevens,MEM,38,14.7,7.2,3.3,0.7,0.6,0.6,0.6,0.45,0.304,0.778,2023-24
1629013,Landry Shamet,WAS,46,15.8,7.1,1.3,1.2,0.5,0.2,0.7,0.431,0.338,0.826,2023-24
1626204,Larry Nance Jr.,NOP,61,19.9,5.7,5.0,1.9,1.0,0.3,0.8,0.573,0.415,0.77,2023-24
1628374,Lauri Markkanen,UTA,55,33.1,23.2,8.2,2.0,0.9,0.5,1.4,0.48,0.399,0.899,2023-24
2544,LeBron James,LAL,71,35.3,25.7,7.3,8.3,1.3,0.5,3.5,0.54,0.41,0.75,2023-24
1641778,Leaky Black,CHA,26,10.9,2.7,1.8,0.9,0.3,0.4,0.2,0.481,0.45,0.667,2023-24
1631159,Leonard Miller,MIN,17,3.1,1.7,1.2,0.5,0.1,0.1,0.1,0.65,0.4,0.5,2023-24
1631311,Lester Quinones,GSW,37,10.7,4.4,1.9,1.0,0.2,0.1,0.5,0.397,0.364,0.69,2023-24
1629623,Lindell Wigginton,MIL,3,2.5,2.0,0.0,0.0,0.0,0.0,0.3,0.4,0.0,1.0,2023-24
1630322,Lindy Waters III,OKC,38,7.4,3.6,1.1,0.6,0.1,0.2,0.2,0.471,0.435,1.0,2023-24
1629022,Lonnie Walker IV,BKN,58,17.4,9.7,2.2,1.3,0.6,0.3,0.9,0.423,0.384,0.763,2023-24
1629652,Luguentz Dort,OKC,79,28.4,10.9,3.6,1.4,0.9,0.6,0.9,0.438,0.394,0.826,2023-24
1629029,Luka Dončić,DAL,70,37.5,33.9,9.2,9.8,1.4,0.5,4.0,0.487,0.382,0.786,2023-24
1630568,Luka Garza,MIN,25,4.9,4.0,1.2,0.2,0.2,0.0,0.2,0.48,0.281,0.72,2023-24
1629677,Luka Samanic,UTA,43,9.4,4.1,2.4,0.4,0.1,0.2,0.7,0.38,0.203,0.786,2023-24
1628379,Luke Kennard,MEM,39,25.6,11.0,2.9,3.5,0.5,0.1,1.4,0.448,0.45,0.889,2023-24
1628436,Luke Kornet,BOS,63,15.6,5.3,4.1,1.1,0.4,1.0,0.3,0.7,1.0,0.907,2023-24
1630201,Malachi Flynn,DET,69,12.7,5.5,1.7,1.9,0.6,0.1,0.9,0.418,0.331,0.732,2023-24
1631103,Malaki Branham,SAS,75,21.3,9.2,2.0,2.1,0.4,0.1,1.2,0.432,0.347,0.873,2023-24
1627763,Malcolm Brogdon,POR,39,28.7,15.7,3.8,5.5,0.7,0.2,1.5,0.44,0.412,0.819,2023-24
1630608,Malcolm Cazalon,DET,1,2.6,0.0,0.0,0.0,0.0,0.0,0.0,0.0,0.0,0.0,2023-24
1627736,Malik Beasley,MIL,79,29.6,11.3,3.7,1.4,0.7,0.1,0.7,0.443,0.413,0.714,2023-24
1628370,Malik Monk,SAC,72,26.0,15.4,2.9,5.1,0.6,0.5,2.1,0.443,0.35,0.829,2023-24
1642013,Malik Williams,TOR,7,15.2,2.7,5.4,0.3,0.4,0.6,0.4,0.265,0.2,0.0,2023-24
1629603,Mamadi Diakite,NYK,6,4.1,2.0,0.7,0.3,0.2,0.2,0.2,0.667,0.0,0.667,2023-24
1641970,Maozinha Pereira,MEM,7,17.4,6.9,5.3,0.3,0.9,0.6,0.7,0.514,0.385,0.7,2023-24
1630699,MarJon Beauchamp,MIL,48,12.7,4.4,2.1,0.6,0.3,0.1,0.6,0.488,0.4,0.679,2023-24
202694,Marcus Morris Sr.,CLE,49,16.7,6.4,2.7,0.7,0.3,0.3,0.6,0.439,0.403,0.818,2023-24
1631204,Marcus Sasser,DET,71,19.0,8.3,1.8,3.3,0.6,0.2,1.3,0.428,0.375,0.879,2023-24
203935,Marcus Smart,MEM,20,30.2,14.5,2.7,4.3,2.1,0.3,3.1,0.43,0.313,0.768,2023-24
1631109,Mark Williams,CHA,19,26.8,12.7,9.7,1.2,0.8,1.1,0.9,0.649,0.0,0.719,2023-24
1628365,Markelle Fultz,ORL,43,21.2,7.8,3.2,2.8,1.0,0.3,1.2,0.472,0.222,0.697,2023-24
202693,Markieff Morris,DAL,26,8.3,2.5,1.5,0.6,0.2,0.1,0.5,0.338,0.357,0.833,2023-24
1641806,Markquis Nowell,TOR,1,3.5,2.0,2.0,2.0,1.0,0.0,0.0,0.0,0.0,1.0,2023-24
1629716,Marques Bolden,CHA,11,11.0,3.4,3.1,0.4,0.3,0.6,0.3,0.68,0.0,0.75,2023-24
1628963,Marvin Bagley III,WAS,50,21.1,11.7,6.2,1.1,0.4,0.7,1.2,0.586,0.391,0.762,2023-24
1630222,Mason Jones,SAC,5,5.5,1.4,1.0,1.0,0.2,0.0,0.4,0.25,0.286,0.5,2023-24
203486,Mason Plumlee,LAC,46,14.7,5.3,5.1,1.2,0.3,0.4,0.8,0.569,0.0,0.707,2023-24
1629680,Matisse Thybulle,POR,65,22.9,5.4,2.1,1.4,1.7,0.8,0.6,0.397,0.346,0.759,2023-24
1630562,Matt Hurt,MEM,8,14.2,4.0,2.0,0.5,0.4,0.4,0.3,0.353,0.25,1.0,2023-24
1630346,Matt Ryan,NOP,28,13.9,5.4,1.4,0.6,0.2,0.0,0.7,0.434,0.451,0.929,2023-24
1631108,Max Christie,LAL,67,14.1,4.2,2.1,0.9,0.3,0.3,0.5,0.427,0.356,0.783,2023-24
1629622,Max Strus,CLE,70,32.0,12.2,4.8,4.0,0.9,0.4,1.6,0.418,0.351,0.794,2023-24
1628467,Maxi Kleber,DAL,43,20.3,4.4,3.3,1.6,0.4,0.7,0.7,0.432,0.348,0.702,2023-24
1641721,Maxwell Lewis,LAL,34,3.0,0.3,0.1,0.2,0.1,0.0,0.3,0.19,0.111,0.667,2023-24
1630695,Micah Potter,UTA,16,11.6,3.3,2.7,0.4,0.3,0.4,0.3,0.475,0.429,0.75,2023-24
1629008,Michael Porter Jr.,DEN,81,31.7,16.7,7.0,1.5,0.5,0.7,1.1,0.484,0.397,0.836,2023-24
1628969,Mikal Bridges,BKN,82,34.8,19.6,4.5,3.6,1.0,0.4,2.0,0.436,0.372,0.814,2023-24
201144,Mike Conley,MIN,76,28.9,11.4,2.9,5.9,1.2,0.2,1.3,0.457,0.442,0.911,2023-24
203488,Mike Muscala,OKC,53,11.3,3.0,2.4,0.7,0.2,0.2,0.4,0.359,0.292,0.68,2023-24
1628970,Miles Bridges,CHA,69,37.4,21.0,7.3,3.3,0.9,0.5,2.0,0.462,0.349,0.825,2023-24
1630540,Miles McBride,NYK,68,19.5,8.3,1.5,1.7,0.7,0.1,0.4,0.452,0.41,0.86,2023-24
1629011,Mitchell Robinson,NYK,31,24.8,5.6,8.5,0.6,1.2,1.1,0.8,0.575,0.0,0.409,2023-24
1628964,Mo Bamba,PHI,57,13.0,4.4,4.2,0.7,0.4,1.1,0.7,0.49,0.391,0.68,2023-24
1628420,Monte Morris,MIN,33,14.4,5.0,1.7,2.1,0.6,0.3,0.2,0.405,0.386,0.684,2023-24
1629021,Moritz Wagner,ORL,80,17.7,10.9,4.3,1.2,0.5,0.3,1.2,0.601,0.33,0.814,2023-24
1629650,Moses Brown,POR,22,9.1,3.4,3.9,0.3,0.2,0.3,0.5,0.508,0.0,0.29,2023-24
1630541,Moses Moody,GSW,66,17.5,8.1,3.0,0.9,0.6,0.4,0.7,0.462,0.36,0.785,2023-24
1631338,Mouhamadou Gueye,TOR,11,10.9,2.4,2.1,0.5,0.3,1.6,1.1,0.289,0.0,0.444,2023-24
1631243,Mouhamed Gueye,ATL,6,12.1,4.0,3.7,0.7,0.8,0.7,0.2,0.348,0.333,0.833,2023-24
1631217,Moussa Diabaté,LAC,11,5.8,2.6,2.2,0.4,0.5,0.1,0.2,0.526,0.0,0.643,2023-24
1626167,Myles Turner,IND,77,27.0,17.1,6.9,1.3,0.5,1.9,1.4,0.524,0.358,0.773,2023-24
1630230,Naji Marshall,NOP,66,19.0,7.1,3.6,1.9,0.7,0.2,1.0,0.463,0.387,0.791,2023-24
1629642,Nassir Little,PHX,45,10.2,3.4,1.7,0.5,0.2,0.2,0.3,0.46,0.3,0.85,2023-24
1630207,Nate Hinton,HOU,15,5.0,2.2,1.5,0.7,0.2,0.1,0.2,0.423,0.5,0.8,2023-24
1631466,Nate Williams,HOU,22,5.9,2.9,1.0,0.3,0.2,0.0,0.2,0.54,0.4,0.538,2023-24
1641877,Nathan Mensah,CHA,25,12.3,1.3,2.6,0.4,0.2,0.6,0.6,0.429,0.0,0.75,2023-24
1629675,Naz Reid,MIN,81,24.2,13.5,5.2,1.3,0.8,0.9,1.4,0.477,0.414,0.736,2023-24
1629674,Neemias Queta,BOS,28,11.9,5.5,4.4,0.7,0.5,0.8,0.5,0.644,0.0,0.714,2023-24
1629651,Nic Claxton,BKN,71,29.8,11.8,9.9,2.1,0.6,2.1,1.3,0.629,0.2,0.551,2023-24
1630208,Nick Richards,CHA,67,26.2,9.7,8.0,0.8,0.4,1.1,1.1,0.691,0.0,0.737,2023-24
1641733,Nick Smith Jr.,CHA,51,14.3,5.9,1.4,1.2,0.2,0.1,0.8,0.391,0.432,0.867,2023-24
1629638,Nickeil Alexander-Walker,MIN,82,23.4,8.0,2.0,2.5,0.8,0.5,0.9,0.439,0.391,0.8,2023-24
201587,Nicolas Batum,PHI,60,25.5,5.3,4.1,2.1,0.8,0.6,0.7,0.453,0.395,0.714,2023-24
203999,Nikola Jokić,DEN,79,34.6,26.4,12.4,9.0,1.4,0.9,3.0,0.583,0.359,0.817,2023-24
1631107,Nikola Jović,MIA,46,19.5,7.7,4.2,2.0,0.5,0.3,0.9,0.452,0.399,0.702,2023-24
202696,Nikola Vučević,CHI,76,34.3,18.0,10.5,3.3,0.7,0.8,1.6,0.484,0.294,0.822,2023-24
1641730,Noah Clowney,BKN,23,16.1,5.8,3.5,0.8,0.3,0.7,0.7,0.538,0.364,0.7,2023-24
1626181,Norman Powell,LAC,76,26.2,13.9,2.6,1.1,0.6,0.3,0.9,0.486,0.435,0.831,2023-24
1628384,OG Anunoby,NYK,50,34.0,14.7,4.2,2.1,1.4,0.7,1.6,0.489,0.382,0.753,2023-24
1630167,Obi Toppin,IND,82,21.1,10.3,3.9,1.6,0.6,0.5,0.8,0.573,0.403,0.77,2023-24
1630534,Ochai Agbaji,TOR,78,21.0,5.8,2.8,1.1,0.6,0.6,0.8,0.411,0.294,0.661,2023-24
1630846,Olivier Sarr,OKC,15,6.5,2.3,2.4,0.1,0.0,0.5,0.2,0.579,0.333,0.667,2023-24
1641765,Olivier-Maxence Prosper,DAL,40,8.4,3.0,2.0,0.6,0.2,0.1,0.2,0.385,0.289,0.683,2023-24
1630209,Omer Yurtseven,UTA,48,11.4,4.6,4.3,0.6,0.2,0.4,0.8,0.538,0.208,0.679,2023-24
1641931,Onuralp Bitim,CHI,23,11.7,3.5,1.4,0.6,0.1,0.1,0.4,0.381,0.273,0.8,2023-24
1630168,Onyeka Okongwu,ATL,55,25.5,10.2,6.8,1.3,0.5,1.1,0.8,0.611,0.333,0.793,2023-24
1631115,Orlando Robinson,MIA,36,8.4,2.8,2.3,0.9,0.2,0.2,0.5,0.5,0.533,0.76,2023-24
1631131,Oscar Tshiebwe,IND,8,5.2,3.3,2.0,0.3,0.3,0.1,0.0,0.5,0.0,0.75,2023-24
1629052,Oshae Brissett,BOS,55,11.5,3.7,2.9,0.8,0.3,0.1,0.4,0.444,0.273,0.602,2023-24
203490,Otto Porter Jr.,TOR,15,11.6,2.6,1.9,0.5,0.3,0.3,0.1,0.424,0.348,1.0,2023-24
1631172,Ousmane Dieng,OKC,33,11.1,4.0,1.5,1.1,0.2,0.2,0.6,0.422,0.3,0.875,2023-24
200782,P.J. Tucker,LAC,31,15.7,1.7,2.7,0.5,0.5,0.2,0.3,0.36,0.371,1.0,2023-24
1629023,P.J. Washington,DAL,73,30.4,12.9,5.6,1.9,1.0,0.8,1.3,0.436,0.32,0.683,2023-24
1631094,Paolo Banchero,ORL,80,35.0,22.6,6.9,5.4,0.9,0.6,3.1,0.455,0.339,0.725,2023-24
1627783,Pascal Siakam,IND,80,33.2,21.7,7.1,4.3,0.8,0.3,1.8,0.536,0.346,0.732,2023-24
1626192,Pat Connaughton,MIL,76,22.1,5.6,3.1,2.1,0.5,0.3,0.6,0.435,0.345,0.759,2023-24
1630311,Pat Spencer,GSW,6,4.3,0.7,0.7,0.8,0.0,0.0,0.2,0.5,0.0,0.0,2023-24
1631116,Patrick Baldwin Jr.,WAS,38,13.0,4.4,3.2,0.8,0.5,0.4,0.5,0.381,0.32,0.679,2023-24
201976,Patrick Beverley,MIL,73,20.0,6.2,3.3,2.9,0.6,0.4,0.9,0.417,0.337,0.822,2023-24
1630172,Patrick Williams,CHI,43,27.3,10.0,3.9,1.5,0.9,0.8,1.3,0.443,0.399,0.788,2023-24
201988,Patty Mills,MIA,32,13.0,4.0,1.1,1.1,0.6,0.0,0.5,0.351,0.276,1.0,2023-24
202331,Paul George,LAC,74,33.8,22.6,5.2,3.5,1.5,0.5,2.1,0.471,0.413,0.907,2023-24
1630194,Paul Reed,PHI,82,19.4,7.3,6.0,1.3,0.8,1.0,0.8,0.54,0.368,0.718,2023-24
1630202,Payton Pritchard,BOS,82,22.3,9.6,3.2,3.4,0.5,0.1,0.7,0.468,0.385,0.821,2023-24
1631250,Pete Nance,CLE,8,3.4,0.4,0.4,0.0,0.1,0.0,0.1,0.167,1.0,0.0,2023-24
1631212,Peyton Watson,DEN,80,18.6,6.7,3.2,1.1,0.5,1.1,0.7,0.465,0.296,0.67,2023-24
1630173,Precious Achiuwa,NYK,74,21.9,7.6,6.6,1.3,0.6,0.9,1.1,0.501,0.268,0.616,2023-24
1629656,Quentin Grimes,DET,51,20.1,7.0,2.0,1.3,0.7,0.1,0.5,0.372,0.338,0.756,2023-24
1631245,Quenton Jackson,IND,3,3.5,0.7,1.3,0.7,0.3,0.0,0.0,0.0,0.0,1.0,2023-24
1630181,R.J. Hampton,MIA,8,9.5,1.3,0.8,1.0,0.0,0.0,0.4,0.286,0.125,0.5,2023-24
1629628,RJ Barrett,TOR,58,31.7,20.2,5.4,3.3,0.5,0.4,2.2,0.495,0.36,0.715,2023-24
1630564,RaiQuan Gray,SAS,3,13.0,7.7,2.3,2.0,0.3,0.3,0.3,0.588,0.429,0.0,2023-24
1641712,Rayan Rupert,POR,39,16.2,4.0,2.4,1.6,0.3,0.1,0.8,0.335,0.359,0.76,2023-24
203493,Reggie Bullock Jr.,HOU,44,9.5,2.2,1.7,0.3,0.3,0.1,0.2,0.415,0.403,1.0,2023-24
202704,Reggie Jackson,DEN,82,22.2,10.2,1.9,3.8,0.5,0.1,1.3,0.431,0.359,0.806,2023-24
1626158,Richaun Holmes,WAS,40,13.9,5.0,4.6,0.6,0.3,0.5,0.6,0.558,0.333,0.723,2023-24
1641741,Ricky Council IV,PHI,32,9.0,5.4,1.4,0.5,0.3,0.0,0.2,0.482,0.375,0.746,2023-24
203496,Robert Covington,PHI,29,16.8,4.4,3.3,0.8,1.3,0.6,0.4,0.439,0.339,0.846,2023-24
1629057,Robert Williams III,POR,6,19.8,6.8,6.3,0.8,1.2,1.2,1.2,0.654,0.0,0.778,2023-24
201577,Robin Lopez,MIL,16,4.0,1.1,0.3,0.3,0.1,0.2,0.1,0.368,0.25,1.0,2023-24
1631199,Ron Harper Jr.,TOR,1,3.7,0.0,0.0,1.0,0.0,0.0,0.0,0.0,0.0,0.0,2023-24
1626220,Royce O'Neale,PHX,79,24.7,7.7,4.8,2.8,0.7,0.6,0.9,0.397,0.37,0.686,2023-24
203497,Rudy Gobert,MIN,76,34.1,14.0,12.9,1.3,0.7,2.1,1.6,0.661,0.0,0.638,2023-24
1629060,Rui Hachimura,LAL,68,26.8,13.6,4.3,1.2,0.6,0.4,0.7,0.537,0.422,0.739,2023-24
201566,Russell Westbrook,LAC,68,22.5,11.1,5.0,4.5,1.1,0.3,2.1,0.454,0.273,0.688,2023-24
1627853,Ryan Arcidiacono,NYK,20,2.3,0.0,0.4,0.2,0.1,0.0,0.1,0.0,0.0,0.0,2023-24
1631157,Ryan Rollins,MIL,13,6.0,3.4,1.0,1.1,0.8,0.2,0.6,0.519,0.75,0.765,2023-24
1630240,Saben Lee,PHX,24,7.7,3.0,1.3,1.3,0.3,0.1,0.3,0.364,0.125,0.744,2023-24
1630180,Saddiq Bey,ATL,63,32.7,13.7,6.5,1.5,0.8,0.2,0.9,0.416,0.316,0.837,2023-24
1630573,Sam Hauser,BOS,79,22.0,9.0,3.5,1.0,0.5,0.3,0.4,0.446,0.424,0.895,2023-24
1630241,Sam Merrill,CLE,61,17.5,8.0,2.0,1.8,0.3,0.1,0.3,0.402,0.404,0.929,2023-24
1630572,Sandro Mamukelashvili,SAS,46,9.8,4.1,3.2,1.1,0.2,0.3,0.4,0.471,0.297,0.735,2023-24
1630583,Santi Aldama,MEM,61,26.5,10.7,5.8,2.3,0.7,0.9,1.1,0.435,0.349,0.621,2023-24
1628426,Sasha Vezenkov,SAC,42,12.2,5.4,2.3,0.5,0.5,0.2,0.3,0.44,0.375,0.8,2023-24
1630703,Scoot Henderson,POR,62,28.5,14.0,3.1,5.4,0.8,0.2,3.4,0.385,0.325,0.819,2023-24
1630567,Scottie Barnes,TOR,60,34.9,19.9,8.2,6.1,1.3,1.5,2.8,0.475,0.341,0.781,2023-24
1630590,Scotty Pippen Jr.,MEM,21,25.1,12.9,3.2,4.7,1.7,0.5,2.7,0.493,0.417,0.745,2023-24
203552,Seth Curry,CHA,44,14.0,5.1,1.5,1.0,0.5,0.1,0.5,0.392,0.352,0.903,2023-24
1641754,Seth Lundy,ATL,9,5.8,1.6,0.8,0.0,0.0,0.0,0.1,0.235,0.231,0.75,2023-24
1631101,Shaedon Sharpe,POR,32,33.1,15.9,5.0,2.9,0.9,0.4,2.3,0.406,0.333,0.824,2023-24
1628983,Shai Gilgeous-Alexander,OKC,75,34.0,30.1,5.5,6.2,2.0,0.9,2.2,0.535,0.353,0.874,2023-24
1629003,Shake Milton,NYK,48,12.1,4.5,1.6,1.3,0.4,0.1,0.6,0.405,0.281,0.816,2023-24
1627885,Shaquille Harrison,MEM,3,2.0,0.7,0.7,0.0,0.0,0.3,0.0,0.5,0.0,0.0,2023-24
1631321,Sidy Cissoko,SAS,12,11.7,3.8,1.8,0.8,0.6,0.3,0.3,0.485,0.083,0.8,2023-24
1631323,Simone Fontecchio,DET,66,24.9,10.5,3.7,1.5,0.7,0.3,1.0,0.46,0.401,0.818,2023-24
1630219,Skylar Mays,LAL,38,11.4,4.1,1.1,2.2,0.6,0.1,0.5,0.396,0.296,0.765,2023-24
203915,Spencer Dinwiddie,LAL,76,28.3,10.5,2.7,4.7,0.7,0.3,1.2,0.392,0.337,0.805,2023-24
1630649,Stanley Umude,DET,24,12.8,5.3,2.1,0.5,0.3,0.3,0.6,0.44,0.453,0.906,2023-24
201939,Stephen Curry,GSW,74,32.7,26.4,4.5,5.1,0.7,0.4,2.8,0.45,0.408,0.923,2023-24
1629004,Svi Mykhailiuk,BOS,41,10.1,4.0,1.2,0.9,0.3,0.0,0.3,0.416,0.389,0.667,2023-24
204456,T.J. McConnell,IND,71,18.2,10.2,2.7,5.5,1.0,0.1,1.5,0.556,0.409,0.79,2023-24
203933,T.J. Warren,MIN,11,11.3,3.7,2.0,0.8,0.4,0.1,0.4,0.439,0.154,0.75,2023-24
201959,Taj Gibson,DET,20,10.2,1.7,1.9,0.6,0.2,0.4,0.3,0.405,0.2,1.0,2023-24
1629659,Talen Horton-Tucker,UTA,51,19.8,10.1,2.4,3.5,0.9,0.4,1.3,0.396,0.33,0.807,2023-24
1631106,Tari Eason,HOU,22,21.8,9.8,7.0,1.2,1.4,0.9,0.9,0.466,0.36,0.636,2023-24
1627752,Taurean Prince,LAL,78,27.0,8.9,2.9,1.5,0.7,0.4,0.9,0.442,0.396,0.735,2023-24
1641707,Taylor Hendricks,UTA,40,21.4,7.3,4.6,0.8,0.7,0.8,0.7,0.45,0.379,0.793,2023-24
1631386,Taze Moore,POR,4,10.1,4.5,2.0,1.3,0.5,0.0,0.8,0.421,0.143,0.5,2023-24
1629611,Terance Mann,LAC,75,25.0,8.8,3.4,1.6,0.6,0.2,0.6,0.515,0.348,0.832,2023-24
1631173,Terquavion Smith,PHI,16,5.3,3.3,0.3,0.8,0.5,0.0,0.4,0.391,0.371,0.6,2023-24
1626179,Terry Rozier,MIA,61,33.4,19.8,4.0,5.6,1.0,0.3,1.7,0.443,0.363,0.869,2023-24
1630678,Terry Taylor,CHI,31,6.1,1.5,1.2,0.3,0.2,0.1,0.2,0.513,0.222,0.8,2023-24
201152,Thaddeus Young,PHX,33,13.3,4.2,3.1,1.7,0.7,0.2,0.5,0.602,0.143,0.4,2023-24
203648,Thanasis Antetokounmpo,MIL,34,4.6,0.9,0.4,0.5,0.2,0.1,0.4,0.533,0.0,0.0,2023-24
1630177,Theo Maledon,PHX,17,12.5,3.5,1.4,1.6,0.4,0.0,1.1,0.286,0.167,0.933,2023-24
1628418,Thomas Bryant,MIA,38,11.6,5.7,3.7,0.6,0.3,0.4,0.6,0.577,0.182,0.872,2023-24
203501,Tim Hardaway Jr.,DAL,79,26.8,14.4,3.2,1.8,0.5,0.1,0.9,0.402,0.353,0.852,2023-24
1641851,Timmy Allen,MEM,5,25.1,2.6,3.4,1.0,0.8,0.0,0.4,0.261,0.0,0.5,2023-24
202699,Tobias Harris,PHI,70,33.8,17.2,6.5,3.1,1.0,0.7,1.3,0.487,0.353,0.878,2023-24
1628470,Torrey Craig,CHI,53,19.8,5.7,4.1,1.1,0.6,0.4,0.6,0.43,0.392,0.75,2023-24
1641787,Tosan Evbuomwan,DET,17,21.6,5.9,3.5,0.9,0.4,0.3,0.5,0.507,0.375,0.68,2023-24
1641739,Toumani Camara,POR,70,24.8,7.5,4.9,1.2,0.9,0.5,1.2,0.45,0.337,0.758,2023-24
1629027,Trae Young,ATL,54,36.0,25.7,2.8,10.8,1.3,0.2,4.4,0.43,0.373,0.855,2023-24
1631218,Trayce Jackson-Davis,GSW,68,16.6,7.9,5.0,1.2,0.4,1.1,0.7,0.702,0.0,0.561,2023-24
1630200,Tre Jones,SAS,77,27.8,10.0,3.8,6.2,1.0,0.1,1.5,0.505,0.335,0.856,2023-24
1630544,Tre Mann,CHA,41,24.1,9.3,3.6,4.0,1.2,0.1,1.6,0.459,0.373,0.763,2023-24
1630570,Trendon Watford,BKN,63,13.6,6.9,3.1,1.3,0.4,0.3,1.0,0.527,0.397,0.794,2023-24
1630235,Trent Forrest,ATL,38,10.9,2.2,1.3,2.4,0.3,0.1,0.5,0.378,0.2,0.765,2023-24
1630243,Trevelin Queen,ORL,14,11.8,2.9,1.4,1.3,0.5,0.4,0.5,0.368,0.176,0.75,2023-24
1641998,Trey Jemison III,MEM,25,23.0,6.8,5.4,1.1,0.5,1.1,1.4,0.551,0.0,0.84,2023-24
1626168,Trey Lyles,SAC,58,20.0,7.2,4.4,1.2,0.3,0.3,0.7,0.445,0.384,0.7,2023-24
1630530,Trey Murphy III,NOP,57,29.7,14.8,4.9,2.2,0.9,0.5,0.6,0.443,0.38,0.815,2023-24
202684,Tristan Thompson,CLE,49,11.2,3.3,3.6,1.0,0.2,0.3,0.6,0.613,0.0,0.288,2023-24
1641774,Tristan Vukcevic,WAS,10,15.3,8.5,3.6,1.3,0.5,0.7,1.0,0.433,0.278,0.773,2023-24
1628972,Troy Brown Jr.,DET,59,14.0,4.2,2.4,1.0,0.4,0.1,0.5,0.372,0.333,0.865,2023-24
1629660,Ty Jerome,CLE,2,7.4,2.0,0.5,1.5,0.0,0.0,0.5,0.5,0.0,0.0,2023-24
1631102,TyTy Washington Jr.,MIL,11,5.1,1.3,0.5,0.5,0.3,0.0,0.2,0.3,0.333,0.0,2023-24
1629639,Tyler Herro,MIA,42,33.5,20.8,5.3,4.5,0.7,0.1,2.2,0.441,0.396,0.856,2023-24
1630169,Tyrese Haliburton,IND,69,32.2,20.1,3.9,10.9,1.2,0.7,2.3,0.477,0.364,0.855,2023-24
1630178,Tyrese Maxey,PHI,70,37.5,25.9,3.7,6.2,1.0,0.5,1.7,0.45,0.373,0.868,2023-24
1626145,Tyus Jones,WAS,66,29.3,12.0,2.7,7.3,1.1,0.3,1.0,0.489,0.414,0.8,2023-24
1628962,Udoka Azubuike,PHX,16,7.1,2.2,2.0,0.2,0.1,0.4,0.3,0.696,0.0,0.231,2023-24
1630586,Usman Garuba,GSW,6,3.0,0.5,1.2,0.2,0.2,0.5,0.3,0.167,0.0,0.5,2023-24
203995,Vasilije Micic,CHA,60,19.6,7.0,1.5,4.4,0.5,0.1,1.7,0.43,0.279,0.813,2023-24
1641705,Victor Wembanyama,SAS,71,29.7,21.4,10.6,3.9,1.2,3.6,3.7,0.465,0.325,0.796,2023-24
1631246,Vince Williams Jr.,MEM,52,27.6,10.0,5.6,3.4,0.9,0.7,1.8,0.446,0.378,0.8,2023-24
1630249,Vít Krejčí,ATL,22,24.6,6.1,2.4,2.3,0.6,0.3,0.9,0.49,0.412,0.833,2023-24
1631117,Walker Kessler,UTA,64,23.3,8.1,7.5,0.9,0.5,2.4,1.0,0.654,0.211,0.602,2023-24
1628976,Wendell Carter Jr.,ORL,55,25.6,11.0,6.9,1.7,0.6,0.5,1.2,0.525,0.374,0.694,2023-24
1631111,Wendell Moore Jr.,MIN,25,3.0,0.7,0.5,0.2,0.2,0.0,0.2,0.5,0.0,0.0,2023-24
1629117,Wenyen Gabriel,BOS,5,16.2,3.4,5.0,0.6,0.4,0.4,1.6,0.364,0.167,0.0,2023-24
202083,Wesley Matthews,ATL,36,11.5,3.1,1.5,0.6,0.4,0.3,0.2,0.351,0.348,0.75,2023-24
1629875,Xavier Moon,LAC,14,8.5,2.4,1.3,1.5,0.2,0.2,0.4,0.326,0.118,0.5,2023-24
1630214,Xavier Tillman,BOS,54,18.0,5.3,3.9,1.4,0.9,0.8,0.6,0.434,0.247,0.44,2023-24
1629139,Yuta Watanabe,MEM,34,13.7,3.4,1.6,0.4,0.4,0.2,0.6,0.353,0.294,0.588,2023-24
1628380,Zach Collins,SAS,69,22.1,11.2,5.4,2.8,0.5,0.8,1.9,0.484,0.32,0.753,2023-24
203897,Zach LaVine,CHI,25,34.9,19.5,5.2,3.9,0.8,0.3,2.1,0.452,0.349,0.854,2023-24
1630285,Zavier Simpson,DET,7,23.1,6.0,2.9,3.6,1.0,0.4,1.4,0.315,0.294,0.75,2023-24
1630192,Zeke Nnaji,DEN,58,9.9,3.2,2.2,0.6,0.3,0.7,0.5,0.463,0.261,0.677,2023-24
1630533,Ziaire Williams,MEM,51,20.3,8.2,3.5,1.5,0.7,0.2,1.3,0.397,0.307,0.827,2023-24
1629627,Zion Williamson,NOP,70,31.5,22.9,5.8,5.0,1.1,0.7,2.8,0.57,0.333,0.702,2023-24
1630639,A.J. Lawson,TOR,26,18.7,9.1,3.3,1.2,0.5,0.2,0.6,0.421,0.327,0.683,2024-25
1631260,AJ Green,MIL,73,22.7,7.4,2.4,1.5,0.5,0.1,0.5,0.429,0.427,0.815,2024-25
1642358,AJ Johnson,WAS,29,22.0,7.6,2.0,2.6,0.4,0.1,1.2,0.385,0.267,0.865,2024-25
203932,Aaron Gordon,DEN,51,28.4,14.7,4.8,3.2,0.5,0.3,1.4,0.531,0.436,0.81,2024-25
1628988,Aaron Holiday,HOU,62,12.8,5.5,1.3,1.3,0.3,0.2,0.6,0.437,0.398,0.829,2024-25
1630174,Aaron Nesmith,IND,45,24.9,12.0,4.0,1.2,0.8,0.4,0.8,0.507,0.431,0.913,2024-25
1630598,Aaron Wiggins,OKC,76,22.9,12.0,3.9,1.8,0.8,0.2,0.9,0.488,0.383,0.831,2024-25
1641745,Adam Flagler,OKC,37,5.5,1.8,0.7,0.3,0.2,0.1,0.1,0.26,0.194,0.5,2024-25
1641766,Adama Sanogo,CHI,4,5.4,2.0,1.5,0.3,0.0,0.0,0.3,0.571,0.0,0.0,2024-25
1641737,Adem Bona,PHI,58,15.6,5.8,4.2,0.5,0.4,1.2,1.1,0.703,0.0,0.67,2024-25
1642349,Ajay Mitchell,OKC,36,16.6,6.5,1.9,1.8,0.7,0.1,0.8,0.495,0.383,0.829,2024-25
201143,Al Horford,BOS,60,27.6,9.0,6.2,2.1,0.6,0.9,0.8,0.423,0.363,0.895,2024-25
202692,Alec Burks,MIA,49,17.6,7.3,2.5,1.1,0.6,0.1,0.6,0.424,0.425,0.776,2024-25
1627936,Alex Caruso,OKC,54,19.3,7.1,2.9,2.5,1.6,0.6,0.7,0.446,0.353,0.824,2024-25
1642505,Alex Ducas,OKC,21,6.0,1.7,1.2,0.2,0.2,0.0,0.2,0.4,0.476,1.0,2024-25
203458,Alex Len,LAL,46,8.3,1.6,2.1,0.8,0.2,0.5,0.4,0.508,0.222,0.471,2024-25
1642024,Alex Reese,PHI,15,14.4,5.1,3.1,0.3,0.7,0.7,0.4,0.481,0.366,0.75,2024-25
1642259,Alex Sarr,WAS,67,27.1,13.0,6.5,2.4,0.7,1.5,1.7,0.394,0.308,0.679,2024-25
1631214,Alondes Williams,LAC,1,3.7,5.0,0.0,1.0,0.0,0.0,0.0,1.0,1.0,0.0,2024-25
1630578,Alperen Sengun,HOU,76,31.5,19.1,10.3,4.9,1.1,0.8,2.6,0.496,0.233,0.692,2024-25
1641708,Amen Thompson,HOU,69,32.3,14.1,8.2,3.8,1.4,1.3,2.0,0.557,0.275,0.684,2024-25
1629599,Amir Coffey,LAC,72,24.3,9.7,2.2,1.1,0.6,0.1,0.6,0.471,0.409,0.891,2024-25
203083,Andre Drummond,PHI,40,18.8,7.3,7.8,0.9,1.0,0.5,1.4,0.5,0.15,0.622,2024-25
1641748,Andre Jackson Jr.,MIL,67,14.6,3.4,2.7,1.2,0.5,0.2,0.9,0.477,0.395,0.5,2024-25
1629614,Andrew Nembhard,IND,65,28.9,10.0,3.3,5.0,1.2,0.2,1.7,0.458,0.291,0.794,2024-25
203952,Andrew Wiggins,MIA,60,30.7,18.0,4.5,2.6,1.0,0.8,1.7,0.448,0.374,0.763,2024-25
1629014,Anfernee Simons,POR,70,32.7,19.3,2.7,4.8,0.9,0.1,2.0,0.426,0.363,0.902,2024-25
1641710,Anthony Black,ORL,78,24.2,9.4,2.9,3.1,1.1,0.6,1.8,0.423,0.318,0.761,2024-25
203076,Anthony Davis,DAL,51,33.4,24.7,11.6,3.5,1.2,2.2,2.2,0.516,0.282,0.775,2024-25
1630162,Anthony Edwards,MIN,79,36.3,27.6,5.7,4.5,1.2,0.6,3.2,0.447,0.395,0.837,2024-25
1630264,Anthony Gill,WAS,51,7.8,2.5,1.3,0.3,0.2,0.0,0.2,0.489,0.323,0.66,2024-25
1641817,Anton Watson,NYK,9,2.5,0.9,0.3,0.2,0.1,0.0,0.2,0.444,0.0,0.0,2024-25
1641810,Antonio Reeves,NOP,44,15.0,6.9,1.4,0.9,0.5,0.1,0.7,0.456,0.395,0.8,2024-25
1630574,Ariel Hukporti,NYK,25,8.7,1.9,2.0,0.4,0.0,0.6,0.8,0.677,0.0,0.462,2024-25
1642422,Armel Traore,LAL,9,7.4,1.6,1.7,0.1,0.4,0.2,0.3,0.316,0.0,0.286,2024-25
1641709,Ausar Thompson,DET,59,22.5,10.1,5.1,2.3,1.7,0.7,1.4,0.535,0.224,0.641,2024-25
1630559,Austin Reaves,LAL,73,34.9,20.2,4.5,5.8,1.1,0.3,2.4,0.46,0.377,0.877,2024-25
1630245,Ayo Dosunmu,CHI,46,30.3,12.3,3.5,4.5,0.9,0.4,1.5,0.492,0.328,0.785,2024-25
1628389,Bam Adebayo,MIA,78,34.3,18.1,9.6,4.3,1.3,0.7,2.1,0.485,0.357,0.765,2024-25
1631248,Baylor Scheierman,BOS,31,12.4,3.6,2.1,1.1,0.5,0.1,0.4,0.355,0.317,0.75,2024-25
1641767,Ben Sheppard,IND,63,19.5,5.3,2.8,1.3,0.6,0.2,0.3,0.418,0.342,0.889,2024-25
1627732,Ben Simmons,LAC,51,22.0,5.0,4.7,5.6,0.7,0.5,2.0,0.52,0.0,0.727,2024-25
1631097,Bennedict Mathurin,IND,72,29.9,16.1,5.3,1.9,0.7,0.3,1.9,0.458,0.34,0.831,2024-25
1641731,Bilal Coulibaly,WAS,59,33.0,12.3,5.0,3.4,1.3,0.7,2.1,0.421,0.281,0.746,2024-25
202687,Bismack Biyombo,SAS,28,18.8,5.1,5.6,1.1,0.6,0.8,1.0,0.588,0.0,0.4,2024-25
1631104,Blake Wesley,SAS,58,11.8,3.7,1.1,2.0,0.6,0.1,0.9,0.435,0.293,0.623,2024-25
1626171,Bobby Portis,MIL,49,25.4,13.9,8.4,2.1,0.7,0.5,1.2,0.466,0.365,0.836,2024-25
1641752,Bobi Klintman,DET,8,5.3,1.9,0.9,0.9,0.3,0.1,0.1,0.6,0.4,0.5,2024-25
203992,Bogdan Bogdanović,LAC,54,25.0,10.8,2.9,2.7,0.8,0.2,1.4,0.427,0.363,0.879,2024-25
1629626,Bol Bol,PHX,36,12.5,6.8,2.9,0.6,0.3,0.7,0.6,0.525,0.344,0.769,2024-25
1630538,Bones Hyland,MIN,24,9.9,6.2,1.0,1.3,0.8,0.2,1.0,0.398,0.39,0.885,2024-25
203078,Bradley Beal,PHX,53,32.1,17.0,3.3,3.7,1.1,0.5,1.9,0.497,0.386,0.803,2024-25
1642382,Branden Carlson,OKC,32,7.7,3.8,1.7,0.4,0.2,0.7,0.2,0.443,0.333,0.778,2024-25
1641764,Brandin Podziemski,GSW,64,26.8,11.7,5.1,3.4,1.1,0.2,1.2,0.445,0.372,0.758,2024-25
1630527,Brandon Boston,NOP,42,23.6,10.7,3.2,2.2,1.3,0.2,1.2,0.436,0.35,0.788,2024-25
1629634,Brandon Clarke,MEM,64,18.9,8.3,5.1,1.0,0.8,0.6,0.6,0.621,0.059,0.701,2024-25
1627742,Brandon Ingram,TOR,18,33.1,22.2,5.6,5.2,0.9,0.6,3.8,0.465,0.374,0.855,2024-25
1641706,Brandon Miller,CHA,27,34.2,21.0,4.9,3.6,1.1,0.7,2.8,0.403,0.355,0.861,2024-25
1630314,Brandon Williams,DAL,33,14.8,8.3,1.8,2.3,0.7,0.2,1.2,0.521,0.4,0.833,2024-25
1630296,Braxton Key,GSW,3,3.6,1.0,0.7,0.0,0.7,0.0,0.3,0.0,0.0,0.5,2024-25
1641729,Brice Sensabaugh,UTA,71,20.2,10.9,3.0,1.5,0.6,0.1,1.5,0.459,0.422,0.89,2024-25
1642355,Bronny James,LAL,27,6.7,2.3,0.7,0.8,0.3,0.1,0.5,0.313,0.281,0.786,2024-25
201572,Brook Lopez,MIL,80,31.8,13.0,5.0,1.8,0.6,1.9,1.1,0.509,0.373,0.826,2024-25
1628971,Bruce Brown,NOP,41,22.5,8.3,4.0,2.0,0.8,0.2,1.0,0.421,0.333,0.815,2024-25
1628981,Bruno Fernando,TOR,17,8.6,3.4,3.0,1.1,0.2,0.5,0.8,0.531,0.0,0.75,2024-25
1631121,Bryce McGowens,POR,13,2.5,1.0,0.2,0.2,0.1,0.0,0.3,0.286,0.0,0.833,2024-25
1642267,Bub Carrington,WAS,82,30.0,9.8,4.2,4.4,0.7,0.3,1.7,0.401,0.339,0.812,2024-25
1627741,Buddy Hield,GSW,82,22.7,11.1,3.2,1.6,0.8,0.3,1.1,0.417,0.37,0.828,2024-25
203468,CJ McCollum,NOP,56,32.7,21.1,3.8,4.1,0.8,0.4,1.9,0.444,0.373,0.717,2024-25
1630595,Cade Cunningham,DET,70,35.0,26.1,6.1,9.1,1.0,0.8,4.4,0.469,0.356,0.846,2024-25
1631216,Caleb Houstan,ORL,58,13.6,4.1,1.3,0.6,0.4,0.1,0.2,0.421,0.4,0.882,2024-25
1628997,Caleb Martin,DAL,45,27.1,7.9,3.9,2.1,1.0,0.5,1.2,0.424,0.359,0.622,2024-25
1642353,Cam Christie,LAC,13,4.5,1.4,0.9,0.5,0.4,0.1,0.2,0.292,0.154,0.5,2024-25
1629629,Cam Reddish,LAL,33,17.9,3.2,2.0,0.7,1.0,0.3,0.4,0.404,0.277,0.615,2024-25
1642285,Cam Spencer,MEM,25,10.1,4.2,1.2,1.4,0.4,0.0,0.2,0.415,0.365,1.0,2024-25
1630560,Cam Thomas,BKN,25,31.2,24.0,3.3,3.8,0.6,0.1,2.5,0.438,0.349,0.881,2024-25
1641715,Cam Whitmore,HOU,51,16.2,9.4,3.0,1.0,0.6,0.3,0.9,0.444,0.355,0.75,2024-25
1629661,Cameron Johnson,BKN,57,31.6,18.8,4.3,3.4,0.9,0.4,1.7,0.475,0.39,0.893,2024-25
1626166,Cameron Payne,NYK,72,15.1,6.9,1.4,2.8,0.5,0.2,0.7,0.401,0.363,0.907,2024-25
1627747,Caris LeVert,ATL,64,24.9,12.1,3.2,3.4,0.9,0.5,1.2,0.467,0.373,0.71,2024-25
1641717,Cason Wallace,OKC,68,27.6,8.4,3.4,2.5,1.8,0.5,0.9,0.474,0.356,0.811,2024-25
1629646,Charles Bassey,SAS,36,10.4,4.4,4.2,0.5,0.4,0.8,0.6,0.581,0.0,0.636,2024-25
1631096,Chet Holmgren,OKC,32,27.4,15.0,8.0,2.0,0.7,2.2,1.8,0.49,0.379,0.754,2024-25
1628449,Chris Boucher,TOR,50,17.2,10.0,4.5,0.7,0.5,0.5,0.6,0.492,0.363,0.782,2024-25
1630537,Chris Duarte,CHI,17,4.4,2.1,1.2,0.5,0.0,0.0,0.1,0.462,0.4,0.75,2024-25
1641753,Chris Livingston,MIL,21,5.0,1.4,1.7,0.2,0.2,0.0,0.3,0.333,0.0,0.75,2024-25
101108,Chris Paul,SAS,82,28.0,8.8,3.6,7.4,1.3,0.3,1.6,0.427,0.377,0.924,2024-25
1631128,Christian Braun,DEN,79,33.9,15.4,5.2,2.6,1.1,0.5,1.0,0.58,0.397,0.827,2024-25
1631132,Christian Koloko,LAL,37,9.2,2.4,2.5,0.4,0.2,0.4,0.3,0.606,0.0,0.714,2024-25
1629643,Chuma Okeke,CLE,9,21.9,5.9,5.2,1.7,0.6,0.4,0.3,0.5,0.393,0.667,2024-25
203991,Clint Capela,ATL,55,21.4,8.9,8.5,1.1,0.6,1.0,0.9,0.559,0.0,0.536,2024-25
1629632,Coby White,CHI,74,33.1,20.4,3.7,4.5,0.9,0.2,2.4,0.453,0.37,0.902,2024-25
1628998,Cody Martin,PHX,53,22.1,6.8,4.2,2.0,1.1,0.6,1.0,0.418,0.285,0.705,2024-25
1642262,Cody Williams,UTA,50,21.2,4.6,2.3,1.2,0.5,0.3,0.9,0.323,0.259,0.725,2024-25
1641732,Colby Jones,WAS,39,13.2,4.0,2.2,1.1,0.7,0.3,0.6,0.457,0.327,0.657,2024-25
1630175,Cole Anthony,MEM,67,18.4,9.4,3.0,2.9,0.7,0.5,1.5,0.424,0.353,0.823,2024-25
1631306,Cole Swider,IND,10,17.0,5.9,2.7,0.3,0.4,0.2,0.4,0.349,0.319,0.0,2024-25
1630658,Colin Castleton,TOR,26,16.6,4.7,4.7,1.1,0.3,0.4,0.9,0.469,0.125,0.763,2024-25
1631221,Collin Gillespie,PHX,33,14.0,5.9,2.4,2.4,0.6,0.2,0.5,0.43,0.433,0.864,2024-25
1629012,Collin Sexton,UTA,63,27.9,18.4,2.7,4.2,0.7,0.1,2.5,0.48,0.406,0.865,2024-25
1630557,Corey Kispert,WAS,61,26.3,11.6,3.0,1.7,0.4,0.2,1.0,0.451,0.364,0.852,2024-25
202709,Cory Joseph,ORL,50,12.2,3.5,1.5,1.4,0.5,0.1,0.4,0.403,0.364,0.778,2024-25
1641854,Craig Porter Jr.,CLE,51,10.1,3.7,1.3,1.4,0.3,0.3,0.7,0.514,0.438,0.719,2024-25
1642385,Cui Cui,BKN,5,2.1,0.6,0.4,0.0,0.0,0.0,0.0,0.143,0.0,0.5,2024-25
1626156,D'Angelo Russell,BKN,58,25.5,12.6,2.8,5.1,1.0,0.4,1.9,0.39,0.314,0.834,2024-25
1630618,D.J. Carton,TOR,4,8.3,0.8,1.0,0.8,0.5,0.0,1.0,0.143,0.0,1.0,2024-25
1629610,DaQuan Jeffries,CHA,47,22.8,6.7,2.9,1.1,0.6,0.5,0.7,0.405,0.335,0.8,2024-25
1631342,Daeqwon Plowden,ATL,6,11.9,7.2,1.8,0.3,0.0,0.0,0.7,0.64,0.529,1.0,2024-25
1630227,Daishen Nix,MIN,3,4.4,0.3,1.3,1.0,0.0,0.0,1.3,0.0,0.0,0.5,2024-25
1630625,Dalano Banton,POR,67,16.7,8.3,2.0,2.4,0.6,0.5,1.3,0.391,0.324,0.728,2024-25
1631207,Dalen Terry,CHI,73,13.5,4.5,1.7,1.3,0.6,0.2,0.7,0.448,0.356,0.71,2024-25
1642261,Dalton Knecht,LAL,78,19.2,9.1,2.8,0.8,0.3,0.1,0.5,0.461,0.376,0.762,2024-25
203081,Damian Lillard,MIL,58,36.1,24.9,4.7,7.1,1.2,0.2,2.8,0.448,0.376,0.921,2024-25
1641878,Damion Baugh,CHA,15,24.7,7.3,3.3,3.7,1.0,0.1,2.1,0.323,0.214,0.867,2024-25
1627814,Damion Lee,PHX,25,5.8,3.3,0.8,0.4,0.2,0.0,0.4,0.365,0.243,0.952,2024-25
1629655,Daniel Gafford,DAL,57,21.5,12.3,6.8,1.4,0.4,1.8,1.2,0.702,0.0,0.689,2024-25
1628464,Daniel Theis,NOP,38,16.3,4.3,4.3,1.6,0.5,0.5,0.7,0.473,0.243,0.838,2024-25
1642450,Daniss Jenkins,DET,7,3.2,1.0,0.3,0.4,0.0,0.0,0.1,0.3,0.143,0.0,2024-25
203957,Dante Exum,DAL,20,18.6,8.7,1.7,2.8,0.6,0.2,1.1,0.478,0.434,0.742,2024-25
203967,Dario Saric,DEN,16,13.1,3.5,3.1,1.4,0.4,0.1,0.9,0.362,0.269,0.7,2024-25
1641727,Dariq Whitehead,BKN,20,12.3,5.7,1.5,0.6,0.3,0.1,0.8,0.406,0.446,0.6,2024-25
1629636,Darius Garland,CLE,75,30.7,20.6,2.9,6.7,1.2,0.1,2.5,0.472,0.401,0.878,2024-25
1630561,David Duke Jr.,SAS,6,5.6,2.7,0.8,0.7,0.2,0.0,0.3,0.429,0.5,0.5,2024-25
1631223,David Roddy,HOU,33,12.4,4.6,2.5,1.1,0.4,0.3,0.7,0.456,0.311,0.769,2024-25
1630558,Davion Mitchell,MIA,74,27.4,7.9,2.3,4.9,1.0,0.2,1.7,0.468,0.398,0.69,2024-25
1630549,Day'Ron Sharpe,BKN,50,18.1,7.9,6.6,1.8,0.8,0.8,1.3,0.521,0.244,0.757,2024-25
1628368,De'Aaron Fox,SAS,62,36.1,23.5,4.8,6.3,1.5,0.4,2.8,0.463,0.31,0.827,2024-25
1629631,De'Andre Hunter,CLE,64,27.2,17.0,4.0,1.4,0.8,0.2,1.3,0.47,0.405,0.846,2024-25
1629001,De'Anthony Melton,BKN,6,20.2,10.3,3.3,2.8,1.2,0.3,1.7,0.407,0.371,0.625,2024-25
201599,DeAndre Jordan,DEN,56,12.3,3.7,5.1,0.9,0.3,0.5,0.7,0.65,0.0,0.422,2024-25
201942,DeMar DeRozan,SAC,77,35.9,22.2,3.9,4.4,0.8,0.4,1.4,0.477,0.328,0.857,2024-25
1629731,Dean Wade,CLE,59,21.2,5.4,4.2,1.3,0.7,0.3,0.4,0.413,0.36,0.533,2024-25
1629028,Deandre Ayton,POR,40,30.1,14.4,10.2,1.6,0.8,1.0,1.7,0.566,0.188,0.667,2024-25
1627749,Dejounte Murray,NOP,31,32.6,17.5,6.5,7.4,2.0,0.4,3.4,0.393,0.299,0.823,2024-25
1626153,Delon Wright,NYK,40,15.9,3.1,1.7,1.9,0.9,0.3,0.6,0.344,0.274,0.6,2024-25
1630166,Deni Avdija,POR,72,30.0,16.9,7.3,3.9,1.0,0.5,2.7,0.476,0.365,0.78,2024-25
203471,Dennis Schröder,DET,75,28.1,13.1,2.6,5.4,0.9,0.2,1.9,0.406,0.342,0.838,2024-25
1641726,Dereck Lively II,DAL,36,23.1,8.7,7.5,2.4,0.6,1.6,1.1,0.702,0.0,0.63,2024-25
1627884,Derrick Jones Jr.,LAC,77,24.3,10.1,3.4,0.8,1.0,0.4,0.9,0.526,0.356,0.703,2024-25
1628401,Derrick White,BOS,76,33.9,16.4,4.5,4.8,0.9,1.1,1.7,0.442,0.384,0.839,2024-25
1630217,Desmond Bane,ORL,69,32.0,19.2,6.1,5.3,1.2,0.4,2.4,0.484,0.392,0.894,2024-25
1626164,Devin Booker,PHX,75,37.3,25.6,4.1,7.1,0.9,0.2,2.9,0.461,0.332,0.894,2024-25
1642269,Devin Carter,SAC,36,11.0,3.8,2.1,1.1,0.6,0.1,0.5,0.37,0.295,0.591,2024-25
1630170,Devin Vassell,SAS,64,31.0,16.3,4.0,2.9,1.3,0.5,1.4,0.443,0.368,0.792,2024-25
1628415,Dillon Brooks,HOU,75,31.8,14.0,3.7,1.7,0.8,0.2,1.0,0.429,0.397,0.818,2024-25
1641794,Dillon Jones,OKC,54,10.2,2.5,2.2,1.1,0.3,0.1,0.5,0.383,0.254,0.607,2024-25
1627734,Domantas Sabonis,SAC,70,34.7,19.1,13.9,6.0,0.7,0.4,2.9,0.59,0.417,0.754,2024-25
1631230,Dominick Barlow,ATL,35,10.7,4.2,2.4,0.5,0.3,0.5,0.1,0.531,0.259,0.636,2024-25
1642270,Donovan Clingan,POR,67,19.8,6.5,7.9,1.1,0.5,1.6,1.1,0.539,0.286,0.596,2024-25
1628378,Donovan Mitchell,CLE,71,31.4,24.0,4.5,5.0,1.3,0.2,2.1,0.443,0.368,0.823,2024-25
1628978,Donte DiVincenzo,MIN,62,25.9,11.7,3.7,3.6,1.2,0.3,1.6,0.422,0.397,0.778,2024-25
1627827,Dorian Finney-Smith,LAL,63,28.9,8.7,3.9,1.4,0.9,0.4,0.9,0.448,0.411,0.667,2024-25
203926,Doug McDermott,SAC,42,8.1,3.5,0.5,0.2,0.1,0.0,0.1,0.427,0.436,0.6,2024-25
203110,Draymond Green,GSW,68,29.2,9.0,6.1,5.6,1.5,1.0,2.6,0.424,0.325,0.687,2024-25
1629234,Drew Eubanks,LAC,61,12.2,4.6,3.7,0.9,0.2,0.6,0.7,0.593,0.5,0.662,2024-25
1641809,Drew Peterson,BOS,25,7.4,2.2,1.6,0.5,0.2,0.1,0.3,0.415,0.394,0.778,2024-25
1631166,Drew Timme,BKN,9,28.2,12.1,7.2,2.2,0.4,0.1,1.7,0.441,0.257,0.625,2024-25
1630696,Dru Smith,MIA,14,19.2,6.2,2.6,1.6,1.5,0.4,1.2,0.508,0.533,0.75,2024-25
1629130,Duncan Robinson,MIA,74,24.1,11.0,2.3,2.4,0.5,0.1,1.2,0.437,0.393,0.887,2024-25
1641871,Duop Reath,POR,46,10.2,4.2,2.0,0.6,0.3,0.3,0.3,0.422,0.321,0.909,2024-25
203939,Dwight Powell,DAL,55,10.0,2.1,2.1,1.0,0.3,0.4,0.3,0.689,0.4,0.651,2024-25
1630700,Dyson Daniels,ATL,76,33.8,14.1,5.9,4.4,3.0,0.7,2.0,0.493,0.34,0.593,2024-25
1630604,E.J. Liddell,CHI,12,4.4,1.8,0.8,0.3,0.1,0.1,0.2,0.533,0.3,1.0,2024-25
203901,Elfrid Payton,NOP,24,21.3,3.5,3.3,6.9,1.0,0.5,2.5,0.328,0.167,0.571,2024-25
1641989,Elijah Harkless,UTA,10,13.8,3.2,2.1,0.8,1.0,0.1,0.3,0.314,0.28,0.5,2024-25
1641801,Emanuel Miller,CHI,6,4.1,1.7,1.3,0.3,0.2,0.0,0.0,0.5,0.0,1.0,2024-25
1641734,Emoni Bates,CLE,10,7.5,3.7,0.7,0.8,0.1,0.1,0.2,0.342,0.367,0.0,2024-25
1642402,Enrique Freeman,IND,22,8.2,2.1,1.4,0.4,0.1,0.1,0.3,0.432,0.1,0.684,2024-25
201569,Eric Gordon,PHI,39,19.7,6.8,1.2,1.7,0.7,0.3,0.7,0.426,0.409,0.75,2024-25
1630596,Evan Mobley,CLE,71,30.5,18.5,9.3,3.2,0.9,1.6,2.0,0.557,0.37,0.725,2024-25
1630532,Franz Wagner,ORL,60,33.7,24.2,5.7,4.7,1.3,0.4,2.3,0.463,0.295,0.871,2024-25
1627832,Fred VanVleet,HOU,60,35.2,14.1,3.7,5.6,1.6,0.4,1.5,0.378,0.345,0.81,2024-25
1641713,GG Jackson,MEM,29,15.8,7.2,3.2,1.0,0.4,0.2,1.1,0.372,0.337,0.725,2024-25
1629216,Gabe Vincent,LAL,72,21.2,6.4,1.3,1.4,0.7,0.2,0.6,0.4,0.353,0.714,2024-25
202066,Garrett Temple,TOR,28,8.1,1.9,1.0,1.1,0.6,0.1,0.4,0.3,0.214,0.917,2024-25
1629726,Garrison Mathews,ATL,47,17.6,7.5,1.9,1.3,0.6,0.3,0.7,0.397,0.39,0.821,2024-25
203914,Gary Harris,ORL,48,14.8,3.0,1.3,0.6,0.5,0.3,0.4,0.383,0.356,0.583,2024-25
1627780,Gary Payton II,GSW,62,15.0,6.5,3.0,1.3,0.8,0.3,0.6,0.574,0.326,0.711,2024-25
1629018,Gary Trent Jr.,MIL,74,25.6,11.1,2.3,1.2,1.0,0.1,0.6,0.431,0.416,0.848,2024-25
1627777,Georges Niang,ATL,79,21.5,9.9,3.4,1.4,0.4,0.2,1.0,0.461,0.406,0.793,2024-25
203507,Giannis Antetokounmpo,MIL,67,34.2,30.4,11.9,6.5,0.9,1.2,3.1,0.601,0.222,0.617,2024-25
1629048,Goga Bitadze,ORL,70,20.4,7.2,6.6,2.0,0.7,1.4,1.0,0.611,0.107,0.639,2024-25
1641711,Gradey Dick,TOR,54,29.4,14.4,3.6,1.8,0.9,0.2,1.5,0.41,0.35,0.858,2024-25
1629684,Grant Williams,CHA,16,29.9,10.4,5.1,2.3,1.1,0.8,1.8,0.439,0.365,0.838,2024-25
1628960,Grayson Allen,PHX,64,24.1,10.6,3.0,2.1,0.8,0.3,1.2,0.448,0.426,0.816,2024-25
1627824,Guerschon Yabusele,PHI,70,27.1,11.0,5.6,2.1,0.8,0.3,1.2,0.501,0.38,0.725,2024-25
1630611,Gui Santos,GSW,56,13.6,4.1,3.1,1.4,0.4,0.2,0.8,0.458,0.33,0.69,2024-25
203084,Harrison Barnes,SAS,82,27.2,12.3,3.8,1.7,0.5,0.2,0.6,0.508,0.433,0.809,2024-25
1631127,Harrison Ingram,SAS,5,7.0,0.8,1.8,0.6,0.6,0.0,0.2,0.5,0.0,0.0,2024-25
1629312,Haywood Highsmith,MIA,74,24.6,6.5,3.4,1.5,0.9,0.5,0.7,0.458,0.382,0.721,2024-25
1630529,Herbert Jones,NOP,20,32.4,10.3,3.9,3.3,1.9,0.5,1.8,0.436,0.306,0.825,2024-25
1641816,Hunter Tyson,DEN,51,7.8,2.6,1.5,0.4,0.2,0.1,0.3,0.375,0.311,0.75,2024-25
1630193,Immanuel Quickley,TOR,33,27.8,17.1,3.5,5.8,0.7,0.1,1.8,0.42,0.378,0.867,2024-25
1642403,Isaac Jones,SAC,40,7.6,3.4,1.4,0.3,0.1,0.3,0.4,0.651,0.375,0.639,2024-25
1630171,Isaac Okoro,CLE,55,19.1,6.1,2.4,1.2,0.6,0.3,0.4,0.464,0.371,0.717,2024-25
1642268,Isaiah Collier,UTA,71,25.9,8.7,3.3,6.3,0.9,0.2,2.9,0.422,0.249,0.682,2024-25
1642384,Isaiah Crawford,SAC,15,3.0,0.9,0.5,0.1,0.1,0.1,0.1,0.455,0.2,0.5,2024-25
1628392,Isaiah Hartenstein,OKC,57,27.9,11.2,10.7,3.8,0.8,1.1,1.7,0.581,0.0,0.675,2024-25
1630543,Isaiah Jackson,IND,5,16.8,7.0,5.6,1.0,0.6,1.6,1.0,0.609,0.0,0.5,2024-25
1630198,Isaiah Joe,OKC,74,21.7,10.2,2.6,1.6,0.6,0.1,0.5,0.44,0.412,0.821,2024-25
1630600,Isaiah Mobley,PHI,1,17.4,6.0,4.0,5.0,1.0,1.0,0.0,0.286,0.333,0.5,2024-25
1641815,Isaiah Stevens,MIA,3,1.8,0.0,0.7,0.0,0.3,0.0,0.0,0.0,0.0,0.0,2024-25
1630191,Isaiah Stewart,DET,72,19.9,6.0,5.5,1.7,0.4,1.4,0.9,0.559,0.321,0.759,2024-25
1631209,Isaiah Wong,CHA,20,13.3,6.0,1.6,1.4,0.6,0.0,0.9,0.39,0.394,0.735,2024-25
1627826,Ivica Zubac,LAC,80,32.8,16.8,12.6,2.7,0.7,1.1,1.6,0.628,0.0,0.661,2024-25
1631120,JD Davison,BOS,16,5.8,2.1,0.8,0.8,0.3,0.1,0.8,0.353,0.222,0.714,2024-25
1630550,JT Thor,WAS,20,12.5,3.6,2.4,0.3,0.4,0.5,0.5,0.424,0.286,0.682,2024-25
1629630,Ja Morant,MEM,50,30.4,23.2,4.1,7.3,1.2,0.2,3.7,0.454,0.309,0.824,2024-25
1642266,Ja'Kobe Walter,TOR,52,21.2,8.6,3.1,1.6,0.8,0.2,1.0,0.405,0.349,0.795,2024-25
1631095,Jabari Smith Jr.,HOU,57,30.1,12.2,7.0,1.1,0.4,0.7,1.1,0.438,0.354,0.825,2024-25
1631133,Jabari Walker,POR,60,12.5,5.2,3.5,0.6,0.6,0.1,0.6,0.515,0.389,0.69,2024-25
1629098,Jack McVeigh,HOU,9,4.8,1.6,0.6,0.1,0.0,0.2,0.2,0.294,0.308,0.0,2024-25
1642050,Jackson Rowe,GSW,6,8.6,3.7,1.8,0.7,0.7,0.0,0.2,0.471,0.3,0.5,2024-25
1631210,Jacob Toppin,ATL,17,4.4,1.4,0.9,0.4,0.1,0.0,0.2,0.409,0.5,0.0,2024-25
1630702,Jaden Hardy,DAL,57,15.9,8.7,1.6,1.4,0.5,0.1,1.4,0.435,0.386,0.698,2024-25
1631093,Jaden Ivey,DET,30,29.9,17.6,4.1,4.0,0.9,0.4,3.0,0.46,0.409,0.733,2024-25
1630183,Jaden McDaniels,MIN,82,31.9,12.2,5.7,2.0,1.3,0.9,1.2,0.477,0.33,0.813,2024-25
1630531,Jaden Springer,UTA,43,8.5,2.5,1.3,0.8,0.6,0.1,0.4,0.389,0.25,0.711,2024-25
203109,Jae Crowder,SAC,9,11.4,2.6,2.2,0.7,0.3,0.0,0.4,0.318,0.267,0.833,2024-25
1630256,Jae'Sean Tate,HOU,52,11.3,3.6,2.3,0.9,0.5,0.1,0.4,0.473,0.348,0.681,2024-25
1626143,Jahlil Okafor,IND,1,3.4,0.0,1.0,1.0,0.0,0.0,0.0,0.0,0.0,0.0,2024-25
1642443,Jahmir Young,CHI,6,4.9,1.8,0.5,1.0,0.0,0.0,0.2,0.8,0.5,1.0,2024-25
1631170,Jaime Jaquez Jr.,MIA,66,20.7,8.6,4.4,2.5,0.9,0.2,1.5,0.461,0.311,0.754,2024-25
1631222,Jake LaRavia,SAC,66,20.4,6.9,3.9,2.4,0.9,0.3,1.3,0.475,0.423,0.678,2024-25
1627751,Jakob Poeltl,TOR,57,29.6,14.5,9.6,2.8,1.2,1.2,1.9,0.627,0.333,0.674,2024-25
1641779,Jalen Bridges,PHX,8,3.8,1.1,0.5,0.0,0.0,0.0,0.5,0.286,0.286,0.75,2024-25
1628973,Jalen Brunson,NYK,65,35.4,26.0,2.9,7.3,0.9,0.1,2.5,0.488,0.383,0.821,2024-25
1631105,Jalen Duren,DET,78,26.1,11.8,10.3,2.7,0.7,1.1,1.7,0.692,0.0,0.669,2024-25
1630224,Jalen Green,HOU,82,32.9,21.0,4.6,3.4,0.9,0.3,2.5,0.423,0.354,0.813,2024-25
1641720,Jalen Hood-Schifino,PHI,15,21.0,7.1,1.8,2.5,0.3,0.5,1.2,0.378,0.304,0.857,2024-25
1630552,Jalen Johnson,ATL,36,35.7,18.9,10.0,5.0,1.6,1.0,2.9,0.5,0.312,0.746,2024-25
1629667,Jalen McDaniels,SAC,4,1.8,0.0,0.0,0.3,0.3,0.0,0.0,0.0,0.0,0.0,2024-25
1629618,Jalen Pickett,DEN,49,13.6,4.1,1.4,2.2,0.4,0.1,0.5,0.428,0.396,0.75,2024-25
1630188,Jalen Smith,CHI,64,15.0,8.2,5.6,1.0,0.3,0.7,0.6,0.466,0.324,0.809,2024-25
1630591,Jalen Suggs,ORL,35,28.6,16.2,4.0,3.7,1.5,0.9,2.9,0.41,0.314,0.882,2024-25
1631114,Jalen Williams,OKC,69,32.4,21.6,5.3,5.1,1.6,0.7,2.2,0.484,0.365,0.789,2024-25
1630592,Jalen Wilson,BKN,79,25.7,9.5,3.4,1.8,0.5,0.1,1.0,0.397,0.337,0.818,2024-25
1631288,Jamal Cain,NOP,37,13.6,5.3,2.3,0.6,0.6,0.2,0.6,0.43,0.325,0.68,2024-25
1627750,Jamal Murray,DEN,67,36.1,21.4,3.9,6.0,1.4,0.5,2.1,0.474,0.393,0.886,2024-25
1642347,Jamal Shead,TOR,75,19.6,7.1,1.5,4.2,0.8,0.1,1.6,0.405,0.323,0.768,2024-25
1631123,Jamaree Bouyea,MIL,5,12.3,3.4,1.0,2.0,0.8,0.4,1.6,0.5,0.2,0.667,2024-25
201935,James Harden,LAC,79,35.3,22.8,5.8,8.7,1.5,0.7,4.3,0.41,0.352,0.874,2024-25
201949,James Johnson,IND,12,3.1,0.7,0.5,0.3,0.0,0.2,0.3,0.364,0.0,0.0,2024-25
1630164,James Wiseman,IND,1,4.6,6.0,1.0,0.0,0.0,0.0,0.0,0.5,0.0,1.0,2024-25
1642419,Jamison Battle,TOR,59,17.7,7.1,2.7,0.9,0.3,0.2,0.5,0.429,0.405,0.889,2024-25
1641716,Jarace Walker,IND,75,15.8,6.1,3.1,1.5,0.7,0.3,1.0,0.472,0.405,0.667,2024-25
1630215,Jared Butler,PHI,60,17.4,9.0,1.8,3.7,0.7,0.2,1.3,0.448,0.355,0.824,2024-25
1642272,Jared McCain,PHI,23,25.7,15.3,2.4,2.6,0.7,0.0,1.6,0.46,0.383,0.875,2024-25
1631197,Jared Rhoden,TOR,14,16.2,8.4,3.0,1.1,0.7,0.1,0.6,0.483,0.308,0.88,2024-25
1628991,Jaren Jackson Jr.,MEM,74,29.8,22.2,5.6,2.0,1.2,1.5,2.1,0.488,0.375,0.781,2024-25
1629020,Jarred Vanderbilt,LAL,36,16.1,4.1,5.1,1.1,1.0,0.3,0.8,0.488,0.281,0.556,2024-25
1628386,Jarrett Allen,CLE,82,28.0,13.5,9.7,1.9,0.9,0.9,1.2,0.706,0.0,0.718,2024-25
1629750,Javonte Green,CLE,68,18.5,5.1,3.2,0.8,1.0,0.5,0.5,0.429,0.326,0.724,2024-25
1629637,Jaxson Hayes,LAL,56,19.5,6.8,4.8,1.0,0.6,0.9,0.8,0.722,0.0,0.622,2024-25
1630643,Jay Huff,MEM,64,11.7,6.9,2.0,0.6,0.3,0.9,0.5,0.515,0.405,0.786,2024-25
1627759,Jaylen Brown,BOS,63,34.3,22.2,5.8,4.5,1.2,0.3,2.6,0.463,0.324,0.764,2024-25
1641740,Jaylen Clark,MIN,40,13.0,4.1,1.3,0.7,0.9,0.1,0.2,0.467,0.431,0.784,2024-25
1641798,Jaylen Martin,WAS,16,14.9,4.9,2.8,1.1,0.6,0.0,0.8,0.419,0.304,0.9,2024-25
1629669,Jaylen Nowell,WAS,8,21.0,8.4,2.5,2.3,0.1,0.5,1.0,0.356,0.296,0.636,2024-25
1631301,Jaylen Sims,CHA,6,18.6,7.0,1.0,2.0,0.5,0.2,1.3,0.429,0.4,0.8,2024-25
1642377,Jaylen Wells,MEM,79,25.9,10.4,3.4,1.7,0.6,0.1,0.9,0.425,0.352,0.822,2024-25
1631119,Jaylin Williams,OKC,47,16.7,5.9,5.6,2.6,0.5,0.6,0.7,0.439,0.399,0.767,2024-25
1642281,Jaylon Tyson,CLE,47,9.6,3.6,2.0,0.9,0.3,0.1,0.6,0.43,0.345,0.792,2024-25
1628369,Jayson Tatum,BOS,72,36.4,26.8,8.7,6.0,1.1,0.5,2.9,0.452,0.343,0.814,2024-25
1641789,Jazian Gortman,DAL,16,3.5,1.5,0.3,0.4,0.1,0.1,0.3,0.391,0.364,0.5,2024-25
1630288,Jeff Dowtin Jr.,PHI,41,15.1,7.0,1.5,1.9,0.6,0.3,0.4,0.487,0.4,0.733,2024-25
201145,Jeff Green,HOU,32,12.4,5.4,1.8,0.6,0.2,0.1,0.3,0.504,0.367,0.808,2024-25
203924,Jerami Grant,POR,47,32.4,14.4,3.5,2.1,0.9,1.0,1.4,0.373,0.365,0.849,2024-25
1630526,Jeremiah Robinson-Earl,NOP,66,18.8,6.3,4.8,1.3,0.6,0.1,0.8,0.455,0.341,0.836,2024-25
1631110,Jeremy Sochan,SAS,54,25.3,11.4,6.5,2.4,0.8,0.5,1.6,0.535,0.308,0.696,2024-25
1630579,Jericho Sims,MIL,53,11.9,1.8,3.7,0.6,0.2,0.4,0.6,0.634,0.0,0.615,2024-25
1642399,Jesse Edwards,MIN,2,2.3,0.0,0.0,0.5,0.0,0.0,0.0,0.0,0.0,0.0,2024-25
1641724,Jett Howard,ORL,60,11.7,4.5,1.2,0.7,0.2,0.2,0.6,0.374,0.296,0.696,2024-25
1628975,Jevon Carter,CHI,36,8.9,4.3,1.1,1.1,0.4,0.1,0.3,0.377,0.333,0.8,2024-25
202710,Jimmy Butler III,GSW,55,31.7,17.5,5.4,5.4,1.4,0.3,1.3,0.504,0.308,0.842,2024-25
1629111,Jock Landale,HOU,42,11.9,4.8,3.3,0.9,0.3,0.2,0.5,0.533,0.423,0.675,2024-25
204060,Joe Ingles,MIN,19,6.0,0.8,0.6,1.2,0.1,0.0,0.5,0.261,0.2,0.0,2024-25
203954,Joel Embiid,PHI,19,30.2,23.8,8.2,4.5,0.7,0.9,3.3,0.444,0.299,0.882,2024-25
1628381,John Collins,UTA,40,30.5,19.0,8.2,2.0,1.0,1.0,2.6,0.527,0.399,0.848,2024-25
1629723,John Konchar,MEM,46,12.1,2.4,3.3,0.9,0.7,0.3,0.3,0.451,0.371,0.875,2024-25
1631098,Johnny Davis,WAS,34,7.1,2.4,1.1,0.3,0.4,0.2,0.2,0.41,0.241,0.6,2024-25
1642277,Johnny Furphy,IND,50,7.6,2.1,1.4,0.4,0.4,0.2,0.2,0.38,0.3,0.818,2024-25
1630548,Johnny Juzang,UTA,64,19.8,8.9,2.9,1.1,0.6,0.1,0.6,0.429,0.376,0.849,2024-25
202685,Jonas Valančiūnas,SAC,81,18.8,10.4,7.7,2.0,0.5,0.6,1.5,0.55,0.216,0.879,2024-25
1628371,Jonathan Isaac,ORL,71,15.4,5.4,4.4,0.6,0.9,1.1,0.5,0.414,0.258,0.682,2024-25
1630228,Jonathan Kuminga,GSW,47,24.3,15.3,4.6,2.2,0.8,0.4,1.5,0.454,0.305,0.668,2024-25
1642367,Jonathan Mogbo,TOR,63,20.4,6.2,4.9,2.3,0.9,0.5,1.1,0.438,0.243,0.732,2024-25
203903,Jordan Clarkson,UTA,37,26.0,16.2,3.2,3.7,0.8,0.2,2.3,0.408,0.362,0.797,2024-25
1630692,Jordan Goodwin,LAL,29,18.7,5.6,3.9,1.4,1.0,0.4,0.9,0.438,0.382,0.818,2024-25
1641722,Jordan Hawkins,NOP,56,23.6,10.8,2.8,1.2,0.5,0.4,1.0,0.372,0.331,0.816,2024-25
1629162,Jordan McLaughlin,SAS,46,6.8,2.1,0.7,1.1,0.3,0.0,0.3,0.431,0.413,0.773,2024-25
1641757,Jordan Miller,LAC,37,11.4,4.1,1.6,0.9,0.5,0.1,0.7,0.433,0.211,0.8,2024-25
1629673,Jordan Poole,WAS,68,29.4,20.5,3.0,4.5,1.3,0.4,3.0,0.432,0.378,0.883,2024-25
1641775,Jordan Walsh,BOS,52,7.8,1.6,1.3,0.4,0.2,0.2,0.3,0.361,0.273,0.583,2024-25
1630631,Jose Alvarado,NOP,56,24.4,10.3,2.4,4.6,1.3,0.3,1.5,0.392,0.359,0.811,2024-25
1630528,Josh Christopher,MIA,14,5.0,2.0,0.6,0.6,0.4,0.2,0.4,0.355,0.182,0.667,2024-25
1630581,Josh Giddey,CHI,70,30.2,14.6,8.1,7.2,1.2,0.6,2.9,0.465,0.378,0.781,2024-25
1630182,Josh Green,CHA,68,27.8,7.4,2.5,1.6,1.1,0.2,1.0,0.428,0.391,0.681,2024-25
1628404,Josh Hart,NYK,77,37.6,13.6,9.6,5.9,1.5,0.4,2.1,0.525,0.333,0.776,2024-25
1631169,Josh Minott,MIN,46,6.0,2.6,1.0,0.4,0.3,0.3,0.2,0.489,0.326,0.895,2024-25
1629006,Josh Okogie,CHA,40,15.6,7.1,2.8,0.8,1.2,0.5,0.8,0.443,0.348,0.741,2024-25
1626196,Josh Richardson,MIA,8,18.7,4.0,1.5,1.5,1.0,0.1,1.0,0.289,0.273,1.0,2024-25
201950,Jrue Holiday,BOS,62,30.6,11.1,4.3,3.9,1.1,0.4,1.2,0.443,0.353,0.909,2024-25
1630577,Julian Champagnie,SAS,82,23.6,9.9,3.9,1.4,0.7,0.4,0.9,0.415,0.371,0.904,2024-25
1641763,Julian Phillips,CHI,79,14.2,4.6,2.1,0.5,0.5,0.3,0.3,0.446,0.327,0.789,2024-25
1631124,Julian Strawther,DEN,65,21.3,9.0,2.2,1.3,0.6,0.2,0.9,0.432,0.349,0.822,2024-25
203944,Julius Randle,MIN,69,32.3,18.7,7.1,4.7,0.7,0.2,2.8,0.485,0.344,0.806,2024-25
1630551,Justin Champagnie,WAS,62,21.6,8.8,5.7,1.0,1.0,0.6,0.9,0.511,0.383,0.685,2024-25
1642348,Justin Edwards,PHI,44,26.2,10.1,3.4,1.6,1.0,0.4,1.1,0.455,0.363,0.696,2024-25
1631303,Justin Minaya,POR,19,5.3,0.9,0.5,0.4,0.3,0.1,0.3,0.381,0.2,0.0,2024-25
203994,Jusuf Nurkić,CHA,51,20.8,8.9,7.8,2.3,0.8,0.7,1.9,0.477,0.305,0.664,2024-25
1630231,KJ Martin,UTA,43,21.2,6.4,2.9,1.1,0.4,0.5,0.6,0.552,0.259,0.787,2024-25
1642354,KJ Simpson,CHA,36,23.4,7.8,3.0,3.1,0.9,0.2,1.6,0.346,0.254,0.82,2024-25
1630539,Kai Jones,DAL,40,11.7,5.0,3.1,0.6,0.4,0.6,0.5,0.798,0.2,0.719,2024-25
1626157,Karl-Anthony Towns,NYK,72,35.0,24.4,12.8,3.1,1.0,0.7,2.7,0.526,0.42,0.829,2024-25
1631255,Karlo Matković,NOP,42,18.8,7.7,5.0,1.1,0.5,1.0,1.0,0.574,0.318,0.773,2024-25
202695,Kawhi Leonard,LAC,37,31.9,21.5,5.9,3.1,1.6,0.5,1.9,0.498,0.411,0.81,2024-25
1630811,Keaton Wallace,ATL,31,16.2,5.4,1.6,2.6,0.9,0.3,1.1,0.401,0.329,1.0,2024-25
1631099,Keegan Murray,SAC,76,34.3,12.4,6.7,1.4,0.8,0.9,0.8,0.444,0.343,0.833,2024-25
1631232,Keion Brooks Jr.,NOP,14,23.7,10.1,4.1,0.9,0.7,0.7,0.9,0.486,0.326,0.733,2024-25
1642276,Kel'el Ware,MIA,64,22.2,9.3,7.4,0.9,0.6,1.1,0.9,0.554,0.315,0.687,2024-25
1629640,Keldon Johnson,SAS,77,23.9,12.7,4.8,1.6,0.6,0.3,1.0,0.482,0.318,0.773,2024-25
203482,Kelly Olynyk,NOP,44,20.2,8.7,4.7,2.9,0.8,0.4,1.7,0.5,0.418,0.769,2024-25
1626162,Kelly Oubre Jr.,PHI,60,34.6,15.1,6.1,1.8,1.5,0.5,1.3,0.47,0.293,0.751,2024-25
1629026,Kenrich Williams,OKC,69,16.4,6.3,3.5,1.4,0.6,0.1,0.6,0.483,0.386,0.718,2024-25
203484,Kentavious Caldwell-Pope,MEM,77,29.6,8.7,2.2,1.8,1.3,0.4,0.8,0.439,0.342,0.863,2024-25
1631165,Keon Ellis,SAC,80,24.4,8.3,2.7,1.5,1.5,0.8,0.9,0.489,0.433,0.849,2024-25
1630553,Keon Johnson,BKN,79,24.4,10.6,3.8,2.2,1.0,0.4,1.5,0.389,0.314,0.77,2024-25
1642352,Keshad Johnson,MIA,16,6.1,2.7,1.8,0.3,0.3,0.3,0.3,0.692,0.429,0.444,2024-25
1630556,Kessler Edwards,DAL,40,15.2,4.2,2.9,1.1,0.5,0.5,0.4,0.496,0.407,0.923,2024-25
201142,Kevin Durant,PHX,62,36.5,26.6,6.0,4.2,0.8,1.2,3.1,0.527,0.43,0.839,2024-25
1628989,Kevin Huerter,CHI,69,24.3,9.9,3.0,2.3,1.0,0.3,1.0,0.425,0.338,0.714,2024-25
1628995,Kevin Knox II,GSW,14,6.0,3.3,1.2,0.4,0.1,0.3,0.3,0.5,0.267,0.75,2024-25
201567,Kevin Love,MIA,23,10.9,5.3,4.1,1.0,0.7,0.2,0.6,0.357,0.358,0.696,2024-25
1641755,Kevin McCullar Jr.,NYK,4,7.3,1.5,2.0,0.5,0.3,0.3,0.0,0.286,0.0,1.0,2024-25
1629645,Kevin Porter Jr.,MIL,75,19.8,10.3,3.7,3.4,1.1,0.2,1.8,0.449,0.311,0.769,2024-25
1626172,Kevon Looney,GSW,76,15.0,4.5,6.1,1.6,0.6,0.5,0.5,0.514,0.4,0.566,2024-25
1641718,Keyonte George,UTA,67,31.5,16.8,3.8,5.6,0.7,0.1,2.7,0.391,0.343,0.818,2024-25
203114,Khris Middleton,WAS,37,22.8,11.9,3.7,4.1,0.9,0.2,1.5,0.475,0.361,0.857,2024-25
1630165,Killian Hayes,BKN,6,27.1,9.0,3.0,5.2,0.7,0.7,1.5,0.419,0.381,0.833,2024-25
202691,Klay Thompson,DAL,72,27.3,14.0,3.4,2.0,0.7,0.4,1.2,0.412,0.391,0.905,2024-25
1641738,Kobe Brown,LAC,40,6.8,1.9,1.6,0.6,0.2,0.1,0.3,0.458,0.231,0.714,2024-25
1641723,Kobe Bufkin,ATL,10,12.4,5.3,2.1,1.7,0.3,0.2,0.8,0.383,0.211,0.722,2024-25
1627739,Kris Dunn,LAC,74,24.1,6.4,3.4,2.8,1.7,0.4,1.0,0.439,0.335,0.682,2024-25
1631200,Kris Murray,POR,69,15.1,4.2,2.6,1.0,0.5,0.2,0.6,0.419,0.225,0.456,2024-25
204001,Kristaps Porziņģis,BOS,42,28.8,19.5,6.8,2.1,0.7,1.5,1.3,0.483,0.412,0.809,2024-25
203937,Kyle Anderson,MIA,61,16.4,5.9,3.4,2.4,0.7,0.5,0.6,0.469,0.357,0.738,2024-25
1642271,Kyle Filipowski,UTA,72,21.1,9.6,6.1,1.9,0.7,0.3,1.4,0.502,0.35,0.65,2024-25
1628398,Kyle Kuzma,MIL,65,29.8,14.8,5.7,2.3,0.6,0.3,2.2,0.436,0.307,0.634,2024-25
200768,Kyle Lowry,PHI,35,18.8,3.9,1.9,2.7,0.9,0.3,0.6,0.35,0.33,0.818,2024-25
1630283,Kylor Kelley,LAL,11,11.5,3.1,3.5,0.5,0.1,0.3,0.4,0.636,0.0,0.6,2024-25
202681,Kyrie Irving,DAL,50,36.1,24.7,4.8,4.6,1.3,0.5,2.2,0.473,0.401,0.916,2024-25
1642273,Kyshawn George,WAS,68,26.5,8.7,4.2,2.5,1.0,0.7,1.4,0.372,0.322,0.753,2024-25
1630163,LaMelo Ball,CHA,47,32.0,25.2,4.9,7.4,1.1,0.3,3.6,0.405,0.339,0.843,2024-25
1630205,Lamar Stevens,MEM,17,9.1,4.4,2.2,0.5,0.3,0.2,0.6,0.46,0.296,0.727,2024-25
1629013,Landry Shamet,NYK,50,15.2,5.7,1.2,0.5,0.5,0.0,0.4,0.461,0.397,0.667,2024-25
1626204,Larry Nance Jr.,ATL,24,19.3,8.5,4.3,1.6,0.8,0.5,0.7,0.516,0.447,0.692,2024-25
1628374,Lauri Markkanen,UTA,47,31.4,19.0,5.9,1.5,0.7,0.4,1.4,0.423,0.346,0.876,2024-25
2544,LeBron James,LAL,70,34.9,24.4,7.8,8.2,1.0,0.6,3.7,0.513,0.376,0.782,2024-25
1631159,Leonard Miller,MIN,13,2.4,1.5,0.8,0.0,0.2,0.1,0.2,0.4,0.0,1.0,2024-25
1631311,Lester Quinones,NOP,13,14.1,6.6,1.5,1.8,0.2,0.2,1.1,0.397,0.295,0.846,2024-25
1641857,Liam Robbins,MIL,13,4.4,0.7,0.9,0.2,0.2,0.2,0.5,0.25,0.0,0.5,2024-25
1630322,Lindy Waters III,DET,52,15.0,4.9,2.1,1.0,0.5,0.2,0.4,0.369,0.344,0.727,2024-25
1629022,Lonnie Walker IV,PHI,20,23.8,12.4,3.2,2.5,0.5,0.3,1.3,0.42,0.354,0.8,2024-25
1628366,Lonzo Ball,CHI,35,22.2,7.6,3.4,3.3,1.3,0.5,1.2,0.366,0.344,0.815,2024-25
1629652,Luguentz Dort,OKC,71,29.2,10.1,4.1,1.6,1.1,0.5,0.7,0.435,0.412,0.717,2024-25
1629029,Luka Dončić,LAL,50,35.4,28.2,8.2,7.7,1.8,0.4,3.6,0.45,0.368,0.782,2024-25
1630568,Luka Garza,MIN,39,5.6,3.5,1.4,0.3,0.2,0.1,0.3,0.495,0.278,0.686,2024-25
1628379,Luke Kennard,MEM,65,22.6,8.9,2.8,3.3,0.8,0.1,1.1,0.478,0.433,0.895,2024-25
1628436,Luke Kornet,BOS,73,18.6,6.0,5.3,1.6,0.5,1.0,0.4,0.668,0.0,0.691,2024-25
1631247,Luke Travers,CLE,12,7.3,1.0,1.7,0.7,0.1,0.1,0.7,0.25,0.0,1.0,2024-25
1630644,Mac McClung,ORL,2,5.1,0.0,0.5,1.5,0.0,0.0,0.0,0.0,0.0,0.0,2024-25
1630201,Malachi Flynn,SAS,4,10.9,4.0,1.8,1.8,0.8,0.0,1.0,0.385,0.25,0.833,2024-25
1631103,Malaki Branham,SAS,47,9.1,5.0,1.1,0.8,0.2,0.0,0.7,0.458,0.405,0.818,2024-25
1627763,Malcolm Brogdon,WAS,24,23.5,12.7,3.8,4.1,0.5,0.2,1.6,0.433,0.286,0.88,2024-25
1642502,Malevy Leons,OKC,6,3.5,0.3,0.5,0.2,0.0,0.0,0.2,0.0,0.0,0.5,2024-25
1627736,Malik Beasley,DET,82,27.8,16.3,2.6,1.7,0.9,0.1,1.0,0.43,0.416,0.679,2024-25
1628370,Malik Monk,SAC,65,31.6,17.2,3.8,5.6,0.9,0.6,2.4,0.439,0.325,0.865,2024-25
1630699,MarJon Beauchamp,NYK,35,4.5,2.3,1.3,0.3,0.1,0.0,0.4,0.415,0.345,0.75,2024-25
1630542,Marcus Bagley,PHI,10,25.3,6.7,7.0,1.0,0.9,1.2,0.7,0.391,0.156,0.8,2024-25
1630585,Marcus Garrett,CHA,4,19.8,7.0,1.5,3.3,0.8,0.5,1.5,0.407,0.375,0.75,2024-25
1631204,Marcus Sasser,DET,57,14.2,6.6,1.2,2.3,0.6,0.1,0.9,0.463,0.382,0.843,2024-25
203935,Marcus Smart,WAS,34,20.0,9.0,2.1,3.2,1.1,0.3,1.6,0.393,0.348,0.761,2024-25
1631109,Mark Williams,CHA,44,26.6,15.3,10.2,2.5,0.7,1.2,1.6,0.604,0.0,0.804,2024-25
1628365,Markelle Fultz,SAC,21,8.8,2.9,1.0,1.3,0.5,0.1,0.7,0.418,0.5,1.0,2024-25
202693,Markieff Morris,LAL,15,11.0,3.7,1.5,1.4,0.1,0.2,0.3,0.3,0.25,0.833,2024-25
1628963,Marvin Bagley III,MEM,31,8.6,4.4,2.7,0.4,0.3,0.3,0.4,0.519,0.158,0.657,2024-25
1630222,Mason Jones,SAC,10,4.5,2.3,0.9,1.1,0.0,0.1,0.1,0.5,0.125,0.8,2024-25
203486,Mason Plumlee,PHX,74,17.6,4.5,6.1,1.8,0.4,0.6,0.8,0.619,0.0,0.648,2024-25
1641824,Matas Buzelis,CHI,80,18.9,8.6,3.5,1.0,0.4,0.9,0.9,0.454,0.361,0.815,2024-25
1629680,Matisse Thybulle,POR,15,20.8,7.5,3.5,1.9,2.2,0.6,0.9,0.477,0.438,0.467,2024-25
1630346,Matt Ryan,NOP,19,3.6,1.5,0.4,0.2,0.1,0.0,0.2,0.323,0.316,1.0,2024-25
1631108,Max Christie,DAL,78,27.3,9.6,3.3,1.9,0.8,0.4,1.1,0.427,0.366,0.855,2024-25
1629622,Max Strus,CLE,50,25.5,9.4,4.3,3.2,0.5,0.2,1.1,0.442,0.386,0.824,2024-25
1628467,Maxi Kleber,LAL,34,18.7,3.0,2.8,1.3,0.3,0.5,0.7,0.385,0.265,0.762,2024-25
1641721,Maxwell Lewis,BKN,28,11.7,4.1,2.0,0.7,0.3,0.3,0.5,0.417,0.38,0.7,2024-25
1630695,Micah Potter,UTA,38,18.6,4.3,4.3,0.8,0.4,0.4,0.8,0.422,0.316,0.85,2024-25
1629008,Michael Porter Jr.,DEN,77,33.7,18.2,7.0,2.1,0.6,0.5,1.4,0.504,0.395,0.768,2024-25
1628969,Mikal Bridges,NYK,82,37.0,17.6,3.2,3.7,0.9,0.5,1.6,0.5,0.354,0.814,2024-25
201144,Mike Conley,MIN,71,24.7,8.2,2.6,4.5,1.1,0.2,1.1,0.4,0.41,0.9,2024-25
1628970,Miles Bridges,CHA,64,31.7,20.3,7.5,3.9,0.7,0.7,2.1,0.431,0.313,0.87,2024-25
1630540,Miles McBride,NYK,64,24.9,9.5,2.5,2.9,1.0,0.3,0.6,0.406,0.369,0.813,2024-25
1641936,Miles Norris,BOS,3,11.6,2.3,3.0,0.0,0.7,0.3,0.0,0.222,0.286,0.5,2024-25
1629011,Mitchell Robinson,NYK,17,17.1,5.1,5.9,0.8,0.9,1.1,0.6,0.661,0.0,0.684,2024-25
1628964,Mo Bamba,NOP,32,12.9,4.3,4.5,0.6,0.3,1.0,0.6,0.464,0.278,0.704,2024-25
1628420,Monte Morris,PHX,45,12.7,5.2,1.5,1.6,0.4,0.1,0.5,0.426,0.36,0.857,2024-25
1629021,Moritz Wagner,ORL,30,18.8,12.9,4.9,1.4,0.8,0.4,1.6,0.562,0.36,0.718,2024-25
1629650,Moses Brown,DAL,13,9.1,5.8,3.4,0.2,0.5,0.3,0.8,0.694,0.0,0.727,2024-25
1630541,Moses Moody,GSW,74,22.3,9.8,2.6,1.3,0.8,0.4,0.7,0.433,0.374,0.797,2024-25
1631243,Mouhamed Gueye,ATL,33,16.1,6.0,4.2,0.8,0.8,1.0,0.5,0.421,0.259,0.762,2024-25
1631217,Moussa Diabaté,CHA,71,17.5,5.7,6.2,0.8,0.6,0.6,0.9,0.596,0.0,0.595,2024-25
1626167,Myles Turner,IND,72,30.2,15.6,6.5,1.5,0.8,2.0,1.7,0.481,0.396,0.773,2024-25
1642368,N'Faly Dante,HOU,4,12.7,6.0,5.3,0.5,0.3,1.3,0.5,0.769,0.0,0.8,2024-25
1641772,Nae'Qwan Tomlin,CLE,5,12.7,7.2,4.2,0.4,0.0,0.2,0.4,0.406,0.2,0.727,2024-25
1630230,Naji Marshall,DAL,69,27.8,13.2,4.8,3.0,1.0,0.2,1.6,0.508,0.275,0.813,2024-25
1631466,Nate Williams,HOU,20,7.3,3.3,0.7,0.5,0.4,0.2,0.7,0.435,0.231,0.625,2024-25
1629675,Naz Reid,MIN,80,27.5,14.2,6.0,2.3,0.7,0.9,1.4,0.462,0.379,0.776,2024-25
1629674,Neemias Queta,BOS,62,13.9,5.0,3.8,0.7,0.3,0.7,0.6,0.65,0.0,0.754,2024-25
1629651,Nic Claxton,BKN,70,26.9,10.3,7.4,2.2,0.9,1.4,1.2,0.563,0.238,0.513,2024-25
1630208,Nick Richards,PHX,57,22.0,9.3,8.2,0.9,0.2,1.0,1.4,0.591,0.0,0.744,2024-25
1641733,Nick Smith Jr.,CHA,60,22.8,9.9,2.1,2.4,0.3,0.1,1.4,0.391,0.34,0.935,2024-25
1629638,Nickeil Alexander-Walker,MIN,82,25.3,9.4,3.2,2.7,0.6,0.4,1.2,0.438,0.381,0.78,2024-25
201587,Nicolas Batum,LAC,78,17.5,4.0,2.8,1.1,0.7,0.5,0.4,0.437,0.433,0.81,2024-25
203999,Nikola Jokić,DEN,70,36.7,29.6,12.7,10.2,1.8,0.6,3.3,0.576,0.417,0.8,2024-25
1631107,Nikola Jović,MIA,46,25.1,10.7,3.9,2.8,0.8,0.3,1.3,0.456,0.371,0.828,2024-25
202696,Nikola Vučević,CHI,73,31.2,18.5,10.1,3.5,0.8,0.7,1.6,0.53,0.402,0.805,2024-25
1641730,Noah Clowney,BKN,46,22.7,9.1,3.9,0.9,0.5,0.5,1.0,0.358,0.333,0.838,2024-25
1626181,Norman Powell,LAC,60,32.6,21.8,3.2,2.1,1.2,0.2,1.8,0.484,0.418,0.804,2024-25
1628384,OG Anunoby,NYK,74,36.6,18.0,4.8,2.2,1.5,0.9,1.4,0.476,0.372,0.81,2024-25
1630167,Obi Toppin,IND,79,19.6,10.5,4.0,1.6,0.6,0.4,0.9,0.529,0.365,0.781,2024-25
1630534,Ochai Agbaji,TOR,64,27.2,10.4,3.8,1.5,0.9,0.5,0.8,0.498,0.399,0.708,2024-25
1641765,Olivier-Maxence Prosper,DAL,52,11.2,3.9,2.4,0.8,0.5,0.1,0.3,0.402,0.235,0.645,2024-25
1630168,Onyeka Okongwu,ATL,74,27.9,13.4,8.9,2.3,0.9,0.9,1.2,0.567,0.324,0.759,2024-25
1631115,Orlando Robinson,TOR,44,17.5,6.9,5.0,1.8,0.4,0.4,1.1,0.444,0.327,0.771,2024-25
1631131,Oscar Tshiebwe,UTA,14,18.2,7.6,8.7,0.6,0.9,0.1,0.7,0.6,0.0,0.742,2024-25
1629052,Oshae Brissett,PHI,6,23.7,8.7,3.7,0.7,0.7,0.5,1.3,0.487,0.333,0.571,2024-25
1642345,Oso Ighodaro,PHX,61,17.1,4.2,3.6,1.2,0.5,0.5,0.6,0.604,0.0,0.58,2024-25
1631172,Ousmane Dieng,OKC,37,10.9,3.8,2.2,0.8,0.5,0.2,0.5,0.432,0.324,0.688,2024-25
200782,P.J. Tucker,NYK,3,19.3,3.0,2.7,0.0,0.3,0.3,0.3,0.429,0.5,0.0,2024-25
1629023,P.J. Washington,DAL,57,32.2,14.7,7.8,2.3,1.1,1.1,2.1,0.453,0.381,0.722,2024-25
1628408,PJ Dozier,MIN,9,3.9,0.8,0.6,0.6,0.1,0.0,0.1,0.667,0.667,0.167,2024-25
1641790,PJ Hall,DEN,19,3.5,1.7,1.2,0.2,0.0,0.2,0.1,0.583,0.25,0.75,2024-25
1642359,Pacôme Dadiet,NYK,18,6.2,1.7,1.0,0.3,0.2,0.1,0.2,0.323,0.316,0.667,2024-25
1631094,Paolo Banchero,ORL,46,34.4,25.9,7.5,4.8,0.8,0.6,3.0,0.452,0.32,0.727,2024-25
1627783,Pascal Siakam,IND,78,32.7,20.2,6.9,3.4,0.9,0.5,1.4,0.519,0.389,0.734,2024-25
1626192,Pat Connaughton,MIL,41,14.7,5.3,2.7,1.7,0.2,0.3,0.6,0.469,0.321,0.774,2024-25
1630311,Pat Spencer,GSW,39,6.4,2.5,1.2,1.2,0.4,0.1,0.5,0.406,0.227,0.733,2024-25
1631116,Patrick Baldwin Jr.,LAC,24,4.4,2.2,1.0,0.1,0.1,0.1,0.2,0.543,0.565,0.5,2024-25
1630172,Patrick Williams,CHI,63,25.0,9.0,3.8,2.0,0.8,0.5,1.4,0.397,0.353,0.723,2024-25
201988,Patty Mills,LAC,29,11.1,3.8,0.8,0.9,0.4,0.1,0.6,0.375,0.347,0.929,2024-25
202331,Paul George,PHI,41,32.5,16.2,5.3,4.3,1.8,0.5,2.6,0.43,0.358,0.814,2024-25
1630194,Paul Reed,DET,45,9.7,4.1,2.7,1.0,0.9,0.6,0.6,0.507,0.286,0.762,2024-25
1630202,Payton Pritchard,BOS,80,28.4,14.3,3.8,3.5,0.9,0.2,1.0,0.472,0.407,0.845,2024-25
1641796,Pelle Larsson,MIA,55,14.2,4.6,1.7,1.2,0.6,0.1,0.4,0.438,0.337,0.672,2024-25
1631250,Pete Nance,MIL,13,10.6,2.9,1.6,0.8,0.2,0.2,0.3,0.438,0.375,0.5,2024-25
1631212,Peyton Watson,DEN,68,24.3,8.1,3.4,1.4,0.7,1.4,0.8,0.477,0.353,0.693,2024-25
1630762,Phillip Wheeler,PHI,5,8.9,1.6,1.6,0.4,0.2,0.4,0.2,0.143,0.0,1.0,2024-25
1630173,Precious Achiuwa,NYK,57,20.5,6.6,5.6,1.0,0.8,0.7,0.8,0.502,0.278,0.594,2024-25
1629656,Quentin Grimes,PHI,75,26.8,14.6,4.3,3.0,1.0,0.3,1.9,0.467,0.385,0.757,2024-25
1631245,Quenton Jackson,IND,28,13.6,5.8,1.6,1.9,0.8,0.2,0.6,0.475,0.375,0.775,2024-25
1642439,Quincy Olivari,LAL,2,5.2,1.5,0.0,0.5,0.0,0.0,0.5,0.2,0.2,0.0,2024-25
1642366,Quinten Post,GSW,42,16.3,8.1,3.5,1.3,0.4,0.4,0.8,0.449,0.408,0.778,2024-25
1629628,RJ Barrett,TOR,58,32.2,21.1,6.3,5.4,0.8,0.3,2.9,0.468,0.35,0.63,2024-25
1642484,RayJ Dennis,IND,11,6.4,2.7,1.1,1.3,0.6,0.2,0.5,0.333,0.286,1.0,2024-25
1641712,Rayan Rupert,POR,52,8.8,3.0,1.3,0.5,0.3,0.1,0.6,0.408,0.271,0.767,2024-25
1641736,Reece Beekman,BKN,36,13.0,2.6,1.1,1.8,0.9,0.1,0.6,0.327,0.175,0.762,2024-25
1642263,Reed Sheppard,HOU,52,12.6,4.4,1.5,1.4,0.7,0.3,0.7,0.351,0.338,0.813,2024-25
202704,Reggie Jackson,PHI,31,12.4,4.4,1.4,1.5,0.5,0.1,0.5,0.391,0.338,0.778,2024-25
1626158,Richaun Holmes,WAS,31,17.2,7.4,5.7,1.4,0.3,0.7,0.7,0.647,0.0,0.833,2024-25
1641741,Ricky Council IV,PHI,73,17.1,7.3,2.9,1.3,0.4,0.2,0.7,0.382,0.258,0.804,2024-25
1642434,Riley Minix,SAS,1,6.8,0.0,2.0,0.0,0.0,0.0,0.0,0.0,0.0,0.0,2024-25
1642265,Rob Dillingham,MIN,49,10.5,4.5,1.0,2.0,0.4,0.0,1.1,0.441,0.338,0.533,2024-25
1629057,Robert Williams III,POR,20,17.6,5.8,5.9,1.1,0.7,1.7,0.9,0.641,0.333,0.882,2024-25
1631199,Ron Harper Jr.,DET,1,17.0,4.0,7.0,2.0,0.0,0.0,0.0,0.125,0.0,1.0,2024-25
1641842,Ronald Holland II,DET,81,15.6,6.4,2.7,1.0,0.6,0.2,0.9,0.474,0.238,0.754,2024-25
1626220,Royce O'Neale,PHX,75,24.5,9.1,4.7,2.2,0.9,0.4,0.9,0.423,0.406,0.731,2024-25
203497,Rudy Gobert,MIN,72,33.2,12.0,10.9,1.8,0.8,1.4,1.2,0.669,0.0,0.674,2024-25
1629060,Rui Hachimura,LAL,59,31.7,13.1,5.0,1.4,0.8,0.4,0.8,0.509,0.413,0.77,2024-25
201566,Russell Westbrook,DEN,75,27.9,13.3,4.9,6.1,1.4,0.5,3.2,0.449,0.323,0.661,2024-25
1642346,Ryan Dunn,PHX,74,19.1,6.9,3.6,0.8,0.6,0.5,0.5,0.43,0.311,0.487,2024-25
1631157,Ryan Rollins,MIL,56,14.6,6.2,1.9,1.9,0.8,0.3,0.9,0.487,0.408,0.8,2024-25
1630573,Sam Hauser,BOS,71,21.7,8.5,3.2,0.9,0.6,0.2,0.3,0.451,0.416,1.0,2024-25
1630241,Sam Merrill,CLE,71,19.7,7.2,2.2,1.5,0.7,0.2,0.5,0.406,0.372,0.966,2024-25
1630572,Sandro Mamukelashvili,SAS,61,11.2,6.3,3.1,0.8,0.4,0.3,0.4,0.502,0.373,0.741,2024-25
1630583,Santi Aldama,MEM,65,25.5,12.5,6.4,2.9,0.8,0.4,1.1,0.483,0.368,0.691,2024-25
1630703,Scoot Henderson,POR,66,26.7,12.7,3.0,5.1,1.0,0.2,2.7,0.419,0.354,0.767,2024-25
1630567,Scottie Barnes,TOR,65,32.8,19.3,7.7,5.8,1.4,1.0,2.8,0.446,0.271,0.755,2024-25
1630590,Scotty Pippen Jr.,MEM,79,21.3,9.9,3.3,4.4,1.3,0.4,1.7,0.48,0.397,0.713,2024-25
203552,Seth Curry,CHA,68,15.6,6.5,1.7,0.9,0.4,0.1,0.5,0.478,0.456,0.846,2024-25
1631101,Shaedon Sharpe,POR,72,31.3,18.5,4.5,2.8,0.9,0.2,2.1,0.452,0.311,0.785,2024-25
1628983,Shai Gilgeous-Alexander,OKC,76,34.2,32.7,5.0,6.4,1.7,1.0,2.4,0.519,0.375,0.898,2024-25
1629003,Shake Milton,LAL,57,14.7,5.5,1.8,1.8,0.4,0.1,0.7,0.453,0.358,0.797,2024-25
1631321,Sidy Cissoko,POR,22,5.2,1.5,1.0,0.7,0.1,0.0,0.5,0.433,0.231,0.333,2024-25
1631323,Simone Fontecchio,DET,75,16.5,5.9,2.9,0.9,0.4,0.2,0.7,0.402,0.335,0.833,2024-25
1627746,Skal Labissiere,SAC,4,3.0,1.3,0.8,0.3,0.0,0.0,0.0,0.5,1.0,0.0,2024-25
203915,Spencer Dinwiddie,DAL,79,27.0,11.0,2.6,4.4,0.9,0.2,1.3,0.416,0.334,0.802,2024-25
1642461,Spencer Jones,DEN,20,6.2,1.3,0.9,0.3,0.3,0.3,0.3,0.324,0.059,1.0,2024-25
1630649,Stanley Umude,MIL,22,3.9,0.7,0.8,0.2,0.1,0.3,0.1,0.192,0.2,0.5,2024-25
201939,Stephen Curry,GSW,70,32.2,24.5,4.4,6.0,1.1,0.4,2.9,0.448,0.397,0.933,2024-25
1642264,Stephon Castle,SAS,81,26.7,14.7,3.7,4.1,0.9,0.3,2.2,0.428,0.285,0.724,2024-25
203500,Steven Adams,HOU,58,13.7,3.9,5.6,1.1,0.4,0.5,0.9,0.545,0.0,0.462,2024-25
1629004,Svi Mykhailiuk,UTA,38,20.0,8.8,2.4,2.0,0.5,0.2,1.4,0.391,0.345,0.8,2024-25
204456,T.J. McConnell,IND,79,17.9,9.1,2.4,4.4,1.1,0.3,1.4,0.519,0.306,0.74,2024-25
201959,Taj Gibson,CHA,37,11.1,2.9,3.2,0.6,0.2,0.5,0.7,0.495,0.5,0.6,2024-25
1629659,Talen Horton-Tucker,CHI,58,12.5,6.5,1.7,1.4,0.4,0.2,0.7,0.457,0.336,0.735,2024-25
1631106,Tari Eason,HOU,57,24.9,12.0,6.4,1.5,1.7,0.9,1.1,0.487,0.342,0.76,2024-25
1627752,Taurean Prince,MIL,80,27.1,8.2,3.6,1.9,1.0,0.2,1.0,0.457,0.439,0.813,2024-25
1641707,Taylor Hendricks,UTA,3,24.8,4.7,5.0,0.7,1.7,1.3,0.7,0.222,0.25,0.75,2024-25
1631386,Taze Moore,POR,2,9.9,3.0,4.0,0.5,1.0,0.0,1.0,0.2,0.25,0.5,2024-25
1629611,Terance Mann,ATL,67,21.1,7.7,3.0,1.8,0.7,0.2,0.7,0.496,0.368,0.691,2024-25
1629056,Terence Davis,SAC,1,7.9,0.0,1.0,1.0,0.0,0.0,0.0,0.0,0.0,0.0,2024-25
1630545,Terrence Shannon Jr.,MIN,32,10.6,4.3,1.5,1.0,0.2,0.2,0.5,0.482,0.355,0.81,2024-25
1626179,Terry Rozier,MIA,64,25.9,10.6,3.7,2.6,0.6,0.2,1.2,0.391,0.295,0.852,2024-25
1630678,Terry Taylor,SAC,3,2.1,0.0,0.3,0.7,0.0,0.0,0.0,0.0,0.0,0.0,2024-25
1628418,Thomas Bryant,IND,66,14.6,6.5,3.8,0.8,0.4,0.6,0.5,0.508,0.324,0.859,2024-25
1642275,Tidjane Salaün,CHA,60,20.7,5.9,4.7,1.2,0.5,0.2,1.0,0.33,0.283,0.713,2024-25
203501,Tim Hardaway Jr.,DET,77,28.0,11.0,2.4,1.6,0.5,0.1,0.6,0.406,0.368,0.855,2024-25
202699,Tobias Harris,DET,73,31.6,13.7,5.9,2.2,1.0,0.8,1.2,0.477,0.345,0.861,2024-25
1642449,Tolu Smith,DET,1,22.4,14.0,8.0,0.0,0.0,0.0,2.0,0.667,0.0,0.667,2024-25
1628396,Tony Bradley,IND,14,8.1,4.4,3.0,0.4,0.1,0.6,0.4,0.644,0.333,0.333,2024-25
1628470,Torrey Craig,BOS,26,12.1,4.2,2.8,0.7,0.3,0.5,0.3,0.422,0.364,0.667,2024-25
1641787,Tosan Evbuomwan,BKN,28,23.7,9.5,4.3,2.0,0.9,0.4,1.4,0.427,0.312,0.753,2024-25
1641739,Toumani Camara,POR,78,32.7,11.3,5.8,2.2,1.5,0.6,1.4,0.458,0.375,0.722,2024-25
1629027,Trae Young,ATL,76,36.0,24.2,3.1,11.6,1.2,0.2,4.7,0.411,0.34,0.875,2024-25
1631218,Trayce Jackson-Davis,GSW,62,15.6,6.6,5.0,1.7,0.4,0.6,0.7,0.576,0.0,0.578,2024-25
1630200,Tre Jones,CHI,46,19.7,7.2,2.5,4.2,0.8,0.2,0.8,0.538,0.396,0.821,2024-25
1630544,Tre Mann,CHA,13,24.5,14.1,2.9,3.0,0.5,0.3,1.9,0.435,0.4,0.905,2024-25
1630570,Trendon Watford,BKN,44,20.7,10.2,3.6,2.6,0.6,0.3,1.9,0.469,0.33,0.762,2024-25
1642280,Trentyn Flowers,LAC,6,4.4,1.8,0.7,0.0,0.0,0.0,0.2,0.364,0.0,1.0,2024-25
1630243,Trevelin Queen,ORL,31,13.9,4.9,1.7,1.2,1.0,0.3,0.7,0.381,0.286,0.857,2024-25
1641725,Trey Alexander,DEN,24,4.9,1.3,0.5,0.5,0.1,0.0,0.2,0.317,0.176,0.75,2024-25
1641998,Trey Jemison III,LAL,38,10.3,2.5,2.8,0.4,0.2,0.4,0.6,0.554,0.0,0.394,2024-25
1626168,Trey Lyles,SAC,69,19.6,6.5,4.6,1.2,0.6,0.3,0.6,0.42,0.34,0.7,2024-25
1630530,Trey Murphy III,NOP,53,35.0,21.2,5.1,3.5,1.1,0.7,1.9,0.454,0.361,0.887,2024-25
202684,Tristan Thompson,CLE,40,8.2,1.7,3.4,0.6,0.1,0.3,0.4,0.437,0.0,0.233,2024-25
1641774,Tristan Vukcevic,WAS,35,14.6,9.4,3.7,1.1,0.3,0.7,1.2,0.496,0.373,0.776,2024-25
1641783,Tristan da Silva,ORL,74,22.0,7.2,3.3,1.5,0.4,0.2,0.8,0.412,0.335,0.873,2024-25
1641803,Tristen Newton,MIN,8,2.0,0.4,0.5,0.3,0.1,0.0,0.3,0.125,0.0,1.0,2024-25
1629660,Ty Jerome,CLE,70,19.9,12.5,2.5,3.4,1.1,0.0,1.3,0.516,0.439,0.872,2024-25
1631102,TyTy Washington Jr.,PHX,16,7.4,2.2,0.8,1.0,0.2,0.0,0.2,0.311,0.19,0.5,2024-25
1629639,Tyler Herro,MIA,77,35.4,23.9,5.2,5.5,0.9,0.2,2.6,0.472,0.375,0.878,2024-25
1642278,Tyler Kolek,NYK,41,7.2,2.0,0.7,1.7,0.3,0.1,0.4,0.329,0.298,0.765,2024-25
1641890,Tyler Smith,MIL,23,5.3,2.9,1.1,0.2,0.1,0.2,0.3,0.48,0.433,0.75,2024-25
1630169,Tyrese Haliburton,IND,73,33.6,18.6,3.5,9.2,1.4,0.7,1.6,0.473,0.388,0.851,2024-25
1631213,Tyrese Martin,BKN,60,21.9,8.7,3.7,2.0,0.6,0.2,1.2,0.406,0.351,0.793,2024-25
1630178,Tyrese Maxey,PHI,52,37.7,26.3,3.3,6.1,1.8,0.4,2.4,0.437,0.337,0.879,2024-25
1630623,Tyson Etienne,BKN,7,21.6,7.9,1.3,1.7,0.4,0.1,1.1,0.327,0.295,0.8,2024-25
1626145,Tyus Jones,PHX,81,26.8,10.2,2.4,5.3,0.9,0.1,1.1,0.448,0.414,0.895,2024-25
1642279,Ulrich Chomche,TOR,7,4.6,0.7,1.1,0.3,0.0,0.1,0.3,0.4,0.0,0.5,2024-25
203995,Vasilije Micic,PHX,41,19.1,6.6,2.2,3.1,0.4,0.0,1.9,0.348,0.36,0.829,2024-25
1641705,Victor Wembanyama,SAS,46,33.2,24.3,11.0,3.7,1.1,3.8,3.2,0.476,0.352,0.836,2024-25
1631246,Vince Williams Jr.,MEM,27,18.5,6.6,3.6,2.0,0.4,0.3,1.2,0.401,0.274,0.792,2024-25
1628427,Vlatko Čančar,DEN,13,10.4,1.8,2.5,0.7,0.2,0.2,0.8,0.385,0.267,0.0,2024-25
1630249,Vít Krejčí,ATL,57,20.2,7.2,2.7,2.6,0.6,0.5,0.9,0.497,0.437,0.711,2024-25
1631117,Walker Kessler,UTA,58,30.0,11.1,12.2,1.7,0.6,2.4,1.5,0.663,0.176,0.52,2024-25
1628976,Wendell Carter Jr.,ORL,68,25.9,9.1,7.2,2.0,0.8,0.6,1.1,0.46,0.234,0.737,2024-25
1631111,Wendell Moore Jr.,CHA,36,13.9,4.2,2.6,1.2,0.6,0.1,0.8,0.468,0.341,0.818,2024-25
1630214,Xavier Tillman,BOS,33,7.0,1.0,1.3,0.2,0.3,0.2,0.4,0.245,0.156,0.75,2024-25
1642530,Yuki Kawamura,MEM,22,4.2,1.6,0.5,0.9,0.1,0.0,0.2,0.367,0.304,0.778,2024-25
1641879,Yuri Collins,GSW,2,8.2,1.0,1.5,2.0,1.0,0.0,0.0,0.333,0.0,0.0,2024-25
1642274,Yves Missi,NOP,73,26.8,9.1,8.2,1.4,0.5,1.3,1.1,0.547,0.0,0.623,2024-25
1642258,Zaccharie Risacher,ATL,75,24.6,12.6,3.6,1.2,0.7,0.5,1.2,0.458,0.355,0.711,2024-25
1628380,Zach Collins,CHI,64,15.3,6.4,4.5,1.7,0.5,0.5,0.9,0.507,0.302,0.885,2024-25
1641744,Zach Edey,MEM,66,21.5,9.2,8.3,1.0,0.5,1.3,1.3,0.58,0.346,0.709,2024-25
203897,Zach LaVine,SAC,74,35.2,23.3,4.3,4.2,0.8,0.2,2.8,0.511,0.446,0.825,2024-25
1630192,Zeke Nnaji,DEN,57,10.7,3.2,1.6,0.4,0.4,0.7,0.2,0.496,0.327,0.614,2024-25
1630533,Ziaire Williams,BKN,63,24.5,10.0,4.6,1.3,1.0,0.4,1.1,0.412,0.341,0.821,2024-25
1629627,Zion Williamson,NOP,30,28.6,24.6,7.2,5.3,1.2,0.9,3.0,0.567,0.231,0.656,2024-25
1642389,Zyon Pullin,MEM,3,0.9,0.0,0.0,0.0,0.0,0.0,0.0,0.0,0.0,0.0,2024-25
1630639,A.J. Lawson,TOR,20,9.4,4.3,1.8,0.3,0.5,0.2,0.3,0.46,0.444,0.857,2025-26
1631260,AJ Green,MIL,74,28.7,9.8,2.6,1.9,0.5,0.1,1.0,0.416,0.409,0.842,2025-26
1642358,AJ Johnson,DAL,44,8.8,2.8,1.1,0.9,0.2,0.0,0.5,0.324,0.229,0.826,2025-26
203932,Aaron Gordon,DEN,35,28.1,16.5,5.9,2.6,0.6,0.3,1.1,0.5,0.394,0.764,2025-26
1628988,Aaron Holiday,HOU,53,13.6,5.4,1.0,1.1,0.4,0.1,0.7,0.405,0.39,0.865,2025-26
1630174,Aaron Nesmith,IND,45,29.7,13.8,4.2,1.9,0.6,0.5,1.4,0.414,0.379,0.829,2025-26
1630598,Aaron Wiggins,OKC,61,21.9,9.6,3.1,1.7,0.9,0.4,1.3,0.431,0.354,0.743,2025-26
1642846,Ace Bailey,UTA,70,27.6,13.6,4.1,1.8,0.8,0.7,1.4,0.444,0.348,0.767,2025-26
1642380,Adama Bal,MEM,6,27.3,8.8,2.8,1.7,1.0,0.0,0.7,0.413,0.433,0.667,2025-26
1641737,Adem Bona,PHI,68,17.4,4.9,4.4,0.5,0.4,1.2,0.8,0.601,0.333,0.706,2025-26
1642876,Adou Thiero,LAL,21,5.1,1.4,1.0,0.3,0.2,0.1,0.2,0.455,0.0,0.75,2025-26
1642349,Ajay Mitchell,OKC,55,25.9,13.8,3.4,3.6,1.3,0.3,1.5,0.487,0.349,0.873,2025-26
201143,Al Horford,GSW,43,21.7,8.3,5.0,2.6,0.7,1.2,1.0,0.424,0.36,0.846,2025-26
1630828,Alex Antetokounmpo,MIL,4,3.1,1.5,0.3,0.3,0.0,0.0,0.0,0.25,0.0,0.667,2025-26
1627936,Alex Caruso,OKC,54,18.5,6.3,2.8,2.0,1.3,0.3,0.9,0.422,0.29,0.804,2025-26
1631457,Alex Morales,ORL,2,6.9,1.0,1.5,2.0,0.0,0.0,1.0,0.333,0.0,0.0,2025-26
1642259,Alex Sarr,WAS,48,27.2,16.3,7.4,2.7,0.8,2.0,1.7,0.482,0.333,0.692,2025-26
1642918,Alijah Martin,TOR,21,6.2,2.3,1.0,0.5,0.4,0.2,0.2,0.341,0.2,0.778,2025-26
1631214,Alondes Williams,WAS,4,25.2,11.0,6.3,3.0,0.8,0.8,1.3,0.615,0.357,0.875,2025-26
1630578,Alperen Sengun,HOU,69,33.4,20.6,8.8,6.2,1.2,1.1,3.1,0.522,0.31,0.688,2025-26
1642873,Amari Williams,BOS,21,6.5,1.3,1.9,0.4,0.1,0.5,0.5,0.474,0.0,0.714,2025-26
1641708,Amen Thompson,HOU,76,37.3,17.9,7.8,5.3,1.5,0.6,2.4,0.527,0.223,0.777,2025-26
1629599,Amir Coffey,PHX,43,10.2,2.9,1.2,0.6,0.2,0.1,0.1,0.484,0.317,0.786,2025-26
1643158,Andersson Garcia,UTA,5,33.8,5.2,8.4,2.8,1.6,0.8,1.4,0.31,0.077,0.778,2025-26
203083,Andre Drummond,PHI,60,19.2,6.3,8.2,1.2,0.6,0.8,1.0,0.47,0.349,0.641,2025-26
1641748,Andre Jackson Jr.,MIL,44,7.8,2.2,1.3,0.9,0.4,0.0,0.6,0.333,0.283,0.7,2025-26
1629614,Andrew Nembhard,IND,57,31.3,16.9,2.8,7.7,0.9,0.1,2.4,0.442,0.361,0.825,2025-26
203952,Andrew Wiggins,MIA,64,30.6,15.6,5.0,2.7,1.2,1.1,1.5,0.478,0.417,0.787,2025-26
1629014,Anfernee Simons,CHI,55,24.9,14.3,2.5,2.4,0.5,0.1,1.2,0.44,0.385,0.896,2025-26
1641710,Anthony Black,ORL,61,30.4,15.3,3.8,3.8,1.4,0.7,2.1,0.45,0.338,0.73,2025-26
203076,Anthony Davis,WAS,20,31.3,20.4,11.1,2.8,1.1,1.7,2.1,0.506,0.27,0.728,2025-26
1630162,Anthony Edwards,MIN,60,35.2,28.9,5.0,3.7,1.4,0.8,2.8,0.489,0.398,0.796,2025-26
1630264,Anthony Gill,WAS,51,16.3,5.4,2.8,1.3,0.5,0.4,0.7,0.623,0.317,0.774,2025-26
1641810,Antonio Reeves,CHA,10,6.8,2.7,0.8,0.3,0.1,0.0,0.1,0.5,0.538,0.0,2025-26
1630574,Ariel Hukporti,NYK,52,8.8,1.9,2.8,0.5,0.2,0.5,0.6,0.544,0.25,0.788,2025-26
1642854,Asa Newell,ATL,42,10.8,5.0,2.0,0.5,0.4,0.3,0.5,0.539,0.394,0.56,2025-26
1641709,Ausar Thompson,DET,70,26.1,9.9,5.8,3.1,2.0,0.9,1.5,0.521,0.261,0.565,2025-26
1630559,Austin Reaves,LAL,51,34.5,23.3,4.7,5.5,1.1,0.4,3.0,0.49,0.36,0.871,2025-26
1630245,Ayo Dosunmu,MIN,67,27.2,14.7,3.5,3.6,0.8,0.3,1.3,0.514,0.443,0.871,2025-26
1628389,Bam Adebayo,MIA,69,32.2,20.2,10.0,3.0,1.2,0.7,1.7,0.439,0.317,0.778,2025-26
1631248,Baylor Scheierman,BOS,73,18.2,5.0,3.5,1.5,0.5,0.1,0.6,0.444,0.381,0.864,2025-26
1642879,Ben Saraf,BKN,40,19.6,6.6,1.9,3.3,0.8,0.1,2.2,0.382,0.216,0.817,2025-26
1641767,Ben Sheppard,IND,65,21.4,7.1,3.0,1.8,0.6,0.1,0.6,0.434,0.362,0.765,2025-26
1631097,Bennedict Mathurin,LAC,50,30.6,18.2,5.5,2.3,0.8,0.2,2.2,0.436,0.322,0.871,2025-26
1643016,Bez Mbeng,UTA,12,29.8,4.6,3.3,3.3,1.8,0.4,1.3,0.396,0.15,0.667,2025-26
1641731,Bilal Coulibaly,WAS,54,26.3,11.4,4.4,2.6,1.4,0.9,1.5,0.416,0.308,0.747,2025-26
202687,Bismack Biyombo,SAS,24,5.7,0.9,1.0,0.2,0.2,0.1,0.3,0.571,0.0,0.714,2025-26
1642396,Blake Hinson,UTA,11,19.4,10.6,2.2,0.8,0.1,0.2,0.2,0.519,0.509,0.667,2025-26
1631104,Blake Wesley,POR,28,12.6,5.2,1.3,2.2,0.6,0.2,1.1,0.458,0.286,0.556,2025-26
1626171,Bobby Portis,MIL,67,24.2,13.7,6.4,1.6,0.6,0.2,1.0,0.488,0.456,0.706,2025-26
1641752,Bobi Klintman,DET,12,5.9,1.8,1.6,0.5,0.3,0.0,0.5,0.333,0.308,0.0,2025-26
203992,Bogdan Bogdanović,LAC,22,19.6,7.0,2.5,2.3,0.5,0.0,1.2,0.371,0.322,0.8,2025-26
1630538,Bones Hyland,MIN,69,16.4,8.3,1.8,2.6,0.6,0.2,0.9,0.452,0.382,0.776,2025-26
203078,Bradley Beal,LAC,6,20.2,8.2,0.8,1.7,0.5,0.0,1.5,0.375,0.368,0.75,2025-26
1642382,Branden Carlson,OKC,39,10.3,4.7,2.6,0.6,0.2,0.5,0.4,0.535,0.344,0.5,2025-26
1641764,Brandin Podziemski,GSW,78,28.5,13.5,5.3,3.8,1.1,0.2,1.6,0.454,0.369,0.783,2025-26
1629634,Brandon Clarke,MEM,2,10.2,4.0,3.0,0.5,1.0,0.0,0.0,0.333,0.0,0.5,2025-26
1627742,Brandon Ingram,TOR,73,33.8,21.3,5.5,3.6,0.7,0.7,2.5,0.471,0.376,0.822,2025-26
1641706,Brandon Miller,CHA,62,30.3,20.2,5.0,3.4,1.0,0.7,2.6,0.434,0.387,0.892,2025-26
1630314,Brandon Williams,DAL,66,22.2,13.0,2.9,3.9,0.9,0.3,1.9,0.472,0.232,0.793,2025-26
1641729,Brice Sensabaugh,UTA,73,23.6,14.8,3.1,1.9,0.7,0.2,1.6,0.463,0.369,0.827,2025-26
1642355,Bronny James,LAL,38,7.9,2.5,0.4,1.1,0.4,0.1,0.5,0.4,0.381,0.857,2025-26
201572,Brook Lopez,LAC,71,21.4,8.2,3.4,1.3,0.6,1.2,0.8,0.423,0.354,0.786,2025-26
1642964,Brooks Barnhizer,OKC,37,7.7,1.3,1.7,0.5,0.2,0.1,0.2,0.373,0.294,0.667,2025-26
1628971,Bruce Brown,DEN,79,24.3,7.7,3.8,2.0,1.0,0.2,1.1,0.466,0.385,0.769,2025-26
1631121,Bryce McGowens,NOP,42,21.0,8.1,2.1,1.5,0.6,0.2,0.4,0.481,0.409,0.779,2025-26
1642267,Bub Carrington,WAS,78,27.5,10.3,3.4,4.6,0.6,0.2,2.3,0.418,0.396,0.721,2025-26
1631205,Buddy Boeheim,OKC,4,3.8,1.5,0.0,0.0,0.0,0.0,0.0,0.333,0.333,0.0,2025-26
1627741,Buddy Hield,ATL,50,16.0,7.2,2.3,1.4,0.8,0.2,0.9,0.424,0.333,0.811,2025-26
1643047,CJ Huntley,PHX,2,3.5,1.0,0.0,0.5,0.0,0.0,0.0,0.5,0.0,0.0,2025-26
203468,CJ McCollum,ATL,74,29.8,18.7,3.3,3.9,0.8,0.4,1.8,0.453,0.371,0.774,2025-26
1630595,Cade Cunningham,DET,61,34.4,24.5,5.6,9.9,1.5,0.9,3.7,0.461,0.346,0.814,2025-26
1631216,Caleb Houstan,ATL,18,4.2,2.3,0.6,0.2,0.1,0.1,0.2,0.538,0.524,1.0,2025-26
1631126,Caleb Love,POR,47,21.5,10.8,2.4,2.6,0.6,0.1,1.3,0.389,0.32,0.735,2025-26
1628997,Caleb Martin,DAL,58,14.8,3.9,2.5,1.4,0.7,0.3,0.7,0.45,0.351,0.607,2025-26
1642353,Cam Christie,LAC,52,9.0,3.0,1.5,0.6,0.3,0.1,0.4,0.382,0.245,0.76,2025-26
1642285,Cam Spencer,MEM,72,23.8,11.1,2.5,5.6,0.7,0.2,1.3,0.473,0.449,0.94,2025-26
1630560,Cam Thomas,MIL,42,21.0,13.5,1.7,2.6,0.2,0.1,1.8,0.41,0.31,0.811,2025-26
1641715,Cam Whitmore,WAS,21,16.9,9.2,2.8,0.7,0.7,0.4,0.9,0.456,0.286,0.742,2025-26
1629661,Cameron Johnson,DEN,53,30.5,12.1,3.8,2.5,0.7,0.4,0.9,0.475,0.429,0.839,2025-26
1626166,Cameron Payne,PHI,22,17.0,7.4,2.0,2.6,1.1,0.3,0.5,0.376,0.33,0.864,2025-26
1627747,Caris LeVert,DET,57,19.4,7.4,2.0,2.7,0.8,0.7,1.4,0.419,0.33,0.658,2025-26
1642868,Carter Bryant,SAS,68,10.8,3.8,2.4,0.5,0.2,0.3,0.4,0.387,0.309,0.725,2025-26
1641717,Cason Wallace,OKC,75,26.7,8.7,3.1,2.6,2.0,0.4,0.9,0.436,0.352,0.803,2025-26
1642907,Cedric Coward,MEM,61,25.8,13.4,5.9,2.8,0.6,0.4,1.7,0.468,0.336,0.845,2025-26
1643052,Chaney Johnson,BKN,15,20.2,7.9,4.3,2.2,0.9,0.6,1.3,0.558,0.308,0.8,2025-26
1629646,Charles Bassey,GSW,9,6.9,3.1,2.8,0.3,0.2,0.7,0.3,0.667,0.0,0.5,2025-26
1642404,Chaz Lanier,DET,31,8.0,2.4,0.7,0.5,0.2,0.0,0.1,0.306,0.281,0.833,2025-26
1631096,Chet Holmgren,OKC,67,29.0,17.0,8.8,1.6,0.6,1.9,1.5,0.553,0.356,0.797,2025-26
1628449,Chris Boucher,BOS,9,10.5,2.3,2.0,0.3,0.6,0.8,0.1,0.32,0.133,0.75,2025-26
1641753,Chris Livingston,CLE,3,5.8,3.0,1.0,0.3,0.3,0.0,0.0,0.571,0.0,1.0,2025-26
1643024,Chris Mañon,LAL,6,4.2,0.3,1.0,0.2,0.5,0.3,0.2,0.0,0.0,1.0,2025-26
101108,Chris Paul,LAC,16,14.2,2.9,1.8,3.3,0.7,0.0,1.0,0.321,0.333,0.5,2025-26
1642959,Chris Youngblood,POR,33,5.6,2.2,0.8,0.4,0.1,0.1,0.1,0.349,0.333,0.9,2025-26
1631128,Christian Braun,DEN,43,31.9,11.9,4.9,2.8,0.7,0.3,1.0,0.515,0.305,0.79,2025-26
1631132,Christian Koloko,ATL,26,12.9,2.7,2.8,0.7,0.5,0.8,0.5,0.435,0.143,0.727,2025-26
1642935,Chucky Hepburn,TOR,2,6.6,0.0,0.5,1.0,0.5,0.0,0.5,0.0,0.0,0.0,2025-26
203991,Clint Capela,HOU,71,12.3,3.5,4.6,0.7,0.5,0.8,0.6,0.512,0.0,0.597,2025-26
1629632,Coby White,CHA,48,25.4,17.5,3.5,4.1,0.5,0.1,2.6,0.444,0.356,0.823,2025-26
1628998,Cody Martin,IND,4,13.8,1.8,3.5,0.5,1.0,0.5,1.0,0.2,0.0,0.5,2025-26
1642262,Cody Williams,UTA,64,23.8,8.5,2.9,1.9,0.8,0.4,1.0,0.475,0.22,0.706,2025-26
1641732,Colby Jones,DET,1,6.8,2.0,4.0,2.0,0.0,0.0,0.0,0.333,0.0,0.0,2025-26
1630175,Cole Anthony,MIL,35,15.0,6.7,2.5,3.5,0.6,0.3,1.9,0.424,0.306,0.615,2025-26
1630658,Colin Castleton,ORL,2,6.1,1.0,2.5,0.5,0.0,0.0,1.0,0.333,0.0,0.0,2025-26
1631221,Collin Gillespie,PHX,77,28.8,12.9,4.1,4.8,1.2,0.2,1.6,0.42,0.407,0.871,2025-26
1642867,Collin Murray-Boyles,TOR,54,22.0,8.5,4.9,1.9,0.9,0.9,1.1,0.573,0.34,0.641,2025-26
1629012,Collin Sexton,CHI,64,23.3,15.3,2.2,3.3,1.0,0.2,2.1,0.487,0.41,0.86,2025-26
1642843,Cooper Flagg,DAL,66,33.9,21.1,6.6,4.6,1.2,0.9,2.4,0.473,0.297,0.82,2025-26
1630557,Corey Kispert,ATL,55,18.8,9.1,2.3,1.6,0.3,0.2,0.8,0.464,0.357,0.82,2025-26
1642504,Cormac Ryan,MIL,7,20.0,11.0,1.1,1.4,1.3,0.3,1.1,0.545,0.5,0.941,2025-26
1641854,Craig Porter Jr.,CLE,62,17.8,4.5,3.4,3.2,0.9,0.6,0.9,0.444,0.348,0.579,2025-26
1642938,Curtis Jones,DEN,7,4.7,1.3,0.7,0.6,0.1,0.0,0.1,0.286,0.111,0.0,2025-26
1626156,D'Angelo Russell,WAS,26,19.0,10.2,2.3,4.0,0.5,0.1,1.9,0.405,0.295,0.717,2025-26
1629610,DaQuan Jeffries,SAC,3,20.0,10.3,1.7,0.3,0.7,0.0,0.0,0.579,0.444,1.0,2025-26
1641747,DaRon Holmes II,DEN,22,9.1,4.0,1.4,0.7,0.0,0.2,0.5,0.517,0.452,0.818,2025-26
1631342,Daeqwon Plowden,SAC,29,26.2,10.5,3.0,1.2,0.7,0.1,0.7,0.426,0.329,0.837,2025-26
1630625,Dalano Banton,BOS,5,5.0,2.0,0.2,0.8,0.2,0.2,0.4,0.444,0.0,1.0,2025-26
1631207,Dalen Terry,PHI,47,11.6,3.7,1.8,1.4,0.6,0.3,0.6,0.435,0.364,0.552,2025-26
1642261,Dalton Knecht,LAL,50,10.3,4.0,1.4,0.3,0.2,0.2,0.4,0.446,0.304,0.7,2025-26
1629655,Daniel Gafford,DAL,55,21.7,9.5,6.9,1.1,0.8,1.3,1.1,0.655,0.0,0.683,2025-26
1642450,Daniss Jenkins,DET,69,20.3,9.5,2.2,3.8,0.9,0.2,1.6,0.418,0.383,0.824,2025-26
1642874,Danny Wolf,BKN,57,20.8,8.9,4.9,2.2,0.5,0.6,1.3,0.405,0.322,0.771,2025-26
203967,Dario Saric,SAC,5,8.2,1.0,1.2,0.4,0.0,0.0,0.4,0.167,0.333,1.0,2025-26
1641727,Dariq Whitehead,MEM,3,30.6,14.7,3.3,1.7,1.3,0.0,2.3,0.364,0.345,0.667,2025-26
1642468,Darius Brown,CLE,1,2.7,0.0,1.0,0.0,0.0,0.0,0.0,0.0,0.0,0.0,2025-26
1629636,Darius Garland,LAC,42,29.7,18.9,2.4,6.8,0.9,0.2,3.0,0.465,0.405,0.851,2025-26
1642357,David Jones Garcia,SAS,11,6.2,2.9,1.2,1.6,0.5,0.1,0.5,0.52,0.6,0.5,2025-26
1631223,David Roddy,DEN,3,4.6,1.3,1.7,0.7,0.3,0.0,0.0,0.2,0.0,1.0,2025-26
1630558,Davion Mitchell,MIA,67,28.6,9.2,2.7,6.5,1.0,0.2,1.5,0.483,0.395,0.672,2025-26
1630549,Day'Ron Sharpe,BKN,62,18.7,8.7,6.7,2.3,1.1,0.4,1.7,0.601,0.231,0.678,2025-26
1628368,De'Aaron Fox,SAS,69,31.0,18.4,3.7,6.1,1.2,0.3,2.3,0.488,0.329,0.755,2025-26
1629631,De'Andre Hunter,SAC,45,26.1,13.7,4.1,2.0,0.7,0.1,1.7,0.415,0.305,0.867,2025-26
1629001,De'Anthony Melton,GSW,45,23.0,12.4,3.2,2.5,1.6,0.4,1.9,0.405,0.286,0.827,2025-26
201599,DeAndre Jordan,NOP,12,16.6,4.4,6.3,0.9,0.3,0.8,0.8,0.656,0.0,0.647,2025-26
1630610,DeJon Jarreau,MEM,11,21.0,8.0,4.6,3.3,0.9,0.7,2.4,0.398,0.133,0.783,2025-26
201942,DeMar DeRozan,SAC,77,31.2,18.4,2.9,4.1,1.0,0.3,1.2,0.497,0.32,0.868,2025-26
1629731,Dean Wade,CLE,57,22.4,5.8,4.2,1.5,0.8,0.4,0.3,0.432,0.354,0.711,2025-26
1629028,Deandre Ayton,LAL,68,27.2,12.4,8.1,0.8,0.6,0.9,1.2,0.672,0.0,0.634,2025-26
1627749,Dejounte Murray,NOP,14,27.8,16.7,5.4,6.4,1.6,0.2,3.4,0.484,0.306,0.867,2025-26
1630166,Deni Avdija,POR,63,33.2,24.0,7.0,6.7,0.8,0.6,3.8,0.457,0.315,0.802,2025-26
203471,Dennis Schröder,CLE,68,24.5,10.9,2.8,4.9,0.8,0.2,1.8,0.407,0.329,0.832,2025-26
1641726,Dereck Lively II,DAL,7,16.5,4.3,5.3,1.9,0.6,1.6,1.4,0.611,0.0,0.8,2025-26
1642852,Derik Queen,NOP,78,24.4,11.2,6.8,3.6,1.0,0.9,2.3,0.471,0.262,0.792,2025-26
1627884,Derrick Jones Jr.,LAC,46,27.2,10.3,3.3,1.4,1.0,1.0,0.8,0.507,0.352,0.759,2025-26
1628401,Derrick White,BOS,74,34.3,16.7,4.5,5.5,1.1,1.3,1.8,0.395,0.326,0.9,2025-26
1630217,Desmond Bane,ORL,79,34.1,20.5,4.2,4.1,1.0,0.5,2.0,0.485,0.394,0.909,2025-26
1626164,Devin Booker,PHX,62,33.4,25.8,3.9,6.0,0.8,0.3,3.1,0.455,0.33,0.869,2025-26
1642269,Devin Carter,SAC,35,17.4,8.5,3.1,2.4,0.8,0.2,1.3,0.408,0.24,0.771,2025-26
1630170,Devin Vassell,SAS,64,30.5,14.0,4.0,2.5,0.8,0.4,0.9,0.438,0.387,0.816,2025-26
1628415,Dillon Brooks,PHX,53,30.5,20.4,3.6,1.8,1.0,0.2,1.8,0.437,0.346,0.858,2025-26
1641794,Dillon Jones,NYK,6,4.5,1.2,1.0,0.7,0.3,0.0,0.0,0.167,0.25,1.0,2025-26
1627734,Domantas Sabonis,SAC,19,29.7,15.8,11.4,4.1,0.9,0.2,2.7,0.543,0.185,0.727,2025-26
1631230,Dominick Barlow,PHI,68,23.9,7.9,4.8,1.3,0.9,0.7,0.8,0.544,0.256,0.717,2025-26
1642270,Donovan Clingan,POR,74,27.2,12.1,11.6,2.1,0.6,1.7,1.3,0.519,0.332,0.675,2025-26
1628378,Donovan Mitchell,CLE,69,33.4,27.8,4.5,5.7,1.5,0.3,2.8,0.481,0.364,0.863,2025-26
1628978,Donte DiVincenzo,MIN,78,30.8,12.3,4.2,3.9,1.3,0.4,1.5,0.406,0.379,0.758,2025-26
1627827,Dorian Finney-Smith,HOU,36,16.6,3.2,2.5,1.0,0.4,0.2,0.6,0.331,0.274,0.857,2025-26
203926,Doug McDermott,SAC,26,14.3,5.3,1.1,0.7,0.2,0.1,0.4,0.405,0.396,1.0,2025-26
1642962,Drake Powell,BKN,60,20.6,6.5,1.7,1.5,0.6,0.2,0.9,0.418,0.298,0.915,2025-26
203110,Draymond Green,GSW,65,27.6,8.6,5.5,5.5,0.9,0.6,2.6,0.419,0.329,0.692,2025-26
1629234,Drew Eubanks,SAC,42,13.1,5.2,3.0,0.5,0.4,0.6,0.7,0.596,0.143,0.561,2025-26
1641809,Drew Peterson,CHA,6,10.7,0.8,1.5,0.3,0.5,0.2,0.0,0.125,0.0,0.5,2025-26
1631166,Drew Timme,LAL,23,8.1,3.1,1.2,0.7,0.2,0.0,0.3,0.588,0.421,0.571,2025-26
1630696,Dru Smith,MIA,70,16.3,5.6,2.5,2.6,1.4,0.3,0.8,0.415,0.295,0.829,2025-26
1629130,Duncan Robinson,DET,74,27.6,12.0,2.7,2.1,0.6,0.3,0.7,0.448,0.408,0.76,2025-26
1641871,Duop Reath,POR,32,8.1,2.9,1.2,0.3,0.2,0.3,0.2,0.446,0.418,0.833,2025-26
203939,Dwight Powell,DAL,59,13.9,3.2,3.8,1.0,0.5,0.3,0.6,0.659,0.333,0.685,2025-26
1642928,Dylan Cardwell,SAC,41,20.4,5.3,7.5,1.4,0.7,1.5,0.9,0.586,0.5,0.531,2025-26
1642844,Dylan Harper,SAS,66,22.4,11.8,3.3,3.9,0.8,0.3,1.4,0.508,0.345,0.743,2025-26
1630700,Dyson Daniels,ATL,74,33.2,11.8,6.8,5.8,2.0,0.4,1.8,0.517,0.186,0.619,2025-26
1630604,E.J. Liddell,BKN,22,10.6,3.2,2.0,0.8,0.1,0.5,0.5,0.422,0.257,0.636,2025-26
1642856,Egor Dëmin,BKN,52,25.2,10.3,3.2,3.3,0.8,0.3,1.7,0.399,0.385,0.831,2025-26
1641989,Elijah Harkless,UTA,26,21.0,6.8,2.0,2.9,1.2,0.2,1.0,0.335,0.239,0.766,2025-26
1641801,Emanuel Miller,SAS,5,6.6,3.0,0.6,0.8,0.4,0.0,0.0,0.462,0.333,0.5,2025-26
1642402,Enrique Freeman,MIN,2,4.0,0.0,1.5,0.0,0.0,0.5,0.0,0.0,0.0,0.0,2025-26
201569,Eric Gordon,PHI,6,12.3,5.5,0.3,0.5,0.7,0.2,0.5,0.571,0.571,0.5,2025-26
1630679,Ethan Thompson,IND,28,18.5,5.6,1.8,1.5,0.6,0.3,0.6,0.362,0.323,0.72,2025-26
1630596,Evan Mobley,CLE,63,32.0,18.2,8.9,3.7,0.8,1.7,1.9,0.548,0.301,0.606,2025-26
1630532,Franz Wagner,ORL,31,30.6,20.5,5.5,3.4,1.0,0.3,1.7,0.479,0.336,0.825,2025-26
1641713,GG Jackson,MEM,55,21.4,12.5,4.3,1.5,0.6,0.8,1.5,0.496,0.332,0.742,2025-26
1629216,Gabe Vincent,ATL,51,16.7,4.3,1.0,1.5,0.5,0.1,0.5,0.343,0.329,0.95,2025-26
202066,Garrett Temple,TOR,21,3.3,0.7,0.4,0.4,0.1,0.1,0.3,0.214,0.182,0.667,2025-26
1629726,Garrison Mathews,IND,15,13.1,5.2,1.1,0.7,0.4,0.2,0.2,0.404,0.37,0.826,2025-26
203914,Gary Harris,MIL,46,13.7,2.6,1.2,1.1,0.6,0.2,0.4,0.453,0.422,0.889,2025-26
1627780,Gary Payton II,GSW,69,15.6,7.4,3.7,1.7,0.9,0.3,0.9,0.573,0.296,0.611,2025-26
1629018,Gary Trent Jr.,MIL,64,21.2,8.2,1.0,1.2,0.5,0.0,0.6,0.39,0.368,0.765,2025-26
203507,Giannis Antetokounmpo,MIL,36,28.9,27.6,9.8,5.4,0.9,0.7,3.2,0.624,0.333,0.65,2025-26
1629048,Goga Bitadze,ORL,61,15.0,5.6,4.7,1.3,0.6,1.0,0.7,0.673,0.182,0.7,2025-26
1641711,Gradey Dick,TOR,72,14.5,6.1,2.0,0.7,0.6,0.1,0.6,0.417,0.297,0.871,2025-26
1641761,Grant Nelson,BKN,4,8.8,4.3,1.5,1.3,0.3,1.3,1.0,0.556,0.0,0.7,2025-26
1629684,Grant Williams,CHA,33,19.5,7.1,3.9,1.6,0.4,0.4,0.9,0.428,0.388,0.815,2025-26
1628960,Grayson Allen,PHX,49,29.2,16.8,3.0,3.9,1.4,0.2,1.6,0.405,0.353,0.849,2025-26
1627824,Guerschon Yabusele,CHI,65,14.8,5.5,3.4,0.9,0.4,0.2,0.6,0.401,0.356,0.743,2025-26
1630611,Gui Santos,GSW,66,20.5,9.3,3.9,2.3,0.9,0.3,1.5,0.505,0.352,0.729,2025-26
203084,Harrison Barnes,SAS,74,25.8,9.9,2.8,1.9,0.6,0.2,0.8,0.452,0.389,0.828,2025-26
1631127,Harrison Ingram,SAS,6,3.4,1.8,0.5,0.2,0.0,0.0,0.2,0.833,1.0,0.0,2025-26
1629312,Haywood Highsmith,PHX,6,13.4,5.5,2.2,1.2,0.7,0.0,0.0,0.5,0.615,0.833,2025-26
1630529,Herbert Jones,NOP,56,28.4,8.9,3.4,2.8,1.6,0.5,1.3,0.383,0.309,0.806,2025-26
1642864,Hugo González,BOS,73,14.5,3.8,3.3,0.5,0.5,0.3,0.5,0.473,0.357,0.5,2025-26
1630621,Hunter Dickinson,NOP,2,4.6,1.0,0.5,0.0,0.0,1.0,1.5,0.333,0.0,0.0,2025-26
1642282,Hunter Sallis,PHI,7,3.7,1.0,0.1,0.6,0.0,0.1,0.7,0.6,0.0,0.5,2025-26
1641816,Hunter Tyson,DEN,21,7.7,2.2,1.7,0.8,0.1,0.0,0.2,0.269,0.212,0.846,2025-26
1630193,Immanuel Quickley,TOR,67,32.4,16.9,4.1,6.0,1.3,0.1,1.5,0.445,0.374,0.821,2025-26
1642403,Isaac Jones,DET,6,4.4,1.2,0.8,0.2,0.0,0.2,0.0,0.5,0.0,0.5,2025-26
1630171,Isaac Okoro,CHI,62,27.1,9.2,2.7,1.6,0.7,0.5,0.7,0.458,0.33,0.791,2025-26
1642268,Isaiah Collier,UTA,59,25.7,11.7,2.5,7.2,1.1,0.3,2.5,0.495,0.27,0.722,2025-26
1642384,Isaiah Crawford,HOU,13,5.9,1.3,0.8,0.3,0.2,0.2,0.2,0.333,0.2,0.75,2025-26
1628392,Isaiah Hartenstein,OKC,45,24.6,9.4,9.6,3.6,1.0,0.8,1.8,0.621,0.0,0.602,2025-26
1630543,Isaiah Jackson,LAC,55,16.5,6.7,5.3,0.9,0.7,0.9,1.1,0.637,0.0,0.648,2025-26
1630198,Isaiah Joe,OKC,69,21.3,10.8,2.6,1.3,0.7,0.2,0.6,0.448,0.415,0.89,2025-26
1630587,Isaiah Livers,PHX,36,9.6,1.8,1.7,0.6,0.4,0.2,0.3,0.344,0.3,0.75,2025-26
1641815,Isaiah Stevens,SAC,3,14.3,3.3,1.0,3.3,1.7,0.0,0.7,0.429,0.0,1.0,2025-26
1630191,Isaiah Stewart,DET,55,23.2,10.0,5.1,1.2,0.3,1.6,1.1,0.541,0.333,0.76,2025-26
1627826,Ivica Zubac,IND,48,30.1,14.1,10.6,2.2,0.4,0.8,1.8,0.598,0.0,0.711,2025-26
1631120,JD Davison,HOU,27,7.1,2.2,0.9,1.0,0.2,0.1,0.3,0.4,0.286,0.615,2025-26
1629630,Ja Morant,MEM,20,28.4,19.5,3.3,8.1,1.0,0.3,3.6,0.41,0.235,0.897,2025-26
1642266,Ja'Kobe Walter,TOR,68,20.1,7.3,2.5,1.2,1.0,0.2,0.5,0.443,0.402,0.798,2025-26
1631095,Jabari Smith Jr.,HOU,74,35.0,15.7,6.9,1.9,0.8,0.9,1.4,0.452,0.366,0.778,2025-26
1631133,Jabari Walker,PHI,62,12.1,4.3,3.0,0.5,0.4,0.2,0.4,0.448,0.33,0.75,2025-26
1631210,Jacob Toppin,ATL,5,3.4,1.6,0.2,0.2,0.0,0.2,0.0,0.667,0.0,0.0,2025-26
1630702,Jaden Hardy,WAS,56,15.7,9.2,1.5,1.0,0.3,0.1,1.1,0.426,0.395,0.753,2025-26
1631093,Jaden Ivey,CHI,37,18.1,8.5,2.5,1.8,0.6,0.4,1.1,0.445,0.373,0.809,2025-26
1630183,Jaden McDaniels,MIN,71,31.9,14.8,4.2,2.7,1.1,1.0,1.8,0.518,0.421,0.839,2025-26
1630256,Jae'Sean Tate,HOU,43,8.5,2.6,1.4,0.5,0.2,0.1,0.3,0.495,0.3,0.7,2025-26
1642942,Jahmai Mashack,MEM,28,19.8,5.7,2.2,1.3,1.3,0.4,1.3,0.399,0.267,0.567,2025-26
1642443,Jahmir Young,MIA,11,4.6,1.8,0.4,0.5,0.1,0.0,0.3,0.364,0.25,1.0,2025-26
1643141,Jahmyl Telfort,LAC,8,4.0,0.1,0.4,0.1,0.1,0.0,0.1,0.0,0.0,0.25,2025-26
1631170,Jaime Jaquez Jr.,MIA,71,28.3,15.2,5.1,4.7,0.7,0.3,2.0,0.501,0.305,0.771,2025-26
1631222,Jake LaRavia,LAL,78,25.1,8.4,3.9,1.7,1.2,0.4,1.0,0.457,0.318,0.773,2025-26
1627751,Jakob Poeltl,TOR,42,25.4,10.8,7.3,2.0,0.8,0.7,1.2,0.698,0.0,0.633,2025-26
1628973,Jalen Brunson,NYK,72,35.0,26.0,3.4,6.8,0.8,0.1,2.4,0.464,0.37,0.841,2025-26
1631105,Jalen Duren,DET,68,28.3,19.5,10.6,1.9,0.8,0.9,1.9,0.646,0.0,0.745,2025-26
1630224,Jalen Green,PHX,30,26.4,18.4,3.7,3.0,1.1,0.1,2.3,0.425,0.32,0.75,2025-26
1630552,Jalen Johnson,ATL,70,35.3,22.7,10.3,8.0,1.3,0.4,3.4,0.492,0.354,0.786,2025-26
1629618,Jalen Pickett,DEN,47,15.8,4.9,2.3,2.2,0.3,0.1,0.6,0.424,0.386,0.867,2025-26
1641771,Jalen Slawson,IND,9,22.8,7.2,4.6,2.7,1.4,1.2,1.1,0.407,0.419,0.889,2025-26
1630188,Jalen Smith,CHI,53,20.7,10.2,6.7,1.2,0.5,0.8,1.0,0.483,0.373,0.742,2025-26
1630591,Jalen Suggs,ORL,54,27.6,13.7,3.9,5.6,1.9,0.7,2.7,0.433,0.326,0.855,2025-26
1631114,Jalen Williams,OKC,32,28.2,17.0,4.6,5.5,1.2,0.3,1.9,0.482,0.303,0.832,2025-26
1630592,Jalen Wilson,BKN,50,14.8,6.1,1.9,0.7,0.4,0.0,0.6,0.397,0.359,0.741,2025-26
1631288,Jamal Cain,ORL,37,11.6,5.0,1.8,0.7,0.3,0.1,0.5,0.47,0.385,0.857,2025-26
1627750,Jamal Murray,DEN,74,35.4,25.4,4.4,7.2,0.9,0.4,2.3,0.483,0.434,0.886,2025-26
1642347,Jamal Shead,TOR,78,22.6,6.7,1.8,5.4,1.0,0.2,1.3,0.366,0.319,0.784,2025-26
1631123,Jamaree Bouyea,PHX,42,13.6,5.5,1.8,1.6,0.7,0.3,0.5,0.466,0.299,0.71,2025-26
201935,James Harden,CLE,68,35.0,23.7,4.9,8.1,1.1,0.4,3.5,0.437,0.375,0.881,2025-26
1630164,James Wiseman,IND,4,14.6,3.3,2.0,0.8,0.0,0.3,1.3,0.6,0.0,0.5,2025-26
1642364,Jamir Watkins,WAS,46,19.9,6.8,3.7,1.3,1.1,0.5,0.7,0.46,0.298,0.677,2025-26
1642419,Jamison Battle,TOR,57,8.8,3.2,1.5,0.4,0.1,0.1,0.3,0.507,0.422,0.667,2025-26
1641716,Jarace Walker,IND,73,25.6,11.5,5.1,2.4,0.8,0.3,1.8,0.421,0.376,0.753,2025-26
1642272,Jared McCain,OKC,63,17.3,8.2,2.1,1.3,0.5,0.1,0.8,0.42,0.388,0.873,2025-26
1628991,Jaren Jackson Jr.,UTA,48,30.3,19.4,5.7,2.0,1.1,1.4,2.2,0.476,0.357,0.803,2025-26
1629020,Jarred Vanderbilt,LAL,61,17.4,4.5,4.5,1.2,0.8,0.3,0.8,0.471,0.304,0.623,2025-26
1628386,Jarrett Allen,CLE,55,27.1,15.3,8.5,1.8,1.0,0.9,1.3,0.642,0.1,0.708,2025-26
1642859,Jase Richardson,ORL,52,11.1,4.4,1.2,1.1,0.3,0.0,0.5,0.467,0.359,0.717,2025-26
1642914,Javon Small,MEM,40,20.1,9.5,3.1,3.8,0.8,0.2,1.4,0.472,0.439,0.825,2025-26
1631451,Javonte Cooke,POR,19,4.9,1.2,1.0,0.4,0.3,0.0,0.5,0.22,0.13,1.0,2025-26
1629750,Javonte Green,DET,79,17.8,6.9,2.8,0.7,1.3,0.3,0.6,0.443,0.373,0.832,2025-26
1629637,Jaxson Hayes,LAL,66,18.3,7.5,4.1,0.9,0.4,0.8,0.5,0.756,1.0,0.653,2025-26
1630643,Jay Huff,IND,78,20.8,9.4,3.8,1.4,0.5,1.8,0.9,0.472,0.317,0.819,2025-26
1627759,Jaylen Brown,BOS,69,34.4,28.7,7.0,5.2,1.0,0.4,3.6,0.476,0.345,0.795,2025-26
1641740,Jaylen Clark,MIN,64,12.4,3.9,1.8,0.6,0.6,0.1,0.3,0.438,0.333,0.657,2025-26
1642377,Jaylen Wells,MEM,69,26.4,12.5,3.2,1.6,0.9,0.1,1.1,0.431,0.353,0.784,2025-26
1631119,Jaylin Williams,OKC,63,19.8,7.4,5.5,2.4,0.5,0.7,1.1,0.422,0.383,0.793,2025-26
1642281,Jaylon Tyson,CLE,64,27.0,13.1,5.1,2.2,0.8,0.4,1.5,0.496,0.455,0.743,2025-26
1643257,Jayson Kent,POR,3,6.5,3.3,1.3,0.0,0.3,0.3,0.0,0.667,0.333,1.0,2025-26
1628369,Jayson Tatum,BOS,14,31.7,21.5,10.1,5.2,1.4,0.1,2.2,0.412,0.333,0.828,2025-26
201145,Jeff Green,HOU,29,5.2,2.1,0.7,0.2,0.0,0.0,0.0,0.383,0.3,1.0,2025-26
203924,Jerami Grant,POR,57,29.7,18.6,3.5,2.1,0.7,0.6,2.1,0.453,0.389,0.814,2025-26
1642847,Jeremiah Fears,NOP,79,25.2,13.4,3.6,3.3,1.1,0.4,2.2,0.429,0.342,0.787,2025-26
1630526,Jeremiah Robinson-Earl,DAL,22,16.4,4.6,4.7,0.7,0.4,0.0,0.5,0.37,0.244,0.944,2025-26
1631110,Jeremy Sochan,NYK,42,10.5,3.5,2.4,0.8,0.4,0.2,0.5,0.5,0.231,0.708,2025-26
1630579,Jericho Sims,MIL,63,18.7,4.5,5.3,1.3,0.2,0.2,1.1,0.796,0.0,0.614,2025-26
1641724,Jett Howard,ORL,55,12.6,5.5,1.6,0.8,0.2,0.2,0.3,0.418,0.372,0.949,2025-26
1628975,Jevon Carter,ORL,50,16.3,6.4,1.7,1.7,0.8,0.2,0.7,0.39,0.351,0.789,2025-26
202710,Jimmy Butler III,GSW,38,31.1,20.0,5.6,4.9,1.4,0.2,1.6,0.519,0.376,0.864,2025-26
1642866,Joan Beringer,MIN,36,6.4,3.0,1.8,0.2,0.1,0.4,0.2,0.657,0.0,0.652,2025-26
1629111,Jock Landale,ATL,68,22.1,10.6,5.7,1.7,0.5,0.5,0.9,0.515,0.383,0.635,2025-26
204060,Joe Ingles,MIN,25,4.1,0.8,0.4,0.8,0.3,0.0,0.4,0.538,0.375,1.0,2025-26
203954,Joel Embiid,PHI,38,31.6,26.9,7.7,3.9,0.6,1.2,2.9,0.489,0.333,0.854,2025-26
1628381,John Collins,LAC,65,27.4,13.7,5.2,1.0,0.9,0.7,1.3,0.556,0.418,0.786,2025-26
1629723,John Konchar,UTA,53,19.1,4.2,4.0,1.8,1.4,0.6,0.6,0.469,0.275,0.7,2025-26
1642967,John Poulakidas,DAL,9,15.5,5.4,2.2,0.7,0.4,0.0,0.3,0.386,0.342,1.0,2025-26
1642910,John Tonje,BOS,5,2.5,0.4,0.4,0.2,0.2,0.0,0.0,0.0,0.0,1.0,2025-26
1641780,Johni Broome,PHI,11,5.0,0.9,1.5,0.4,0.3,0.2,0.3,0.167,0.0,0.333,2025-26
1642277,Johnny Furphy,IND,35,18.4,5.1,4.4,1.2,0.6,0.2,0.8,0.47,0.324,0.486,2025-26
1630548,Johnny Juzang,MIN,21,4.2,2.0,0.8,0.3,0.1,0.0,0.2,0.421,0.25,0.625,2025-26
202685,Jonas Valančiūnas,DEN,62,13.0,8.3,4.8,1.1,0.2,0.5,1.1,0.576,0.318,0.767,2025-26
1628371,Jonathan Isaac,ORL,52,10.0,2.6,2.5,0.4,0.4,0.6,0.3,0.422,0.184,0.603,2025-26
1630228,Jonathan Kuminga,ATL,34,22.8,11.7,5.6,2.3,0.6,0.3,1.9,0.463,0.359,0.719,2025-26
1642367,Jonathan Mogbo,TOR,36,6.1,1.5,1.7,0.6,0.3,0.2,0.3,0.561,0.0,0.583,2025-26
203903,Jordan Clarkson,NYK,69,17.8,8.7,1.8,1.3,0.4,0.1,0.9,0.451,0.332,0.826,2025-26
1630692,Jordan Goodwin,PHX,68,22.6,8.7,4.9,2.2,1.5,0.2,1.0,0.41,0.363,0.696,2025-26
1641722,Jordan Hawkins,NOP,48,12.8,4.2,1.5,0.7,0.2,0.2,0.6,0.341,0.336,0.81,2025-26
1629162,Jordan McLaughlin,SAS,41,6.5,2.0,0.7,0.9,0.5,0.0,0.4,0.413,0.41,0.8,2025-26
1641757,Jordan Miller,LAC,56,21.7,9.8,3.0,2.2,0.8,0.2,1.1,0.527,0.34,0.764,2025-26
1629673,Jordan Poole,NOP,37,23.6,12.9,1.9,3.0,0.5,0.4,1.7,0.365,0.326,0.876,2025-26
1641775,Jordan Walsh,BOS,64,17.5,5.2,4.0,0.8,0.7,0.5,0.5,0.512,0.384,0.755,2025-26
1630631,Jose Alvarado,NYK,67,19.7,7.2,2.4,3.4,1.0,0.1,1.1,0.415,0.349,0.8,2025-26
1630581,Josh Giddey,CHI,54,32.1,17.0,8.3,9.1,1.0,0.5,3.6,0.448,0.364,0.763,2025-26
1630182,Josh Green,CHA,55,16.0,4.4,1.8,0.9,0.6,0.1,0.6,0.458,0.418,0.893,2025-26
1628404,Josh Hart,NYK,64,30.1,11.9,7.5,4.9,1.1,0.3,1.9,0.506,0.406,0.723,2025-26
1631169,Josh Minott,BKN,49,17.0,7.4,3.2,0.9,0.9,0.5,0.9,0.5,0.418,0.787,2025-26
1629006,Josh Okogie,HOU,74,17.2,4.6,2.4,0.8,0.8,0.2,0.5,0.438,0.397,0.585,2025-26
201950,Jrue Holiday,POR,50,29.3,16.4,4.5,6.2,1.1,0.1,2.7,0.455,0.39,0.83,2025-26
1630577,Julian Champagnie,SAS,79,27.7,11.2,5.8,1.5,0.8,0.4,0.9,0.437,0.384,0.841,2025-26
1641763,Julian Phillips,MIN,45,8.3,2.6,1.0,0.2,0.5,0.2,0.2,0.43,0.315,0.882,2025-26
1642882,Julian Reese,WAS,9,30.2,10.8,11.3,1.8,1.1,0.3,2.6,0.548,0.0,0.586,2025-26
1631124,Julian Strawther,DEN,54,14.4,6.6,1.9,1.0,0.4,0.1,0.6,0.462,0.364,0.813,2025-26
203944,Julius Randle,MIN,78,33.1,21.1,6.8,5.1,1.1,0.2,2.8,0.482,0.313,0.8,2025-26
1630551,Justin Champagnie,WAS,66,19.7,8.6,5.5,1.2,0.8,0.6,0.6,0.514,0.327,0.784,2025-26
1642348,Justin Edwards,PHI,61,15.2,6.0,1.5,1.3,0.8,0.2,0.6,0.45,0.365,0.846,2025-26
203994,Jusuf Nurkić,UTA,41,26.4,10.9,10.4,4.8,1.3,0.5,2.5,0.503,0.352,0.549,2025-26
1642354,KJ Simpson,DEN,18,13.8,4.9,1.9,2.4,0.9,0.0,1.3,0.34,0.3,0.611,2025-26
1642955,Kadary Richmond,WAS,3,22.3,8.3,3.3,2.7,2.7,0.3,0.7,0.625,0.5,1.0,2025-26
1642880,Kam Jones,IND,33,16.1,4.3,1.5,3.1,0.5,0.0,0.9,0.413,0.292,0.5,2025-26
1626157,Karl-Anthony Towns,NYK,73,31.0,20.1,11.9,3.0,0.9,0.5,2.5,0.499,0.37,0.855,2025-26
1631255,Karlo Matković,NOP,62,14.7,5.7,3.7,0.8,0.4,0.9,0.5,0.604,0.422,0.732,2025-26
1642857,Kasparas Jakučionis,MIA,49,17.8,6.2,2.6,2.6,0.6,0.1,1.0,0.424,0.418,0.883,2025-26
202695,Kawhi Leonard,LAC,62,32.1,28.0,6.3,3.6,1.9,0.4,2.0,0.505,0.384,0.9,2025-26
1630811,Keaton Wallace,ATL,51,9.7,3.5,1.0,1.7,0.5,0.1,0.5,0.42,0.398,0.643,2025-26
1631099,Keegan Murray,SAC,23,34.5,14.0,5.7,1.7,1.0,1.6,1.2,0.42,0.277,0.776,2025-26
1642276,Kel'el Ware,MIA,73,22.3,11.1,9.1,0.7,0.8,1.1,0.8,0.529,0.384,0.755,2025-26
1629640,Keldon Johnson,SAS,79,23.3,13.0,5.3,1.4,0.6,0.1,0.8,0.52,0.369,0.793,2025-26
203482,Kelly Olynyk,SAS,42,8.6,3.2,1.8,1.2,0.4,0.1,0.6,0.49,0.255,0.711,2025-26
1626162,Kelly Oubre Jr.,PHI,47,31.8,14.1,5.0,1.6,1.2,0.5,1.4,0.463,0.364,0.761,2025-26
1631113,Kennedy Chandler,UTA,9,30.1,12.0,2.8,6.2,0.8,0.2,1.8,0.394,0.321,0.677,2025-26
1629026,Kenrich Williams,OKC,52,14.9,6.4,3.1,1.3,0.6,0.1,0.8,0.498,0.412,0.64,2025-26
203484,Kentavious Caldwell-Pope,MEM,51,21.3,8.4,2.5,2.7,0.8,0.2,1.2,0.41,0.316,0.913,2025-26
1631165,Keon Ellis,CLE,70,20.5,6.8,1.9,1.0,1.2,0.6,0.6,0.444,0.367,0.721,2025-26
1642352,Keshad Johnson,MIA,28,7.5,3.6,1.8,0.1,0.4,0.3,0.4,0.439,0.316,0.68,2025-26
1642933,Keshon Gilbert,ATL,3,16.1,2.0,1.7,1.0,0.7,1.3,2.0,0.25,0.0,1.0,2025-26
201142,Kevin Durant,HOU,75,36.4,25.9,5.4,4.8,0.8,0.9,3.2,0.519,0.41,0.877,2025-26
1628989,Kevin Huerter,DET,67,22.6,10.0,3.5,2.6,0.9,0.5,1.1,0.451,0.305,0.768,2025-26
201567,Kevin Love,UTA,37,16.6,6.7,5.8,1.8,0.4,0.2,0.8,0.397,0.373,0.841,2025-26
1641755,Kevin McCullar Jr.,NYK,20,6.5,1.8,1.3,1.0,0.4,0.0,0.6,0.389,0.333,0.4,2025-26
1629645,Kevin Porter Jr.,MIL,38,33.2,17.4,5.2,7.4,2.2,0.5,2.9,0.465,0.322,0.878,2025-26
1626172,Kevon Looney,NOP,19,13.4,2.7,5.3,1.3,0.3,0.5,0.4,0.426,0.111,0.625,2025-26
1641718,Keyonte George,UTA,54,33.1,23.6,3.7,6.1,1.1,0.3,3.1,0.456,0.371,0.892,2025-26
1642863,Khaman Maluach,PHX,42,8.2,2.7,2.4,0.1,0.1,0.7,0.6,0.537,0.2,0.71,2025-26
203114,Khris Middleton,DAL,59,23.2,10.4,3.8,2.8,0.7,0.2,1.7,0.422,0.356,0.867,2025-26
1630165,Killian Hayes,SAC,20,16.5,4.7,2.4,3.6,0.7,0.2,1.2,0.289,0.245,0.938,2025-26
202691,Klay Thompson,DAL,67,21.8,11.7,2.1,1.4,0.5,0.3,0.9,0.397,0.388,0.756,2025-26
1641738,Kobe Brown,IND,58,15.3,5.6,2.9,1.3,0.3,0.2,0.8,0.466,0.37,0.804,2025-26
1641723,Kobe Bufkin,LAL,14,7.0,2.5,0.7,0.4,0.1,0.2,0.3,0.286,0.13,1.0,2025-26
1642920,Kobe Sanders,LAC,64,19.8,7.1,2.2,1.6,0.7,0.1,1.2,0.463,0.408,0.803,2025-26
1642886,Koby Brea,PHX,9,4.4,2.4,0.2,0.7,0.0,0.0,0.1,0.412,0.429,1.0,2025-26
1642851,Kon Knueppel,CHA,78,31.5,18.7,5.3,3.4,0.7,0.2,2.0,0.481,0.43,0.862,2025-26
1627739,Kris Dunn,LAC,78,27.3,7.5,3.3,3.6,1.6,0.2,1.3,0.483,0.382,0.765,2025-26
1631200,Kris Murray,POR,54,23.5,5.7,3.6,1.4,0.9,0.4,0.8,0.457,0.265,0.698,2025-26
204001,Kristaps Porziņģis,GSW,30,24.0,17.0,5.1,2.6,0.6,1.2,1.2,0.451,0.346,0.839,2025-26
203937,Kyle Anderson,MIN,40,19.5,5.9,3.4,2.8,1.0,0.6,1.0,0.522,0.4,0.705,2025-26
1642271,Kyle Filipowski,UTA,76,23.5,11.4,7.2,2.5,1.0,0.5,1.6,0.494,0.326,0.748,2025-26
1628398,Kyle Kuzma,MIL,68,26.2,13.1,4.6,2.6,0.7,0.4,1.7,0.491,0.345,0.724,2025-26
200768,Kyle Lowry,PHI,13,8.7,1.3,0.7,0.8,0.2,0.2,0.3,0.2,0.2,0.833,2025-26
1642273,Kyshawn George,WAS,48,29.0,14.8,5.1,4.5,1.0,0.9,2.6,0.438,0.381,0.802,2025-26
1643018,LJ Cryer,GSW,17,16.3,8.2,1.6,0.9,0.1,0.0,0.7,0.396,0.393,0.895,2025-26
1630163,LaMelo Ball,CHA,69,27.8,19.8,4.8,7.2,1.2,0.2,2.7,0.406,0.368,0.892,2025-26
1642950,Lachlan Olbrich,CHI,33,7.4,1.9,2.2,0.7,0.2,0.1,0.4,0.49,0.167,0.4,2025-26
1629013,Landry Shamet,NYK,49,22.9,9.5,1.8,1.4,0.6,0.2,0.6,0.439,0.392,0.711,2025-26
1626204,Larry Nance Jr.,CLE,33,12.5,3.5,2.6,0.9,0.6,0.2,0.5,0.397,0.333,0.455,2025-26
1628374,Lauri Markkanen,UTA,42,34.3,26.7,6.9,2.1,1.0,0.5,1.5,0.477,0.355,0.896,2025-26
1643133,Lawson Lovering,MEM,2,24.6,7.0,7.5,1.5,1.5,0.5,1.0,0.6,0.0,0.4,2025-26
2544,LeBron James,LAL,57,33.5,20.8,6.1,7.1,1.1,0.6,3.0,0.512,0.309,0.738,2025-26
1641778,Leaky Black,WAS,11,29.7,7.4,5.3,1.6,1.1,0.6,0.7,0.423,0.412,0.875,2025-26
1631159,Leonard Miller,CHI,42,13.8,6.9,3.5,0.7,0.3,0.2,0.7,0.54,0.313,0.744,2025-26
1642862,Liam McNeeley,CHA,30,12.1,4.4,2.4,0.8,0.2,0.1,0.4,0.404,0.4,0.821,2025-26
1630322,Lindy Waters III,SAS,40,7.1,2.4,0.7,0.5,0.2,0.0,0.2,0.375,0.342,0.667,2025-26
1628366,Lonzo Ball,CLE,35,20.8,4.6,4.0,3.9,1.3,0.3,1.5,0.301,0.272,0.667,2025-26
1631351,Lucas Williamson,MEM,4,26.0,7.3,3.3,2.8,1.0,0.0,1.3,0.3,0.318,1.0,2025-26
1629652,Luguentz Dort,OKC,65,27.2,8.5,3.7,1.2,0.8,0.4,0.8,0.385,0.342,0.759,2025-26
1629029,Luka Dončić,LAL,64,35.8,33.5,7.7,8.3,1.6,0.5,4.0,0.476,0.366,0.78,2025-26
1630568,Luka Garza,BOS,67,15.9,7.7,3.9,0.9,0.4,0.4,0.6,0.583,0.441,0.764,2025-26
1628379,Luke Kennard,LAL,74,21.4,8.2,2.4,2.1,0.6,0.1,0.8,0.532,0.481,0.931,2025-26
1628436,Luke Kornet,SAS,66,21.0,6.5,6.1,1.8,0.4,1.0,0.4,0.64,0.0,0.825,2025-26
1631247,Luke Travers,CLE,12,8.6,2.3,2.0,0.8,0.6,0.3,0.3,0.25,0.063,1.0,2025-26
1630644,Mac McClung,CHI,7,10.5,5.7,1.0,0.6,0.9,0.4,0.6,0.389,0.125,0.769,2025-26
1641869,Malachi Smith,BKN,11,18.5,6.8,2.3,2.1,1.0,0.4,1.0,0.492,0.462,1.0,2025-26
1631103,Malaki Branham,WAS,28,9.8,4.6,1.6,0.8,0.4,0.1,0.5,0.473,0.378,0.824,2025-26
1642502,Malevy Leons,GSW,21,9.7,2.6,1.9,0.7,0.5,0.3,0.4,0.423,0.231,0.636,2025-26
1628370,Malik Monk,SAC,60,22.4,12.6,1.9,3.1,0.6,0.4,1.5,0.435,0.392,0.879,2025-26
1630699,MarJon Beauchamp,PHI,13,14.9,7.1,2.4,1.2,0.7,0.3,1.0,0.432,0.348,0.706,2025-26
1631204,Marcus Sasser,DET,35,12.6,5.5,1.1,2.1,0.6,0.1,0.9,0.4,0.43,0.833,2025-26
203935,Marcus Smart,LAL,60,28.7,9.5,2.8,2.8,1.4,0.4,1.5,0.399,0.336,0.816,2025-26
1641813,Mark Sears,MIL,7,3.7,3.1,0.3,0.3,0.0,0.0,0.6,0.462,0.5,0.75,2025-26
1631109,Mark Williams,PHX,58,23.6,11.6,8.0,1.0,0.9,0.9,1.1,0.639,1.0,0.77,2025-26
1628365,Markelle Fultz,TOR,5,7.2,0.8,0.2,1.6,0.4,0.0,0.8,0.182,0.0,0.0,2025-26
1628963,Marvin Bagley III,DAL,57,20.0,10.2,6.1,1.4,0.5,0.7,1.0,0.616,0.465,0.652,2025-26
203486,Mason Plumlee,SAS,19,8.2,1.5,2.6,1.0,0.5,0.0,0.6,0.769,0.0,0.643,2025-26
1641824,Matas Buzelis,CHI,76,29.2,16.3,5.8,2.0,0.7,1.5,2.1,0.465,0.356,0.787,2025-26
1629680,Matisse Thybulle,POR,27,15.9,6.0,2.1,1.0,2.0,0.5,1.0,0.45,0.412,0.87,2025-26
1631108,Max Christie,DAL,73,29.3,12.2,3.3,2.0,0.6,0.3,1.3,0.443,0.404,0.893,2025-26
1642917,Max Shulga,BOS,9,1.4,0.4,0.1,0.2,0.0,0.0,0.1,0.25,0.0,1.0,2025-26
1629622,Max Strus,CLE,9,25.1,12.7,6.0,2.2,0.3,0.0,0.8,0.481,0.448,0.75,2025-26
1628467,Maxi Kleber,LAL,39,10.7,2.1,1.9,0.7,0.4,0.3,0.4,0.462,0.25,0.583,2025-26
1642875,Maxime Raynaud,SAC,71,26.2,12.1,7.5,1.3,0.5,0.5,1.2,0.567,0.292,0.782,2025-26
1642877,Micah Peavy,NOP,58,13.8,3.8,1.8,0.9,0.7,0.1,0.3,0.37,0.245,0.714,2025-26
1630695,Micah Potter,IND,43,18.7,9.3,4.5,1.5,0.4,0.3,0.9,0.516,0.434,0.87,2025-26
1629008,Michael Porter Jr.,BKN,52,32.5,24.2,7.1,3.0,1.1,0.3,2.3,0.463,0.363,0.859,2025-26
1628969,Mikal Bridges,NYK,79,33.3,14.7,3.9,3.7,1.3,0.8,1.0,0.488,0.369,0.825,2025-26
201144,Mike Conley,MIN,52,18.2,4.4,1.7,2.9,0.6,0.3,0.6,0.32,0.321,0.9,2025-26
1628970,Miles Bridges,CHA,74,31.2,17.4,5.8,3.2,0.6,0.4,1.4,0.46,0.336,0.831,2025-26
1642939,Miles Kelly,DAL,14,9.6,3.1,1.7,0.9,0.3,0.1,0.4,0.364,0.303,1.0,2025-26
1630540,Miles McBride,NYK,39,26.6,11.9,2.5,2.6,0.8,0.2,0.8,0.422,0.412,0.814,2025-26
1629011,Mitchell Robinson,NYK,59,19.6,5.6,8.8,0.9,0.9,1.2,0.7,0.723,0.0,0.406,2025-26
1628964,Mo Bamba,UTA,4,11.0,2.5,5.5,0.3,0.0,0.8,0.5,0.455,0.0,0.0,2025-26
1642885,Mohamed Diawara,NYK,67,8.8,3.6,1.3,0.7,0.2,0.1,0.4,0.436,0.39,0.737,2025-26
1628420,Monte Morris,IND,6,10.8,3.0,1.2,1.5,0.2,0.2,0.3,0.35,0.25,0.5,2025-26
1629021,Moritz Wagner,ORL,35,12.0,6.9,3.2,0.7,0.4,0.1,0.5,0.429,0.324,0.819,2025-26
1630541,Moses Moody,GSW,60,25.7,12.1,3.3,1.6,1.0,0.6,1.0,0.44,0.401,0.77,2025-26
1631243,Mouhamed Gueye,ATL,75,15.3,4.5,3.6,0.9,0.8,0.5,0.4,0.452,0.304,0.645,2025-26
1630619,Moussa Cisse,DAL,35,12.8,3.9,5.1,0.2,0.4,1.1,0.7,0.589,0.0,0.439,2025-26
1631217,Moussa Diabaté,CHA,70,25.9,8.0,8.8,1.9,0.8,1.0,1.0,0.632,0.5,0.663,2025-26
1626167,Myles Turner,MIL,70,26.9,11.9,5.3,1.4,0.7,1.6,1.2,0.438,0.385,0.744,2025-26
1642066,Myron Gardner,MIA,41,9.6,3.9,2.9,1.0,0.5,0.2,0.4,0.479,0.406,0.731,2025-26
1642368,N'Faly Dante,ATL,4,3.9,0.8,1.8,0.0,0.5,0.0,0.3,0.25,0.0,1.0,2025-26
1641772,Nae'Qwan Tomlin,CLE,62,15.3,5.5,2.8,0.8,0.6,0.5,0.4,0.473,0.215,0.754,2025-26
1630230,Naji Marshall,DAL,73,29.6,15.4,4.7,3.3,1.1,0.1,1.6,0.513,0.292,0.76,2025-26
1631466,Nate Williams,GSW,12,16.0,7.2,2.0,0.8,0.4,0.0,0.9,0.485,0.429,0.846,2025-26
1629675,Naz Reid,MIN,75,26.1,13.5,6.3,2.2,0.9,1.0,1.6,0.452,0.361,0.733,2025-26
1629674,Neemias Queta,BOS,73,25.5,10.2,8.4,1.6,0.8,1.3,1.0,0.648,0.0,0.699,2025-26
1629651,Nic Claxton,BKN,69,27.8,11.7,6.9,3.7,0.7,1.1,1.4,0.571,0.158,0.616,2025-26
1630208,Nick Richards,CHI,48,14.6,5.8,5.1,0.3,0.2,0.7,1.2,0.512,0.278,0.644,2025-26
1641733,Nick Smith Jr.,LAL,26,12.3,5.6,0.8,1.1,0.3,0.1,0.7,0.418,0.386,0.636,2025-26
1629638,Nickeil Alexander-Walker,ATL,76,33.3,20.8,3.5,3.7,1.3,0.5,2.1,0.457,0.399,0.902,2025-26
201587,Nicolas Batum,LAC,71,17.8,4.0,2.5,0.9,0.7,0.3,0.5,0.398,0.398,0.818,2025-26
1628502,Nigel Hayes-Davis,PHX,27,7.2,1.3,1.2,0.3,0.3,0.1,0.3,0.326,0.125,0.5,2025-26
203999,Nikola Jokić,DEN,63,35.2,28.0,12.9,10.9,1.4,0.8,3.8,0.568,0.38,0.829,2025-26
1631107,Nikola Jović,MIA,47,17.2,7.3,3.3,2.2,0.6,0.4,1.4,0.366,0.269,0.683,2025-26
1642260,Nikola Topić,OKC,7,10.4,2.9,1.7,2.3,0.0,0.0,1.7,0.421,0.333,1.0,2025-26
202696,Nikola Vučević,BOS,61,28.7,15.4,8.5,3.3,0.6,0.7,1.3,0.495,0.37,0.835,2025-26
1642363,Nique Clifford,SAC,72,24.6,8.2,3.7,2.3,0.9,0.3,1.5,0.414,0.336,0.688,2025-26
1642855,Noa Essengue,CHI,2,3.0,0.0,0.0,0.0,0.5,0.0,0.0,0.0,0.0,0.0,2025-26
1641730,Noah Clowney,BKN,66,27.0,12.3,4.1,1.6,0.8,0.7,1.5,0.396,0.329,0.804,2025-26
1642869,Noah Penda,ORL,57,13.0,4.0,3.3,1.2,0.5,0.3,0.7,0.41,0.33,0.688,2025-26
1642849,Nolan Traore,BKN,54,22.6,8.9,1.7,3.9,0.8,0.4,2.3,0.378,0.324,0.78,2025-26
1641807,Norchad Omier,LAC,4,4.8,3.3,1.3,0.5,0.3,0.0,0.0,0.833,0.0,1.0,2025-26
1626181,Norman Powell,MIA,55,30.1,22.1,3.6,2.6,1.1,0.3,1.9,0.473,0.384,0.825,2025-26
1628384,OG Anunoby,NYK,65,33.4,17.0,5.3,2.2,1.6,0.7,1.9,0.486,0.388,0.826,2025-26
1630167,Obi Toppin,IND,20,17.3,10.6,4.3,2.3,0.6,0.1,1.1,0.493,0.329,0.892,2025-26
1630534,Ochai Agbaji,BKN,62,15.7,5.1,2.3,0.8,0.4,0.3,0.5,0.436,0.266,0.837,2025-26
1630846,Olivier Sarr,CLE,2,2.7,0.5,0.0,0.0,0.0,0.0,0.0,0.0,0.0,0.5,2025-26
1641765,Olivier-Maxence Prosper,MEM,53,18.6,10.0,3.5,1.0,0.8,0.2,0.9,0.549,0.405,0.754,2025-26
1630209,Omer Yurtseven,GSW,9,11.6,3.8,3.3,0.9,0.2,0.1,1.0,0.423,0.0,0.667,2025-26
1630168,Onyeka Okongwu,ATL,72,31.1,15.3,7.7,3.2,1.1,1.1,1.8,0.479,0.377,0.758,2025-26
1631115,Orlando Robinson,ORL,4,6.2,1.8,1.0,0.8,0.3,0.0,0.0,0.6,0.5,0.0,2025-26
1631131,Oscar Tshiebwe,UTA,24,15.3,6.4,5.5,1.1,0.5,0.1,0.6,0.626,0.0,0.541,2025-26
1642345,Oso Ighodaro,PHX,78,22.3,6.5,5.1,2.3,0.9,0.7,1.2,0.654,0.0,0.451,2025-26
1631172,Ousmane Dieng,MIL,53,18.2,7.2,2.9,2.1,0.4,0.3,1.0,0.424,0.364,0.722,2025-26
1629023,P.J. Washington,DAL,56,31.0,14.2,7.0,1.8,1.0,1.1,1.7,0.45,0.325,0.687,2025-26
1641790,PJ Hall,CHA,19,11.2,4.5,3.9,0.5,0.2,0.5,0.8,0.508,0.6,0.793,2025-26
1642359,Pacôme Dadiet,NYK,27,3.9,1.3,0.8,0.4,0.1,0.0,0.1,0.314,0.24,1.0,2025-26
1631094,Paolo Banchero,ORL,69,34.9,22.3,8.4,5.1,0.7,0.6,3.0,0.459,0.309,0.778,2025-26
1627783,Pascal Siakam,IND,62,33.2,24.0,6.6,3.8,1.1,0.4,2.2,0.484,0.358,0.693,2025-26
1626192,Pat Connaughton,CHA,40,7.3,2.8,1.5,0.5,0.3,0.0,0.3,0.458,0.412,0.65,2025-26
1630311,Pat Spencer,GSW,62,18.0,7.1,2.4,3.5,0.7,0.1,1.3,0.433,0.36,0.782,2025-26
1631116,Patrick Baldwin Jr.,SAC,9,11.4,3.7,2.6,0.6,0.3,0.6,0.6,0.407,0.429,0.714,2025-26
1630172,Patrick Williams,CHI,68,19.7,6.6,2.8,1.3,0.6,0.3,1.0,0.369,0.34,0.682,2025-26
202331,Paul George,PHI,34,31.1,17.7,5.4,3.8,1.8,0.5,1.7,0.438,0.405,0.827,2025-26
1630194,Paul Reed,DET,62,13.9,7.5,4.5,1.2,0.9,0.9,0.9,0.6,0.333,0.65,2025-26
1630202,Payton Pritchard,BOS,76,32.4,17.0,4.0,5.1,0.8,0.1,1.4,0.462,0.372,0.888,2025-26
1642362,Payton Sandfort,OKC,2,3.5,2.0,1.0,0.0,0.0,0.0,0.5,0.2,0.25,0.5,2025-26
1641796,Pelle Larsson,MIA,67,26.3,11.3,3.5,3.4,0.7,0.2,1.4,0.5,0.322,0.792,2025-26
1631250,Pete Nance,MIL,45,15.4,5.5,2.7,0.9,0.3,0.3,0.6,0.533,0.438,0.333,2025-26
1631212,Peyton Watson,DEN,54,29.6,14.6,4.9,2.1,0.9,1.1,1.7,0.491,0.411,0.73,2025-26
1630173,Precious Achiuwa,SAC,70,23.6,9.9,6.7,1.3,0.9,0.7,0.9,0.538,0.307,0.548,2025-26
1629656,Quentin Grimes,PHI,72,29.7,13.4,3.7,3.3,0.9,0.4,1.8,0.451,0.331,0.837,2025-26
1631245,Quenton Jackson,IND,45,17.5,8.7,2.3,2.6,0.6,0.1,1.2,0.479,0.375,0.814,2025-26
1642366,Quinten Post,GSW,67,17.3,7.7,4.0,1.4,0.4,0.5,0.8,0.44,0.336,0.791,2025-26
1629628,RJ Barrett,TOR,54,30.2,19.1,5.2,3.4,0.7,0.3,1.8,0.492,0.344,0.712,2025-26
1642853,Rasheer Fleming,PHX,51,11.7,4.2,2.3,0.2,0.4,0.4,0.4,0.407,0.345,0.563,2025-26
1642484,RayJ Dennis,ATL,16,11.2,4.0,1.4,1.9,0.3,0.3,0.9,0.301,0.308,0.889,2025-26
1641712,Rayan Rupert,MEM,62,16.0,4.8,2.6,1.0,0.8,0.1,0.7,0.396,0.342,0.76,2025-26
1642263,Reed Sheppard,HOU,78,26.5,13.6,2.9,3.4,1.5,0.7,1.6,0.431,0.397,0.81,2025-26
1642434,Riley Minix,CLE,7,3.6,2.7,0.7,0.6,0.1,0.0,0.3,0.667,0.5,0.0,2025-26
1642265,Rob Dillingham,CHI,61,14.1,5.6,1.8,2.2,0.7,0.1,1.4,0.383,0.306,0.744,2025-26
1629057,Robert Williams III,POR,56,17.1,6.7,6.9,1.0,0.6,1.5,0.8,0.712,0.333,0.608,2025-26
1642911,Rocco Zikarsky,MIN,4,4.1,1.5,1.3,0.0,0.0,0.8,0.0,0.6,0.0,0.0,2025-26
1631199,Ron Harper Jr.,BOS,27,10.0,3.3,1.5,0.6,0.2,0.3,0.2,0.398,0.344,0.5,2025-26
1641842,Ronald Holland II,DET,75,19.8,8.1,4.0,1.2,1.2,0.3,1.2,0.43,0.232,0.801,2025-26
1626220,Royce O'Neale,PHX,75,28.7,9.8,4.8,2.7,1.1,0.4,1.4,0.419,0.408,0.722,2025-26
203497,Rudy Gobert,MIN,75,31.3,11.0,11.5,1.7,0.8,1.6,1.4,0.685,0.0,0.525,2025-26
1629060,Rui Hachimura,LAL,64,28.3,11.2,3.2,0.8,0.5,0.3,0.6,0.51,0.434,0.733,2025-26
201566,Russell Westbrook,SAC,64,28.9,15.2,5.4,6.7,1.3,0.2,3.3,0.427,0.338,0.694,2025-26
1642346,Ryan Dunn,PHX,66,19.3,5.8,4.2,1.4,0.9,0.4,0.8,0.452,0.335,0.476,2025-26
1641750,Ryan Kalkbrenner,CHA,66,21.5,7.6,5.5,0.8,0.5,1.5,0.9,0.746,0.0,0.708,2025-26
1642948,Ryan Nembhard,DAL,56,18.7,6.2,2.0,4.9,0.4,0.0,1.4,0.409,0.365,0.769,2025-26
1631157,Ryan Rollins,MIL,73,32.1,17.2,4.6,5.6,1.5,0.4,2.7,0.473,0.409,0.788,2025-26
1630180,Saddiq Bey,NOP,72,31.2,17.7,5.6,2.5,0.9,0.1,0.9,0.451,0.367,0.841,2025-26
1630573,Sam Hauser,BOS,75,24.8,9.1,3.8,1.4,0.5,0.3,0.5,0.418,0.389,0.85,2025-26
1630241,Sam Merrill,CLE,51,26.5,12.9,2.6,2.4,0.6,0.1,0.8,0.459,0.419,0.855,2025-26
1630572,Sandro Mamukelashvili,TOR,76,21.9,11.2,4.9,1.9,0.8,0.5,0.8,0.523,0.386,0.753,2025-26
1630583,Santi Aldama,MEM,43,27.9,14.0,6.7,2.9,0.9,0.7,1.3,0.479,0.35,0.667,2025-26
1630703,Scoot Henderson,POR,27,24.1,14.2,2.7,3.8,0.7,0.3,2.5,0.418,0.357,0.839,2025-26
1630567,Scottie Barnes,TOR,76,33.7,18.1,7.5,5.9,1.5,1.5,2.7,0.502,0.292,0.813,2025-26
1630590,Scotty Pippen Jr.,MEM,10,21.2,11.4,2.2,4.7,1.9,0.4,2.7,0.448,0.313,0.783,2025-26
1642951,Sean Pedulla,LAC,5,5.3,2.6,0.4,0.8,0.0,0.0,0.0,0.385,0.333,0.0,2025-26
203552,Seth Curry,GSW,7,11.6,6.4,1.3,1.0,0.4,0.0,0.1,0.552,0.467,1.0,2025-26
1631101,Shaedon Sharpe,POR,48,30.0,21.4,4.4,2.6,1.4,0.1,3.0,0.456,0.34,0.784,2025-26
1628983,Shai Gilgeous-Alexander,OKC,66,33.3,31.4,4.4,6.5,1.4,0.8,2.2,0.552,0.383,0.88,2025-26
1630536,Sharife Cooper,WAS,37,16.5,7.5,2.2,2.8,0.3,0.1,1.4,0.488,0.354,0.818,2025-26
1631321,Sidy Cissoko,POR,72,19.7,5.3,2.3,1.5,0.7,0.3,1.0,0.398,0.299,0.651,2025-26
1631323,Simone Fontecchio,MIA,69,16.6,8.3,3.0,1.4,0.5,0.1,0.7,0.403,0.366,0.84,2025-26
1642883,Sion James,CHA,79,22.6,5.4,3.5,2.0,0.6,0.3,0.8,0.377,0.362,0.845,2025-26
1627746,Skal Labissiere,WAS,3,12.5,4.3,3.0,1.0,0.7,0.3,0.3,0.6,0.2,0.0,2025-26
1642461,Spencer Jones,DEN,64,22.1,5.5,3.3,0.8,0.8,0.5,0.5,0.504,0.396,0.608,2025-26
1630649,Stanley Umude,SAS,2,3.3,1.0,0.0,0.5,0.5,0.0,0.0,0.5,0.0,0.0,2025-26
201939,Stephen Curry,GSW,40,31.2,27.3,3.5,4.8,1.1,0.4,2.8,0.469,0.393,0.928,2025-26
1642264,Stephon Castle,SAS,67,30.0,16.8,5.2,7.4,1.1,0.3,3.2,0.473,0.328,0.737,2025-26
203500,Steven Adams,HOU,32,22.8,5.8,8.6,1.5,0.7,0.6,1.1,0.504,0.0,0.58,2025-26
1629004,Svi Mykhailiuk,UTA,50,23.1,9.4,2.5,1.9,0.5,0.1,0.8,0.478,0.408,0.893,2025-26
204456,T.J. McConnell,IND,56,17.2,9.4,2.2,5.1,1.0,0.2,1.1,0.538,0.32,0.862,2025-26
1643007,Taelon Peter,IND,34,12.1,4.3,1.4,1.0,0.6,0.1,0.6,0.381,0.339,0.538,2025-26
201959,Taj Gibson,MEM,8,9.1,3.5,2.6,0.6,0.3,0.1,0.1,0.526,0.5,0.833,2025-26
1631106,Tari Eason,HOU,56,25.8,10.4,6.3,1.5,1.2,0.5,1.4,0.411,0.363,0.75,2025-26
1627752,Taurean Prince,MIL,22,21.8,8.0,2.4,1.5,0.6,0.2,1.0,0.46,0.434,1.0,2025-26
1641707,Taylor Hendricks,MEM,58,18.9,7.3,3.7,0.9,0.8,0.5,0.8,0.452,0.337,0.671,2025-26
1629611,Terance Mann,BKN,63,24.3,7.2,3.2,3.0,0.7,0.2,1.1,0.457,0.364,0.788,2025-26
1630545,Terrence Shannon Jr.,MIN,39,11.3,4.0,1.1,0.7,0.3,0.0,0.5,0.411,0.382,0.773,2025-26
203648,Thanasis Antetokounmpo,MIL,32,3.6,1.2,0.9,0.3,0.4,0.2,0.3,0.48,0.0,0.577,2025-26
1628418,Thomas Bryant,CLE,60,12.2,6.2,3.4,0.6,0.3,0.4,0.5,0.506,0.359,0.803,2025-26
1642275,Tidjane Salaün,CHA,36,15.9,6.2,4.1,0.8,0.4,0.2,0.7,0.506,0.434,0.65,2025-26
203501,Tim Hardaway Jr.,DEN,78,26.7,13.5,2.6,1.3,0.5,0.1,0.6,0.448,0.409,0.813,2025-26
202699,Tobias Harris,DET,60,27.9,13.2,5.1,2.6,0.9,0.4,1.0,0.464,0.349,0.873,2025-26
1643253,Toby Okani,MEM,3,33.8,6.3,4.0,0.3,0.7,0.3,0.7,0.286,0.25,0.0,2025-26
1642449,Tolu Smith,DET,13,10.0,3.9,3.5,0.9,0.2,0.5,0.5,0.515,0.0,0.654,2025-26
1628396,Tony Bradley,ATL,39,10.8,3.9,2.8,0.5,0.2,0.2,0.5,0.546,0.5,0.744,2025-26
1641787,Tosan Evbuomwan,CHA,5,1.5,0.0,0.4,0.0,0.0,0.0,0.0,0.0,0.0,0.0,2025-26
1641739,Toumani Camara,POR,79,33.2,13.4,5.2,2.4,1.1,0.4,1.8,0.442,0.371,0.708,2025-26
1629027,Trae Young,WAS,15,25.6,17.9,2.0,8.0,0.9,0.1,2.6,0.458,0.338,0.825,2025-26
1631218,Trayce Jackson-Davis,TOR,51,9.6,3.5,2.8,0.8,0.3,0.5,0.5,0.57,1.0,0.514,2025-26
1642848,Tre Johnson,WAS,60,24.0,12.2,2.8,2.0,0.6,0.3,1.6,0.419,0.358,0.874,2025-26
1630200,Tre Jones,CHI,61,27.1,13.7,3.1,5.4,1.2,0.2,1.4,0.554,0.319,0.825,2025-26
1630544,Tre Mann,CHA,51,13.0,5.7,1.8,1.7,0.5,0.1,1.0,0.362,0.327,0.852,2025-26
1630570,Trendon Watford,PHI,52,16.5,6.6,3.3,2.5,0.3,0.4,1.2,0.513,0.2,0.779,2025-26
1642280,Trentyn Flowers,CHI,2,2.8,2.0,0.5,0.5,0.0,0.0,0.5,0.667,0.0,0.0,2025-26
1630286,Trevon Scott,BKN,2,17.9,5.0,5.0,2.0,0.5,1.0,0.0,0.5,0.333,1.0,2025-26
1631211,Trevor Keels,MIA,4,1.2,0.0,0.5,0.0,0.0,0.0,0.0,0.0,0.0,0.0,2025-26
1641725,Trey Alexander,NOP,6,8.8,3.2,1.0,0.8,0.3,0.2,0.3,0.615,0.75,0.0,2025-26
1641998,Trey Jemison III,NYK,11,5.5,0.8,1.5,0.3,0.1,0.2,0.5,0.571,0.0,1.0,2025-26
1630530,Trey Murphy III,NOP,66,35.5,21.5,5.7,3.8,1.5,0.4,1.8,0.47,0.379,0.886,2025-26
1642400,Tristan Enaruna,CLE,7,6.5,2.1,1.4,0.4,0.1,0.0,0.3,0.389,0.167,0.0,2025-26
1641774,Tristan Vukcevic,WAS,49,13.7,9.0,3.0,1.1,0.5,0.7,1.3,0.479,0.347,0.784,2025-26
1641783,Tristan da Silva,ORL,74,24.8,10.0,3.7,1.5,0.9,0.3,0.9,0.449,0.379,0.882,2025-26
1629660,Ty Jerome,MEM,15,22.6,19.7,2.8,5.7,1.1,0.3,1.8,0.474,0.42,0.875,2025-26
1631102,TyTy Washington Jr.,LAC,13,5.9,1.6,0.4,1.2,0.3,0.2,0.2,0.474,0.375,0.0,2025-26
1631174,Tyler Burton,MEM,12,25.6,10.8,4.2,1.0,0.9,0.3,0.9,0.375,0.333,0.852,2025-26
1629639,Tyler Herro,MIA,30,31.7,21.4,4.6,3.9,0.7,0.4,2.0,0.481,0.382,0.923,2025-26
1642278,Tyler Kolek,NYK,62,11.7,4.4,1.6,2.7,0.4,0.1,0.9,0.435,0.386,0.7,2025-26
1641890,Tyler Smith,DAL,8,9.6,2.6,2.8,0.3,0.3,0.0,0.4,0.32,0.188,0.5,2025-26
1631213,Tyrese Martin,PHI,45,17.2,6.4,2.6,1.7,0.6,0.1,0.9,0.394,0.321,0.679,2025-26
1630178,Tyrese Maxey,PHI,67,38.2,28.4,4.1,6.7,1.9,0.8,2.5,0.463,0.369,0.891,2025-26
1642878,Tyrese Proctor,CLE,48,10.4,4.9,1.1,1.3,0.5,0.0,0.6,0.393,0.336,0.881,2025-26
1630623,Tyson Etienne,BKN,20,12.2,6.2,0.6,1.4,0.5,0.0,0.6,0.425,0.431,0.9,2025-26
1626145,Tyus Jones,DEN,65,14.4,2.8,1.0,2.3,0.6,0.0,0.3,0.346,0.277,0.778,2025-26
1642845,VJ Edgecombe,PHI,72,34.9,16.0,5.6,4.0,1.4,0.5,1.8,0.438,0.357,0.827,2025-26
1641705,Victor Wembanyama,SAS,63,29.2,24.8,11.5,3.1,1.0,3.1,2.4,0.51,0.35,0.825,2025-26
1631246,Vince Williams Jr.,UTA,40,20.5,7.5,3.9,4.2,0.7,0.4,1.8,0.353,0.311,0.78,2025-26
1642884,Vladislav Goldin,MIA,5,2.8,0.8,0.8,0.4,0.0,0.2,0.2,0.667,0.0,0.0,2025-26
1630249,Vít Krejčí,POR,64,21.7,8.6,2.3,1.6,0.7,0.3,0.6,0.448,0.391,0.745,2025-26
1631117,Walker Kessler,UTA,5,30.8,14.4,10.8,3.0,1.4,1.8,3.2,0.703,0.75,0.7,2025-26
1642383,Walter Clayton Jr.,MEM,68,20.4,7.7,2.0,4.1,0.6,0.3,1.7,0.381,0.305,0.898,2025-26
1628976,Wendell Carter Jr.,ORL,75,29.5,12.1,7.4,2.0,0.8,0.6,1.3,0.516,0.324,0.8,2025-26
1631111,Wendell Moore Jr.,DET,5,10.9,2.0,1.2,0.6,0.4,0.4,0.2,0.571,0.0,1.0,2025-26
1642954,Will Richard,GSW,67,20.2,6.6,2.5,1.4,1.2,0.1,0.8,0.474,0.341,0.852,2025-26
1642860,Will Riley,WAS,70,21.4,10.2,2.7,1.9,0.7,0.1,1.2,0.456,0.338,0.795,2025-26
1630214,Xavier Tillman,CHA,29,6.2,1.4,1.4,0.4,0.3,0.2,0.3,0.422,0.167,0.25,2025-26
1642905,Yang Hansen,POR,41,7.2,2.3,1.6,0.5,0.1,0.2,0.8,0.31,0.119,0.824,2025-26
1642949,Yanic Konan Niederhäuser,LAC,41,10.3,4.3,2.9,0.3,0.1,0.7,0.6,0.64,0.2,0.758,2025-26
1642530,Yuki Kawamura,CHI,14,10.5,2.8,1.8,2.7,0.6,0.0,0.9,0.333,0.35,0.923,2025-26
1642274,Yves Missi,NOP,66,19.7,5.7,5.8,1.3,0.3,1.5,0.8,0.544,0.0,0.559,2025-26
1642258,Zaccharie Risacher,ATL,65,22.5,9.6,3.8,1.1,0.9,0.5,0.8,0.457,0.373,0.636,2025-26
1628380,Zach Collins,CHI,10,18.4,9.7,5.6,1.5,0.2,0.4,1.0,0.578,0.429,0.7,2025-26
1641744,Zach Edey,MEM,11,25.8,13.6,11.1,1.1,0.6,1.9,2.4,0.633,0.2,0.781,2025-26
203897,Zach LaVine,SAC,39,31.4,19.2,2.8,2.3,0.7,0.3,1.9,0.479,0.39,0.88,2025-26
1630192,Zeke Nnaji,DEN,49,11.9,3.7,2.6,0.5,0.3,0.4,0.5,0.471,0.265,0.773,2025-26
1630533,Ziaire Williams,BKN,56,22.9,10.2,2.4,1.1,1.4,0.4,1.1,0.425,0.343,0.85,2025-26
1629627,Zion Williamson,NOP,62,29.7,21.0,5.7,3.2,1.0,0.5,2.0,0.6,0.25,0.716,2025-26
1642389,Zyon Pullin,MIN,3,2.8,1.3,0.0,1.3,0.3,0.0,1.0,1.0,0.0,1.0,2025-26
